ERROR 2026-08-16 19:54:53,639 log 542561 132395153438400 Internal Server Error: /accounts/login/
Traceback (most recent call last):
  File "/home/pc/ProjectManagerDashboard/.venv/lib/python3.12/site-packages/django/db/backends/utils.py", line 105, in _execute
    return self.cursor.execute(sql, params)
           ^^^^^^^^^^^^^^^^^^^^^^^^^^^^^^^^
  File "/home/pc/ProjectManagerDashboard/.venv/lib/python3.12/site-packages/django/db/backends/mysql/base.py", line 76, in execute
    return self.cursor.execute(query, args)
           ^^^^^^^^^^^^^^^^^^^^^^^^^^^^^^^^
  File "/home/pc/ProjectManagerDashboard/.venv/lib/python3.12/site-packages/pymysql/cursors.py", line 159, in execute
    result = self._query(query)
             ^^^^^^^^^^^^^^^^^^
  File "/home/pc/ProjectManagerDashboard/.venv/lib/python3.12/site-packages/pymysql/cursors.py", line 330, in _query
    conn.query(q)
  File "/home/pc/ProjectManagerDashboard/.venv/lib/python3.12/site-packages/pymysql/connections.py", line 582, in query
    self._affected_rows = self._read_query_result(unbuffered=unbuffered)
                          ^^^^^^^^^^^^^^^^^^^^^^^^^^^^^^^^^^^^^^^^^^^^^^
  File "/home/pc/ProjectManagerDashboard/.venv/lib/python3.12/site-packages/pymysql/connections.py", line 847, in _read_query_result
    result.read()
  File "/home/pc/ProjectManagerDashboard/.venv/lib/python3.12/site-packages/pymysql/connections.py", line 1245, in read
    first_packet = self.connection._read_packet()
                   ^^^^^^^^^^^^^^^^^^^^^^^^^^^^^^
  File "/home/pc/ProjectManagerDashboard/.venv/lib/python3.12/site-packages/pymysql/connections.py", line 803, in _read_packet
    packet.raise_for_error()
  File "/home/pc/ProjectManagerDashboard/.venv/lib/python3.12/site-packages/pymysql/protocol.py", line 219, in raise_for_error
    err.raise_mysql_exception(self._data)
  File "/home/pc/ProjectManagerDashboard/.venv/lib/python3.12/site-packages/pymysql/err.py", line 154, in raise_mysql_exception
    raise errorclass(errno, errval, sqlstate=sqlstate)
pymysql.err.ProgrammingError: (1146, "Table 'ufvuikiv_project_manager_db.django_session' doesn't exist")

The above exception was the direct cause of the following exception:

Traceback (most recent call last):
  File "/home/pc/ProjectManagerDashboard/.venv/lib/python3.12/site-packages/django/core/handlers/exception.py", line 55, in inner
    response = get_response(request)
               ^^^^^^^^^^^^^^^^^^^^^
  File "/home/pc/ProjectManagerDashboard/.venv/lib/python3.12/site-packages/django/utils/deprecation.py", line 122, in __call__
    response = self.process_response(request, response)
               ^^^^^^^^^^^^^^^^^^^^^^^^^^^^^^^^^^^^^^^^
  File "/home/pc/ProjectManagerDashboard/.venv/lib/python3.12/site-packages/django/contrib/sessions/middleware.py", line 59, in process_response
    request.session.save()
  File "/home/pc/ProjectManagerDashboard/.venv/lib/python3.12/site-packages/django/contrib/sessions/backends/db.py", line 121, in save
    return self.create()
           ^^^^^^^^^^^^^
  File "/home/pc/ProjectManagerDashboard/.venv/lib/python3.12/site-packages/django/contrib/sessions/backends/db.py", line 70, in create
    self._session_key = self._get_new_session_key()
                        ^^^^^^^^^^^^^^^^^^^^^^^^^^^
  File "/home/pc/ProjectManagerDashboard/.venv/lib/python3.12/site-packages/django/contrib/sessions/backends/base.py", line 196, in _get_new_session_key
    if not self.exists(session_key):
           ^^^^^^^^^^^^^^^^^^^^^^^^
  File "/home/pc/ProjectManagerDashboard/.venv/lib/python3.12/site-packages/django/contrib/sessions/backends/db.py", line 63, in exists
    return self.model.objects.filter(session_key=session_key).exists()
           ^^^^^^^^^^^^^^^^^^^^^^^^^^^^^^^^^^^^^^^^^^^^^^^^^^^^^^^^^^^
  File "/home/pc/ProjectManagerDashboard/.venv/lib/python3.12/site-packages/django/db/models/query.py", line 1296, in exists
    return self.query.has_results(using=self.db)
           ^^^^^^^^^^^^^^^^^^^^^^^^^^^^^^^^^^^^^
  File "/home/pc/ProjectManagerDashboard/.venv/lib/python3.12/site-packages/django/db/models/sql/query.py", line 674, in has_results
    return compiler.has_results()
           ^^^^^^^^^^^^^^^^^^^^^^
  File "/home/pc/ProjectManagerDashboard/.venv/lib/python3.12/site-packages/django/db/models/sql/compiler.py", line 1591, in has_results
    return bool(self.execute_sql(SINGLE))
                ^^^^^^^^^^^^^^^^^^^^^^^^
  File "/home/pc/ProjectManagerDashboard/.venv/lib/python3.12/site-packages/django/db/models/sql/compiler.py", line 1623, in execute_sql
    cursor.execute(sql, params)
  File "/home/pc/ProjectManagerDashboard/.venv/lib/python3.12/site-packages/django/db/backends/utils.py", line 79, in execute
    return self._execute_with_wrappers(
           ^^^^^^^^^^^^^^^^^^^^^^^^^^^^
  File "/home/pc/ProjectManagerDashboard/.venv/lib/python3.12/site-packages/django/db/backends/utils.py", line 92, in _execute_with_wrappers
    return executor(sql, params, many, context)
           ^^^^^^^^^^^^^^^^^^^^^^^^^^^^^^^^^^^^
  File "/home/pc/ProjectManagerDashboard/.venv/lib/python3.12/site-packages/django/db/backends/utils.py", line 100, in _execute
    with self.db.wrap_database_errors:
  File "/home/pc/ProjectManagerDashboard/.venv/lib/python3.12/site-packages/django/db/utils.py", line 91, in __exit__
    raise dj_exc_value.with_traceback(traceback) from exc_value
  File "/home/pc/ProjectManagerDashboard/.venv/lib/python3.12/site-packages/django/db/backends/utils.py", line 105, in _execute
    return self.cursor.execute(sql, params)
           ^^^^^^^^^^^^^^^^^^^^^^^^^^^^^^^^
  File "/home/pc/ProjectManagerDashboard/.venv/lib/python3.12/site-packages/django/db/backends/mysql/base.py", line 76, in execute
    return self.cursor.execute(query, args)
           ^^^^^^^^^^^^^^^^^^^^^^^^^^^^^^^^
  File "/home/pc/ProjectManagerDashboard/.venv/lib/python3.12/site-packages/pymysql/cursors.py", line 159, in execute
    result = self._query(query)
             ^^^^^^^^^^^^^^^^^^
  File "/home/pc/ProjectManagerDashboard/.venv/lib/python3.12/site-packages/pymysql/cursors.py", line 330, in _query
    conn.query(q)
  File "/home/pc/ProjectManagerDashboard/.venv/lib/python3.12/site-packages/pymysql/connections.py", line 582, in query
    self._affected_rows = self._read_query_result(unbuffered=unbuffered)
                          ^^^^^^^^^^^^^^^^^^^^^^^^^^^^^^^^^^^^^^^^^^^^^^
  File "/home/pc/ProjectManagerDashboard/.venv/lib/python3.12/site-packages/pymysql/connections.py", line 847, in _read_query_result
    result.read()
  File "/home/pc/ProjectManagerDashboard/.venv/lib/python3.12/site-packages/pymysql/connections.py", line 1245, in read
    first_packet = self.connection._read_packet()
                   ^^^^^^^^^^^^^^^^^^^^^^^^^^^^^^
  File "/home/pc/ProjectManagerDashboard/.venv/lib/python3.12/site-packages/pymysql/connections.py", line 803, in _read_packet
    packet.raise_for_error()
  File "/home/pc/ProjectManagerDashboard/.venv/lib/python3.12/site-packages/pymysql/protocol.py", line 219, in raise_for_error
    err.raise_mysql_exception(self._data)
  File "/home/pc/ProjectManagerDashboard/.venv/lib/python3.12/site-packages/pymysql/err.py", line 154, in raise_mysql_exception
    raise errorclass(errno, errval, sqlstate=sqlstate)
django.db.utils.ProgrammingError: (1146, "Table 'ufvuikiv_project_manager_db.django_session' doesn't exist")
ERROR 2026-08-16 19:54:53,639 log 542561 132395153438400 Internal Server Error: /accounts/login/
Traceback (most recent call last):
  File "/home/pc/ProjectManagerDashboard/.venv/lib/python3.12/site-packages/django/db/backends/utils.py", line 105, in _execute
    return self.cursor.execute(sql, params)
           ^^^^^^^^^^^^^^^^^^^^^^^^^^^^^^^^
  File "/home/pc/ProjectManagerDashboard/.venv/lib/python3.12/site-packages/django/db/backends/mysql/base.py", line 76, in execute
    return self.cursor.execute(query, args)
           ^^^^^^^^^^^^^^^^^^^^^^^^^^^^^^^^
  File "/home/pc/ProjectManagerDashboard/.venv/lib/python3.12/site-packages/pymysql/cursors.py", line 159, in execute
    result = self._query(query)
             ^^^^^^^^^^^^^^^^^^
  File "/home/pc/ProjectManagerDashboard/.venv/lib/python3.12/site-packages/pymysql/cursors.py", line 330, in _query
    conn.query(q)
  File "/home/pc/ProjectManagerDashboard/.venv/lib/python3.12/site-packages/pymysql/connections.py", line 582, in query
    self._affected_rows = self._read_query_result(unbuffered=unbuffered)
                          ^^^^^^^^^^^^^^^^^^^^^^^^^^^^^^^^^^^^^^^^^^^^^^
  File "/home/pc/ProjectManagerDashboard/.venv/lib/python3.12/site-packages/pymysql/connections.py", line 847, in _read_query_result
    result.read()
  File "/home/pc/ProjectManagerDashboard/.venv/lib/python3.12/site-packages/pymysql/connections.py", line 1245, in read
    first_packet = self.connection._read_packet()
                   ^^^^^^^^^^^^^^^^^^^^^^^^^^^^^^
  File "/home/pc/ProjectManagerDashboard/.venv/lib/python3.12/site-packages/pymysql/connections.py", line 803, in _read_packet
    packet.raise_for_error()
  File "/home/pc/ProjectManagerDashboard/.venv/lib/python3.12/site-packages/pymysql/protocol.py", line 219, in raise_for_error
    err.raise_mysql_exception(self._data)
  File "/home/pc/ProjectManagerDashboard/.venv/lib/python3.12/site-packages/pymysql/err.py", line 154, in raise_mysql_exception
    raise errorclass(errno, errval, sqlstate=sqlstate)
pymysql.err.ProgrammingError: (1146, "Table 'ufvuikiv_project_manager_db.django_session' doesn't exist")

The above exception was the direct cause of the following exception:

Traceback (most recent call last):
  File "/home/pc/ProjectManagerDashboard/.venv/lib/python3.12/site-packages/django/core/handlers/exception.py", line 55, in inner
    response = get_response(request)
               ^^^^^^^^^^^^^^^^^^^^^
  File "/home/pc/ProjectManagerDashboard/.venv/lib/python3.12/site-packages/django/utils/deprecation.py", line 122, in __call__
    response = self.process_response(request, response)
               ^^^^^^^^^^^^^^^^^^^^^^^^^^^^^^^^^^^^^^^^
  File "/home/pc/ProjectManagerDashboard/.venv/lib/python3.12/site-packages/django/contrib/sessions/middleware.py", line 59, in process_response
    request.session.save()
  File "/home/pc/ProjectManagerDashboard/.venv/lib/python3.12/site-packages/django/contrib/sessions/backends/db.py", line 121, in save
    return self.create()
           ^^^^^^^^^^^^^
  File "/home/pc/ProjectManagerDashboard/.venv/lib/python3.12/site-packages/django/contrib/sessions/backends/db.py", line 70, in create
    self._session_key = self._get_new_session_key()
                        ^^^^^^^^^^^^^^^^^^^^^^^^^^^
  File "/home/pc/ProjectManagerDashboard/.venv/lib/python3.12/site-packages/django/contrib/sessions/backends/base.py", line 196, in _get_new_session_key
    if not self.exists(session_key):
           ^^^^^^^^^^^^^^^^^^^^^^^^
  File "/home/pc/ProjectManagerDashboard/.venv/lib/python3.12/site-packages/django/contrib/sessions/backends/db.py", line 63, in exists
    return self.model.objects.filter(session_key=session_key).exists()
           ^^^^^^^^^^^^^^^^^^^^^^^^^^^^^^^^^^^^^^^^^^^^^^^^^^^^^^^^^^^
  File "/home/pc/ProjectManagerDashboard/.venv/lib/python3.12/site-packages/django/db/models/query.py", line 1296, in exists
    return self.query.has_results(using=self.db)
           ^^^^^^^^^^^^^^^^^^^^^^^^^^^^^^^^^^^^^
  File "/home/pc/ProjectManagerDashboard/.venv/lib/python3.12/site-packages/django/db/models/sql/query.py", line 674, in has_results
    return compiler.has_results()
           ^^^^^^^^^^^^^^^^^^^^^^
  File "/home/pc/ProjectManagerDashboard/.venv/lib/python3.12/site-packages/django/db/models/sql/compiler.py", line 1591, in has_results
    return bool(self.execute_sql(SINGLE))
                ^^^^^^^^^^^^^^^^^^^^^^^^
  File "/home/pc/ProjectManagerDashboard/.venv/lib/python3.12/site-packages/django/db/models/sql/compiler.py", line 1623, in execute_sql
    cursor.execute(sql, params)
  File "/home/pc/ProjectManagerDashboard/.venv/lib/python3.12/site-packages/django/db/backends/utils.py", line 79, in execute
    return self._execute_with_wrappers(
           ^^^^^^^^^^^^^^^^^^^^^^^^^^^^
  File "/home/pc/ProjectManagerDashboard/.venv/lib/python3.12/site-packages/django/db/backends/utils.py", line 92, in _execute_with_wrappers
    return executor(sql, params, many, context)
           ^^^^^^^^^^^^^^^^^^^^^^^^^^^^^^^^^^^^
  File "/home/pc/ProjectManagerDashboard/.venv/lib/python3.12/site-packages/django/db/backends/utils.py", line 100, in _execute
    with self.db.wrap_database_errors:
  File "/home/pc/ProjectManagerDashboard/.venv/lib/python3.12/site-packages/django/db/utils.py", line 91, in __exit__
    raise dj_exc_value.with_traceback(traceback) from exc_value
  File "/home/pc/ProjectManagerDashboard/.venv/lib/python3.12/site-packages/django/db/backends/utils.py", line 105, in _execute
    return self.cursor.execute(sql, params)
           ^^^^^^^^^^^^^^^^^^^^^^^^^^^^^^^^
  File "/home/pc/ProjectManagerDashboard/.venv/lib/python3.12/site-packages/django/db/backends/mysql/base.py", line 76, in execute
    return self.cursor.execute(query, args)
           ^^^^^^^^^^^^^^^^^^^^^^^^^^^^^^^^
  File "/home/pc/ProjectManagerDashboard/.venv/lib/python3.12/site-packages/pymysql/cursors.py", line 159, in execute
    result = self._query(query)
             ^^^^^^^^^^^^^^^^^^
  File "/home/pc/ProjectManagerDashboard/.venv/lib/python3.12/site-packages/pymysql/cursors.py", line 330, in _query
    conn.query(q)
  File "/home/pc/ProjectManagerDashboard/.venv/lib/python3.12/site-packages/pymysql/connections.py", line 582, in query
    self._affected_rows = self._read_query_result(unbuffered=unbuffered)
                          ^^^^^^^^^^^^^^^^^^^^^^^^^^^^^^^^^^^^^^^^^^^^^^
  File "/home/pc/ProjectManagerDashboard/.venv/lib/python3.12/site-packages/pymysql/connections.py", line 847, in _read_query_result
    result.read()
  File "/home/pc/ProjectManagerDashboard/.venv/lib/python3.12/site-packages/pymysql/connections.py", line 1245, in read
    first_packet = self.connection._read_packet()
                   ^^^^^^^^^^^^^^^^^^^^^^^^^^^^^^
  File "/home/pc/ProjectManagerDashboard/.venv/lib/python3.12/site-packages/pymysql/connections.py", line 803, in _read_packet
    packet.raise_for_error()
  File "/home/pc/ProjectManagerDashboard/.venv/lib/python3.12/site-packages/pymysql/protocol.py", line 219, in raise_for_error
    err.raise_mysql_exception(self._data)
  File "/home/pc/ProjectManagerDashboard/.venv/lib/python3.12/site-packages/pymysql/err.py", line 154, in raise_mysql_exception
    raise errorclass(errno, errval, sqlstate=sqlstate)
django.db.utils.ProgrammingError: (1146, "Table 'ufvuikiv_project_manager_db.django_session' doesn't exist")
ERROR 2026-08-16 19:54:53,775 basehttp 542561 132395153438400 "POST /accounts/login/?next=/ HTTP/1.1" 500 145
ERROR 2026-08-16 19:55:15,515 log 542561 132395161831104 Internal Server Error: /accounts/login/
Traceback (most recent call last):
  File "/home/pc/ProjectManagerDashboard/.venv/lib/python3.12/site-packages/django/db/backends/utils.py", line 105, in _execute
    return self.cursor.execute(sql, params)
           ^^^^^^^^^^^^^^^^^^^^^^^^^^^^^^^^
  File "/home/pc/ProjectManagerDashboard/.venv/lib/python3.12/site-packages/django/db/backends/mysql/base.py", line 76, in execute
    return self.cursor.execute(query, args)
           ^^^^^^^^^^^^^^^^^^^^^^^^^^^^^^^^
  File "/home/pc/ProjectManagerDashboard/.venv/lib/python3.12/site-packages/pymysql/cursors.py", line 159, in execute
    result = self._query(query)
             ^^^^^^^^^^^^^^^^^^
  File "/home/pc/ProjectManagerDashboard/.venv/lib/python3.12/site-packages/pymysql/cursors.py", line 330, in _query
    conn.query(q)
  File "/home/pc/ProjectManagerDashboard/.venv/lib/python3.12/site-packages/pymysql/connections.py", line 582, in query
    self._affected_rows = self._read_query_result(unbuffered=unbuffered)
                          ^^^^^^^^^^^^^^^^^^^^^^^^^^^^^^^^^^^^^^^^^^^^^^
  File "/home/pc/ProjectManagerDashboard/.venv/lib/python3.12/site-packages/pymysql/connections.py", line 847, in _read_query_result
    result.read()
  File "/home/pc/ProjectManagerDashboard/.venv/lib/python3.12/site-packages/pymysql/connections.py", line 1245, in read
    first_packet = self.connection._read_packet()
                   ^^^^^^^^^^^^^^^^^^^^^^^^^^^^^^
  File "/home/pc/ProjectManagerDashboard/.venv/lib/python3.12/site-packages/pymysql/connections.py", line 803, in _read_packet
    packet.raise_for_error()
  File "/home/pc/ProjectManagerDashboard/.venv/lib/python3.12/site-packages/pymysql/protocol.py", line 219, in raise_for_error
    err.raise_mysql_exception(self._data)
  File "/home/pc/ProjectManagerDashboard/.venv/lib/python3.12/site-packages/pymysql/err.py", line 154, in raise_mysql_exception
    raise errorclass(errno, errval, sqlstate=sqlstate)
pymysql.err.ProgrammingError: (1146, "Table 'ufvuikiv_project_manager_db.django_session' doesn't exist")

The above exception was the direct cause of the following exception:

Traceback (most recent call last):
  File "/home/pc/ProjectManagerDashboard/.venv/lib/python3.12/site-packages/django/core/handlers/exception.py", line 55, in inner
    response = get_response(request)
               ^^^^^^^^^^^^^^^^^^^^^
  File "/home/pc/ProjectManagerDashboard/.venv/lib/python3.12/site-packages/django/utils/deprecation.py", line 122, in __call__
    response = self.process_response(request, response)
               ^^^^^^^^^^^^^^^^^^^^^^^^^^^^^^^^^^^^^^^^
  File "/home/pc/ProjectManagerDashboard/.venv/lib/python3.12/site-packages/django/contrib/sessions/middleware.py", line 59, in process_response
    request.session.save()
  File "/home/pc/ProjectManagerDashboard/.venv/lib/python3.12/site-packages/django/contrib/sessions/backends/db.py", line 121, in save
    return self.create()
           ^^^^^^^^^^^^^
  File "/home/pc/ProjectManagerDashboard/.venv/lib/python3.12/site-packages/django/contrib/sessions/backends/db.py", line 70, in create
    self._session_key = self._get_new_session_key()
                        ^^^^^^^^^^^^^^^^^^^^^^^^^^^
  File "/home/pc/ProjectManagerDashboard/.venv/lib/python3.12/site-packages/django/contrib/sessions/backends/base.py", line 196, in _get_new_session_key
    if not self.exists(session_key):
           ^^^^^^^^^^^^^^^^^^^^^^^^
  File "/home/pc/ProjectManagerDashboard/.venv/lib/python3.12/site-packages/django/contrib/sessions/backends/db.py", line 63, in exists
    return self.model.objects.filter(session_key=session_key).exists()
           ^^^^^^^^^^^^^^^^^^^^^^^^^^^^^^^^^^^^^^^^^^^^^^^^^^^^^^^^^^^
  File "/home/pc/ProjectManagerDashboard/.venv/lib/python3.12/site-packages/django/db/models/query.py", line 1296, in exists
    return self.query.has_results(using=self.db)
           ^^^^^^^^^^^^^^^^^^^^^^^^^^^^^^^^^^^^^
  File "/home/pc/ProjectManagerDashboard/.venv/lib/python3.12/site-packages/django/db/models/sql/query.py", line 674, in has_results
    return compiler.has_results()
           ^^^^^^^^^^^^^^^^^^^^^^
  File "/home/pc/ProjectManagerDashboard/.venv/lib/python3.12/site-packages/django/db/models/sql/compiler.py", line 1591, in has_results
    return bool(self.execute_sql(SINGLE))
                ^^^^^^^^^^^^^^^^^^^^^^^^
  File "/home/pc/ProjectManagerDashboard/.venv/lib/python3.12/site-packages/django/db/models/sql/compiler.py", line 1623, in execute_sql
    cursor.execute(sql, params)
  File "/home/pc/ProjectManagerDashboard/.venv/lib/python3.12/site-packages/django/db/backends/utils.py", line 79, in execute
    return self._execute_with_wrappers(
           ^^^^^^^^^^^^^^^^^^^^^^^^^^^^
  File "/home/pc/ProjectManagerDashboard/.venv/lib/python3.12/site-packages/django/db/backends/utils.py", line 92, in _execute_with_wrappers
    return executor(sql, params, many, context)
           ^^^^^^^^^^^^^^^^^^^^^^^^^^^^^^^^^^^^
  File "/home/pc/ProjectManagerDashboard/.venv/lib/python3.12/site-packages/django/db/backends/utils.py", line 100, in _execute
    with self.db.wrap_database_errors:
  File "/home/pc/ProjectManagerDashboard/.venv/lib/python3.12/site-packages/django/db/utils.py", line 91, in __exit__
    raise dj_exc_value.with_traceback(traceback) from exc_value
  File "/home/pc/ProjectManagerDashboard/.venv/lib/python3.12/site-packages/django/db/backends/utils.py", line 105, in _execute
    return self.cursor.execute(sql, params)
           ^^^^^^^^^^^^^^^^^^^^^^^^^^^^^^^^
  File "/home/pc/ProjectManagerDashboard/.venv/lib/python3.12/site-packages/django/db/backends/mysql/base.py", line 76, in execute
    return self.cursor.execute(query, args)
           ^^^^^^^^^^^^^^^^^^^^^^^^^^^^^^^^
  File "/home/pc/ProjectManagerDashboard/.venv/lib/python3.12/site-packages/pymysql/cursors.py", line 159, in execute
    result = self._query(query)
             ^^^^^^^^^^^^^^^^^^
  File "/home/pc/ProjectManagerDashboard/.venv/lib/python3.12/site-packages/pymysql/cursors.py", line 330, in _query
    conn.query(q)
  File "/home/pc/ProjectManagerDashboard/.venv/lib/python3.12/site-packages/pymysql/connections.py", line 582, in query
    self._affected_rows = self._read_query_result(unbuffered=unbuffered)
                          ^^^^^^^^^^^^^^^^^^^^^^^^^^^^^^^^^^^^^^^^^^^^^^
  File "/home/pc/ProjectManagerDashboard/.venv/lib/python3.12/site-packages/pymysql/connections.py", line 847, in _read_query_result
    result.read()
  File "/home/pc/ProjectManagerDashboard/.venv/lib/python3.12/site-packages/pymysql/connections.py", line 1245, in read
    first_packet = self.connection._read_packet()
                   ^^^^^^^^^^^^^^^^^^^^^^^^^^^^^^
  File "/home/pc/ProjectManagerDashboard/.venv/lib/python3.12/site-packages/pymysql/connections.py", line 803, in _read_packet
    packet.raise_for_error()
  File "/home/pc/ProjectManagerDashboard/.venv/lib/python3.12/site-packages/pymysql/protocol.py", line 219, in raise_for_error
    err.raise_mysql_exception(self._data)
  File "/home/pc/ProjectManagerDashboard/.venv/lib/python3.12/site-packages/pymysql/err.py", line 154, in raise_mysql_exception
    raise errorclass(errno, errval, sqlstate=sqlstate)
django.db.utils.ProgrammingError: (1146, "Table 'ufvuikiv_project_manager_db.django_session' doesn't exist")
ERROR 2026-08-16 19:55:15,515 log 542561 132395161831104 Internal Server Error: /accounts/login/
Traceback (most recent call last):
  File "/home/pc/ProjectManagerDashboard/.venv/lib/python3.12/site-packages/django/db/backends/utils.py", line 105, in _execute
    return self.cursor.execute(sql, params)
           ^^^^^^^^^^^^^^^^^^^^^^^^^^^^^^^^
  File "/home/pc/ProjectManagerDashboard/.venv/lib/python3.12/site-packages/django/db/backends/mysql/base.py", line 76, in execute
    return self.cursor.execute(query, args)
           ^^^^^^^^^^^^^^^^^^^^^^^^^^^^^^^^
  File "/home/pc/ProjectManagerDashboard/.venv/lib/python3.12/site-packages/pymysql/cursors.py", line 159, in execute
    result = self._query(query)
             ^^^^^^^^^^^^^^^^^^
  File "/home/pc/ProjectManagerDashboard/.venv/lib/python3.12/site-packages/pymysql/cursors.py", line 330, in _query
    conn.query(q)
  File "/home/pc/ProjectManagerDashboard/.venv/lib/python3.12/site-packages/pymysql/connections.py", line 582, in query
    self._affected_rows = self._read_query_result(unbuffered=unbuffered)
                          ^^^^^^^^^^^^^^^^^^^^^^^^^^^^^^^^^^^^^^^^^^^^^^
  File "/home/pc/ProjectManagerDashboard/.venv/lib/python3.12/site-packages/pymysql/connections.py", line 847, in _read_query_result
    result.read()
  File "/home/pc/ProjectManagerDashboard/.venv/lib/python3.12/site-packages/pymysql/connections.py", line 1245, in read
    first_packet = self.connection._read_packet()
                   ^^^^^^^^^^^^^^^^^^^^^^^^^^^^^^
  File "/home/pc/ProjectManagerDashboard/.venv/lib/python3.12/site-packages/pymysql/connections.py", line 803, in _read_packet
    packet.raise_for_error()
  File "/home/pc/ProjectManagerDashboard/.venv/lib/python3.12/site-packages/pymysql/protocol.py", line 219, in raise_for_error
    err.raise_mysql_exception(self._data)
  File "/home/pc/ProjectManagerDashboard/.venv/lib/python3.12/site-packages/pymysql/err.py", line 154, in raise_mysql_exception
    raise errorclass(errno, errval, sqlstate=sqlstate)
pymysql.err.ProgrammingError: (1146, "Table 'ufvuikiv_project_manager_db.django_session' doesn't exist")

The above exception was the direct cause of the following exception:

Traceback (most recent call last):
  File "/home/pc/ProjectManagerDashboard/.venv/lib/python3.12/site-packages/django/core/handlers/exception.py", line 55, in inner
    response = get_response(request)
               ^^^^^^^^^^^^^^^^^^^^^
  File "/home/pc/ProjectManagerDashboard/.venv/lib/python3.12/site-packages/django/utils/deprecation.py", line 122, in __call__
    response = self.process_response(request, response)
               ^^^^^^^^^^^^^^^^^^^^^^^^^^^^^^^^^^^^^^^^
  File "/home/pc/ProjectManagerDashboard/.venv/lib/python3.12/site-packages/django/contrib/sessions/middleware.py", line 59, in process_response
    request.session.save()
  File "/home/pc/ProjectManagerDashboard/.venv/lib/python3.12/site-packages/django/contrib/sessions/backends/db.py", line 121, in save
    return self.create()
           ^^^^^^^^^^^^^
  File "/home/pc/ProjectManagerDashboard/.venv/lib/python3.12/site-packages/django/contrib/sessions/backends/db.py", line 70, in create
    self._session_key = self._get_new_session_key()
                        ^^^^^^^^^^^^^^^^^^^^^^^^^^^
  File "/home/pc/ProjectManagerDashboard/.venv/lib/python3.12/site-packages/django/contrib/sessions/backends/base.py", line 196, in _get_new_session_key
    if not self.exists(session_key):
           ^^^^^^^^^^^^^^^^^^^^^^^^
  File "/home/pc/ProjectManagerDashboard/.venv/lib/python3.12/site-packages/django/contrib/sessions/backends/db.py", line 63, in exists
    return self.model.objects.filter(session_key=session_key).exists()
           ^^^^^^^^^^^^^^^^^^^^^^^^^^^^^^^^^^^^^^^^^^^^^^^^^^^^^^^^^^^
  File "/home/pc/ProjectManagerDashboard/.venv/lib/python3.12/site-packages/django/db/models/query.py", line 1296, in exists
    return self.query.has_results(using=self.db)
           ^^^^^^^^^^^^^^^^^^^^^^^^^^^^^^^^^^^^^
  File "/home/pc/ProjectManagerDashboard/.venv/lib/python3.12/site-packages/django/db/models/sql/query.py", line 674, in has_results
    return compiler.has_results()
           ^^^^^^^^^^^^^^^^^^^^^^
  File "/home/pc/ProjectManagerDashboard/.venv/lib/python3.12/site-packages/django/db/models/sql/compiler.py", line 1591, in has_results
    return bool(self.execute_sql(SINGLE))
                ^^^^^^^^^^^^^^^^^^^^^^^^
  File "/home/pc/ProjectManagerDashboard/.venv/lib/python3.12/site-packages/django/db/models/sql/compiler.py", line 1623, in execute_sql
    cursor.execute(sql, params)
  File "/home/pc/ProjectManagerDashboard/.venv/lib/python3.12/site-packages/django/db/backends/utils.py", line 79, in execute
    return self._execute_with_wrappers(
           ^^^^^^^^^^^^^^^^^^^^^^^^^^^^
  File "/home/pc/ProjectManagerDashboard/.venv/lib/python3.12/site-packages/django/db/backends/utils.py", line 92, in _execute_with_wrappers
    return executor(sql, params, many, context)
           ^^^^^^^^^^^^^^^^^^^^^^^^^^^^^^^^^^^^
  File "/home/pc/ProjectManagerDashboard/.venv/lib/python3.12/site-packages/django/db/backends/utils.py", line 100, in _execute
    with self.db.wrap_database_errors:
  File "/home/pc/ProjectManagerDashboard/.venv/lib/python3.12/site-packages/django/db/utils.py", line 91, in __exit__
    raise dj_exc_value.with_traceback(traceback) from exc_value
  File "/home/pc/ProjectManagerDashboard/.venv/lib/python3.12/site-packages/django/db/backends/utils.py", line 105, in _execute
    return self.cursor.execute(sql, params)
           ^^^^^^^^^^^^^^^^^^^^^^^^^^^^^^^^
  File "/home/pc/ProjectManagerDashboard/.venv/lib/python3.12/site-packages/django/db/backends/mysql/base.py", line 76, in execute
    return self.cursor.execute(query, args)
           ^^^^^^^^^^^^^^^^^^^^^^^^^^^^^^^^
  File "/home/pc/ProjectManagerDashboard/.venv/lib/python3.12/site-packages/pymysql/cursors.py", line 159, in execute
    result = self._query(query)
             ^^^^^^^^^^^^^^^^^^
  File "/home/pc/ProjectManagerDashboard/.venv/lib/python3.12/site-packages/pymysql/cursors.py", line 330, in _query
    conn.query(q)
  File "/home/pc/ProjectManagerDashboard/.venv/lib/python3.12/site-packages/pymysql/connections.py", line 582, in query
    self._affected_rows = self._read_query_result(unbuffered=unbuffered)
                          ^^^^^^^^^^^^^^^^^^^^^^^^^^^^^^^^^^^^^^^^^^^^^^
  File "/home/pc/ProjectManagerDashboard/.venv/lib/python3.12/site-packages/pymysql/connections.py", line 847, in _read_query_result
    result.read()
  File "/home/pc/ProjectManagerDashboard/.venv/lib/python3.12/site-packages/pymysql/connections.py", line 1245, in read
    first_packet = self.connection._read_packet()
                   ^^^^^^^^^^^^^^^^^^^^^^^^^^^^^^
  File "/home/pc/ProjectManagerDashboard/.venv/lib/python3.12/site-packages/pymysql/connections.py", line 803, in _read_packet
    packet.raise_for_error()
  File "/home/pc/ProjectManagerDashboard/.venv/lib/python3.12/site-packages/pymysql/protocol.py", line 219, in raise_for_error
    err.raise_mysql_exception(self._data)
  File "/home/pc/ProjectManagerDashboard/.venv/lib/python3.12/site-packages/pymysql/err.py", line 154, in raise_mysql_exception
    raise errorclass(errno, errval, sqlstate=sqlstate)
django.db.utils.ProgrammingError: (1146, "Table 'ufvuikiv_project_manager_db.django_session' doesn't exist")
ERROR 2026-08-16 19:55:15,517 basehttp 542561 132395161831104 "POST /accounts/login/?next=/ HTTP/1.1" 500 145
ERROR 2026-08-16 19:55:23,247 log 542561 132395143997120 Internal Server Error: /accounts/login/
Traceback (most recent call last):
  File "/home/pc/ProjectManagerDashboard/.venv/lib/python3.12/site-packages/django/db/backends/utils.py", line 105, in _execute
    return self.cursor.execute(sql, params)
           ^^^^^^^^^^^^^^^^^^^^^^^^^^^^^^^^
  File "/home/pc/ProjectManagerDashboard/.venv/lib/python3.12/site-packages/django/db/backends/mysql/base.py", line 76, in execute
    return self.cursor.execute(query, args)
           ^^^^^^^^^^^^^^^^^^^^^^^^^^^^^^^^
  File "/home/pc/ProjectManagerDashboard/.venv/lib/python3.12/site-packages/pymysql/cursors.py", line 159, in execute
    result = self._query(query)
             ^^^^^^^^^^^^^^^^^^
  File "/home/pc/ProjectManagerDashboard/.venv/lib/python3.12/site-packages/pymysql/cursors.py", line 330, in _query
    conn.query(q)
  File "/home/pc/ProjectManagerDashboard/.venv/lib/python3.12/site-packages/pymysql/connections.py", line 582, in query
    self._affected_rows = self._read_query_result(unbuffered=unbuffered)
                          ^^^^^^^^^^^^^^^^^^^^^^^^^^^^^^^^^^^^^^^^^^^^^^
  File "/home/pc/ProjectManagerDashboard/.venv/lib/python3.12/site-packages/pymysql/connections.py", line 847, in _read_query_result
    result.read()
  File "/home/pc/ProjectManagerDashboard/.venv/lib/python3.12/site-packages/pymysql/connections.py", line 1245, in read
    first_packet = self.connection._read_packet()
                   ^^^^^^^^^^^^^^^^^^^^^^^^^^^^^^
  File "/home/pc/ProjectManagerDashboard/.venv/lib/python3.12/site-packages/pymysql/connections.py", line 803, in _read_packet
    packet.raise_for_error()
  File "/home/pc/ProjectManagerDashboard/.venv/lib/python3.12/site-packages/pymysql/protocol.py", line 219, in raise_for_error
    err.raise_mysql_exception(self._data)
  File "/home/pc/ProjectManagerDashboard/.venv/lib/python3.12/site-packages/pymysql/err.py", line 154, in raise_mysql_exception
    raise errorclass(errno, errval, sqlstate=sqlstate)
pymysql.err.ProgrammingError: (1146, "Table 'ufvuikiv_project_manager_db.django_session' doesn't exist")

The above exception was the direct cause of the following exception:

Traceback (most recent call last):
  File "/home/pc/ProjectManagerDashboard/.venv/lib/python3.12/site-packages/django/core/handlers/exception.py", line 55, in inner
    response = get_response(request)
               ^^^^^^^^^^^^^^^^^^^^^
  File "/home/pc/ProjectManagerDashboard/.venv/lib/python3.12/site-packages/django/utils/deprecation.py", line 122, in __call__
    response = self.process_response(request, response)
               ^^^^^^^^^^^^^^^^^^^^^^^^^^^^^^^^^^^^^^^^
  File "/home/pc/ProjectManagerDashboard/.venv/lib/python3.12/site-packages/django/contrib/sessions/middleware.py", line 59, in process_response
    request.session.save()
  File "/home/pc/ProjectManagerDashboard/.venv/lib/python3.12/site-packages/django/contrib/sessions/backends/db.py", line 121, in save
    return self.create()
           ^^^^^^^^^^^^^
  File "/home/pc/ProjectManagerDashboard/.venv/lib/python3.12/site-packages/django/contrib/sessions/backends/db.py", line 70, in create
    self._session_key = self._get_new_session_key()
                        ^^^^^^^^^^^^^^^^^^^^^^^^^^^
  File "/home/pc/ProjectManagerDashboard/.venv/lib/python3.12/site-packages/django/contrib/sessions/backends/base.py", line 196, in _get_new_session_key
    if not self.exists(session_key):
           ^^^^^^^^^^^^^^^^^^^^^^^^
  File "/home/pc/ProjectManagerDashboard/.venv/lib/python3.12/site-packages/django/contrib/sessions/backends/db.py", line 63, in exists
    return self.model.objects.filter(session_key=session_key).exists()
           ^^^^^^^^^^^^^^^^^^^^^^^^^^^^^^^^^^^^^^^^^^^^^^^^^^^^^^^^^^^
  File "/home/pc/ProjectManagerDashboard/.venv/lib/python3.12/site-packages/django/db/models/query.py", line 1296, in exists
    return self.query.has_results(using=self.db)
           ^^^^^^^^^^^^^^^^^^^^^^^^^^^^^^^^^^^^^
  File "/home/pc/ProjectManagerDashboard/.venv/lib/python3.12/site-packages/django/db/models/sql/query.py", line 674, in has_results
    return compiler.has_results()
           ^^^^^^^^^^^^^^^^^^^^^^
  File "/home/pc/ProjectManagerDashboard/.venv/lib/python3.12/site-packages/django/db/models/sql/compiler.py", line 1591, in has_results
    return bool(self.execute_sql(SINGLE))
                ^^^^^^^^^^^^^^^^^^^^^^^^
  File "/home/pc/ProjectManagerDashboard/.venv/lib/python3.12/site-packages/django/db/models/sql/compiler.py", line 1623, in execute_sql
    cursor.execute(sql, params)
  File "/home/pc/ProjectManagerDashboard/.venv/lib/python3.12/site-packages/django/db/backends/utils.py", line 79, in execute
    return self._execute_with_wrappers(
           ^^^^^^^^^^^^^^^^^^^^^^^^^^^^
  File "/home/pc/ProjectManagerDashboard/.venv/lib/python3.12/site-packages/django/db/backends/utils.py", line 92, in _execute_with_wrappers
    return executor(sql, params, many, context)
           ^^^^^^^^^^^^^^^^^^^^^^^^^^^^^^^^^^^^
  File "/home/pc/ProjectManagerDashboard/.venv/lib/python3.12/site-packages/django/db/backends/utils.py", line 100, in _execute
    with self.db.wrap_database_errors:
  File "/home/pc/ProjectManagerDashboard/.venv/lib/python3.12/site-packages/django/db/utils.py", line 91, in __exit__
    raise dj_exc_value.with_traceback(traceback) from exc_value
  File "/home/pc/ProjectManagerDashboard/.venv/lib/python3.12/site-packages/django/db/backends/utils.py", line 105, in _execute
    return self.cursor.execute(sql, params)
           ^^^^^^^^^^^^^^^^^^^^^^^^^^^^^^^^
  File "/home/pc/ProjectManagerDashboard/.venv/lib/python3.12/site-packages/django/db/backends/mysql/base.py", line 76, in execute
    return self.cursor.execute(query, args)
           ^^^^^^^^^^^^^^^^^^^^^^^^^^^^^^^^
  File "/home/pc/ProjectManagerDashboard/.venv/lib/python3.12/site-packages/pymysql/cursors.py", line 159, in execute
    result = self._query(query)
             ^^^^^^^^^^^^^^^^^^
  File "/home/pc/ProjectManagerDashboard/.venv/lib/python3.12/site-packages/pymysql/cursors.py", line 330, in _query
    conn.query(q)
  File "/home/pc/ProjectManagerDashboard/.venv/lib/python3.12/site-packages/pymysql/connections.py", line 582, in query
    self._affected_rows = self._read_query_result(unbuffered=unbuffered)
                          ^^^^^^^^^^^^^^^^^^^^^^^^^^^^^^^^^^^^^^^^^^^^^^
  File "/home/pc/ProjectManagerDashboard/.venv/lib/python3.12/site-packages/pymysql/connections.py", line 847, in _read_query_result
    result.read()
  File "/home/pc/ProjectManagerDashboard/.venv/lib/python3.12/site-packages/pymysql/connections.py", line 1245, in read
    first_packet = self.connection._read_packet()
                   ^^^^^^^^^^^^^^^^^^^^^^^^^^^^^^
  File "/home/pc/ProjectManagerDashboard/.venv/lib/python3.12/site-packages/pymysql/connections.py", line 803, in _read_packet
    packet.raise_for_error()
  File "/home/pc/ProjectManagerDashboard/.venv/lib/python3.12/site-packages/pymysql/protocol.py", line 219, in raise_for_error
    err.raise_mysql_exception(self._data)
  File "/home/pc/ProjectManagerDashboard/.venv/lib/python3.12/site-packages/pymysql/err.py", line 154, in raise_mysql_exception
    raise errorclass(errno, errval, sqlstate=sqlstate)
django.db.utils.ProgrammingError: (1146, "Table 'ufvuikiv_project_manager_db.django_session' doesn't exist")
ERROR 2026-08-16 19:55:23,247 log 542561 132395143997120 Internal Server Error: /accounts/login/
Traceback (most recent call last):
  File "/home/pc/ProjectManagerDashboard/.venv/lib/python3.12/site-packages/django/db/backends/utils.py", line 105, in _execute
    return self.cursor.execute(sql, params)
           ^^^^^^^^^^^^^^^^^^^^^^^^^^^^^^^^
  File "/home/pc/ProjectManagerDashboard/.venv/lib/python3.12/site-packages/django/db/backends/mysql/base.py", line 76, in execute
    return self.cursor.execute(query, args)
           ^^^^^^^^^^^^^^^^^^^^^^^^^^^^^^^^
  File "/home/pc/ProjectManagerDashboard/.venv/lib/python3.12/site-packages/pymysql/cursors.py", line 159, in execute
    result = self._query(query)
             ^^^^^^^^^^^^^^^^^^
  File "/home/pc/ProjectManagerDashboard/.venv/lib/python3.12/site-packages/pymysql/cursors.py", line 330, in _query
    conn.query(q)
  File "/home/pc/ProjectManagerDashboard/.venv/lib/python3.12/site-packages/pymysql/connections.py", line 582, in query
    self._affected_rows = self._read_query_result(unbuffered=unbuffered)
                          ^^^^^^^^^^^^^^^^^^^^^^^^^^^^^^^^^^^^^^^^^^^^^^
  File "/home/pc/ProjectManagerDashboard/.venv/lib/python3.12/site-packages/pymysql/connections.py", line 847, in _read_query_result
    result.read()
  File "/home/pc/ProjectManagerDashboard/.venv/lib/python3.12/site-packages/pymysql/connections.py", line 1245, in read
    first_packet = self.connection._read_packet()
                   ^^^^^^^^^^^^^^^^^^^^^^^^^^^^^^
  File "/home/pc/ProjectManagerDashboard/.venv/lib/python3.12/site-packages/pymysql/connections.py", line 803, in _read_packet
    packet.raise_for_error()
  File "/home/pc/ProjectManagerDashboard/.venv/lib/python3.12/site-packages/pymysql/protocol.py", line 219, in raise_for_error
    err.raise_mysql_exception(self._data)
  File "/home/pc/ProjectManagerDashboard/.venv/lib/python3.12/site-packages/pymysql/err.py", line 154, in raise_mysql_exception
    raise errorclass(errno, errval, sqlstate=sqlstate)
pymysql.err.ProgrammingError: (1146, "Table 'ufvuikiv_project_manager_db.django_session' doesn't exist")

The above exception was the direct cause of the following exception:

Traceback (most recent call last):
  File "/home/pc/ProjectManagerDashboard/.venv/lib/python3.12/site-packages/django/core/handlers/exception.py", line 55, in inner
    response = get_response(request)
               ^^^^^^^^^^^^^^^^^^^^^
  File "/home/pc/ProjectManagerDashboard/.venv/lib/python3.12/site-packages/django/utils/deprecation.py", line 122, in __call__
    response = self.process_response(request, response)
               ^^^^^^^^^^^^^^^^^^^^^^^^^^^^^^^^^^^^^^^^
  File "/home/pc/ProjectManagerDashboard/.venv/lib/python3.12/site-packages/django/contrib/sessions/middleware.py", line 59, in process_response
    request.session.save()
  File "/home/pc/ProjectManagerDashboard/.venv/lib/python3.12/site-packages/django/contrib/sessions/backends/db.py", line 121, in save
    return self.create()
           ^^^^^^^^^^^^^
  File "/home/pc/ProjectManagerDashboard/.venv/lib/python3.12/site-packages/django/contrib/sessions/backends/db.py", line 70, in create
    self._session_key = self._get_new_session_key()
                        ^^^^^^^^^^^^^^^^^^^^^^^^^^^
  File "/home/pc/ProjectManagerDashboard/.venv/lib/python3.12/site-packages/django/contrib/sessions/backends/base.py", line 196, in _get_new_session_key
    if not self.exists(session_key):
           ^^^^^^^^^^^^^^^^^^^^^^^^
  File "/home/pc/ProjectManagerDashboard/.venv/lib/python3.12/site-packages/django/contrib/sessions/backends/db.py", line 63, in exists
    return self.model.objects.filter(session_key=session_key).exists()
           ^^^^^^^^^^^^^^^^^^^^^^^^^^^^^^^^^^^^^^^^^^^^^^^^^^^^^^^^^^^
  File "/home/pc/ProjectManagerDashboard/.venv/lib/python3.12/site-packages/django/db/models/query.py", line 1296, in exists
    return self.query.has_results(using=self.db)
           ^^^^^^^^^^^^^^^^^^^^^^^^^^^^^^^^^^^^^
  File "/home/pc/ProjectManagerDashboard/.venv/lib/python3.12/site-packages/django/db/models/sql/query.py", line 674, in has_results
    return compiler.has_results()
           ^^^^^^^^^^^^^^^^^^^^^^
  File "/home/pc/ProjectManagerDashboard/.venv/lib/python3.12/site-packages/django/db/models/sql/compiler.py", line 1591, in has_results
    return bool(self.execute_sql(SINGLE))
                ^^^^^^^^^^^^^^^^^^^^^^^^
  File "/home/pc/ProjectManagerDashboard/.venv/lib/python3.12/site-packages/django/db/models/sql/compiler.py", line 1623, in execute_sql
    cursor.execute(sql, params)
  File "/home/pc/ProjectManagerDashboard/.venv/lib/python3.12/site-packages/django/db/backends/utils.py", line 79, in execute
    return self._execute_with_wrappers(
           ^^^^^^^^^^^^^^^^^^^^^^^^^^^^
  File "/home/pc/ProjectManagerDashboard/.venv/lib/python3.12/site-packages/django/db/backends/utils.py", line 92, in _execute_with_wrappers
    return executor(sql, params, many, context)
           ^^^^^^^^^^^^^^^^^^^^^^^^^^^^^^^^^^^^
  File "/home/pc/ProjectManagerDashboard/.venv/lib/python3.12/site-packages/django/db/backends/utils.py", line 100, in _execute
    with self.db.wrap_database_errors:
  File "/home/pc/ProjectManagerDashboard/.venv/lib/python3.12/site-packages/django/db/utils.py", line 91, in __exit__
    raise dj_exc_value.with_traceback(traceback) from exc_value
  File "/home/pc/ProjectManagerDashboard/.venv/lib/python3.12/site-packages/django/db/backends/utils.py", line 105, in _execute
    return self.cursor.execute(sql, params)
           ^^^^^^^^^^^^^^^^^^^^^^^^^^^^^^^^
  File "/home/pc/ProjectManagerDashboard/.venv/lib/python3.12/site-packages/django/db/backends/mysql/base.py", line 76, in execute
    return self.cursor.execute(query, args)
           ^^^^^^^^^^^^^^^^^^^^^^^^^^^^^^^^
  File "/home/pc/ProjectManagerDashboard/.venv/lib/python3.12/site-packages/pymysql/cursors.py", line 159, in execute
    result = self._query(query)
             ^^^^^^^^^^^^^^^^^^
  File "/home/pc/ProjectManagerDashboard/.venv/lib/python3.12/site-packages/pymysql/cursors.py", line 330, in _query
    conn.query(q)
  File "/home/pc/ProjectManagerDashboard/.venv/lib/python3.12/site-packages/pymysql/connections.py", line 582, in query
    self._affected_rows = self._read_query_result(unbuffered=unbuffered)
                          ^^^^^^^^^^^^^^^^^^^^^^^^^^^^^^^^^^^^^^^^^^^^^^
  File "/home/pc/ProjectManagerDashboard/.venv/lib/python3.12/site-packages/pymysql/connections.py", line 847, in _read_query_result
    result.read()
  File "/home/pc/ProjectManagerDashboard/.venv/lib/python3.12/site-packages/pymysql/connections.py", line 1245, in read
    first_packet = self.connection._read_packet()
                   ^^^^^^^^^^^^^^^^^^^^^^^^^^^^^^
  File "/home/pc/ProjectManagerDashboard/.venv/lib/python3.12/site-packages/pymysql/connections.py", line 803, in _read_packet
    packet.raise_for_error()
  File "/home/pc/ProjectManagerDashboard/.venv/lib/python3.12/site-packages/pymysql/protocol.py", line 219, in raise_for_error
    err.raise_mysql_exception(self._data)
  File "/home/pc/ProjectManagerDashboard/.venv/lib/python3.12/site-packages/pymysql/err.py", line 154, in raise_mysql_exception
    raise errorclass(errno, errval, sqlstate=sqlstate)
django.db.utils.ProgrammingError: (1146, "Table 'ufvuikiv_project_manager_db.django_session' doesn't exist")
ERROR 2026-08-16 19:55:23,249 basehttp 542561 132395143997120 "POST /accounts/login/?next=/ HTTP/1.1" 500 145
ERROR 2026-08-16 19:58:05,513 log 544192 130770491492032 Internal Server Error: /accounts/login/
Traceback (most recent call last):
  File "/home/pc/ProjectManagerDashboard/.venv/lib/python3.12/site-packages/django/db/backends/utils.py", line 105, in _execute
    return self.cursor.execute(sql, params)
           ^^^^^^^^^^^^^^^^^^^^^^^^^^^^^^^^
  File "/home/pc/ProjectManagerDashboard/.venv/lib/python3.12/site-packages/django/db/backends/mysql/base.py", line 76, in execute
    return self.cursor.execute(query, args)
           ^^^^^^^^^^^^^^^^^^^^^^^^^^^^^^^^
  File "/home/pc/ProjectManagerDashboard/.venv/lib/python3.12/site-packages/pymysql/cursors.py", line 159, in execute
    result = self._query(query)
             ^^^^^^^^^^^^^^^^^^
  File "/home/pc/ProjectManagerDashboard/.venv/lib/python3.12/site-packages/pymysql/cursors.py", line 330, in _query
    conn.query(q)
  File "/home/pc/ProjectManagerDashboard/.venv/lib/python3.12/site-packages/pymysql/connections.py", line 582, in query
    self._affected_rows = self._read_query_result(unbuffered=unbuffered)
                          ^^^^^^^^^^^^^^^^^^^^^^^^^^^^^^^^^^^^^^^^^^^^^^
  File "/home/pc/ProjectManagerDashboard/.venv/lib/python3.12/site-packages/pymysql/connections.py", line 847, in _read_query_result
    result.read()
  File "/home/pc/ProjectManagerDashboard/.venv/lib/python3.12/site-packages/pymysql/connections.py", line 1245, in read
    first_packet = self.connection._read_packet()
                   ^^^^^^^^^^^^^^^^^^^^^^^^^^^^^^
  File "/home/pc/ProjectManagerDashboard/.venv/lib/python3.12/site-packages/pymysql/connections.py", line 803, in _read_packet
    packet.raise_for_error()
  File "/home/pc/ProjectManagerDashboard/.venv/lib/python3.12/site-packages/pymysql/protocol.py", line 219, in raise_for_error
    err.raise_mysql_exception(self._data)
  File "/home/pc/ProjectManagerDashboard/.venv/lib/python3.12/site-packages/pymysql/err.py", line 154, in raise_mysql_exception
    raise errorclass(errno, errval, sqlstate=sqlstate)
pymysql.err.ProgrammingError: (1146, "Table 'ufvuikiv_project_manager_db.django_session' doesn't exist")

The above exception was the direct cause of the following exception:

Traceback (most recent call last):
  File "/home/pc/ProjectManagerDashboard/.venv/lib/python3.12/site-packages/django/core/handlers/exception.py", line 55, in inner
    response = get_response(request)
               ^^^^^^^^^^^^^^^^^^^^^
  File "/home/pc/ProjectManagerDashboard/.venv/lib/python3.12/site-packages/django/utils/deprecation.py", line 122, in __call__
    response = self.process_response(request, response)
               ^^^^^^^^^^^^^^^^^^^^^^^^^^^^^^^^^^^^^^^^
  File "/home/pc/ProjectManagerDashboard/.venv/lib/python3.12/site-packages/django/contrib/sessions/middleware.py", line 59, in process_response
    request.session.save()
  File "/home/pc/ProjectManagerDashboard/.venv/lib/python3.12/site-packages/django/contrib/sessions/backends/db.py", line 121, in save
    return self.create()
           ^^^^^^^^^^^^^
  File "/home/pc/ProjectManagerDashboard/.venv/lib/python3.12/site-packages/django/contrib/sessions/backends/db.py", line 70, in create
    self._session_key = self._get_new_session_key()
                        ^^^^^^^^^^^^^^^^^^^^^^^^^^^
  File "/home/pc/ProjectManagerDashboard/.venv/lib/python3.12/site-packages/django/contrib/sessions/backends/base.py", line 196, in _get_new_session_key
    if not self.exists(session_key):
           ^^^^^^^^^^^^^^^^^^^^^^^^
  File "/home/pc/ProjectManagerDashboard/.venv/lib/python3.12/site-packages/django/contrib/sessions/backends/db.py", line 63, in exists
    return self.model.objects.filter(session_key=session_key).exists()
           ^^^^^^^^^^^^^^^^^^^^^^^^^^^^^^^^^^^^^^^^^^^^^^^^^^^^^^^^^^^
  File "/home/pc/ProjectManagerDashboard/.venv/lib/python3.12/site-packages/django/db/models/query.py", line 1296, in exists
    return self.query.has_results(using=self.db)
           ^^^^^^^^^^^^^^^^^^^^^^^^^^^^^^^^^^^^^
  File "/home/pc/ProjectManagerDashboard/.venv/lib/python3.12/site-packages/django/db/models/sql/query.py", line 674, in has_results
    return compiler.has_results()
           ^^^^^^^^^^^^^^^^^^^^^^
  File "/home/pc/ProjectManagerDashboard/.venv/lib/python3.12/site-packages/django/db/models/sql/compiler.py", line 1591, in has_results
    return bool(self.execute_sql(SINGLE))
                ^^^^^^^^^^^^^^^^^^^^^^^^
  File "/home/pc/ProjectManagerDashboard/.venv/lib/python3.12/site-packages/django/db/models/sql/compiler.py", line 1623, in execute_sql
    cursor.execute(sql, params)
  File "/home/pc/ProjectManagerDashboard/.venv/lib/python3.12/site-packages/django/db/backends/utils.py", line 79, in execute
    return self._execute_with_wrappers(
           ^^^^^^^^^^^^^^^^^^^^^^^^^^^^
  File "/home/pc/ProjectManagerDashboard/.venv/lib/python3.12/site-packages/django/db/backends/utils.py", line 92, in _execute_with_wrappers
    return executor(sql, params, many, context)
           ^^^^^^^^^^^^^^^^^^^^^^^^^^^^^^^^^^^^
  File "/home/pc/ProjectManagerDashboard/.venv/lib/python3.12/site-packages/django/db/backends/utils.py", line 100, in _execute
    with self.db.wrap_database_errors:
  File "/home/pc/ProjectManagerDashboard/.venv/lib/python3.12/site-packages/django/db/utils.py", line 91, in __exit__
    raise dj_exc_value.with_traceback(traceback) from exc_value
  File "/home/pc/ProjectManagerDashboard/.venv/lib/python3.12/site-packages/django/db/backends/utils.py", line 105, in _execute
    return self.cursor.execute(sql, params)
           ^^^^^^^^^^^^^^^^^^^^^^^^^^^^^^^^
  File "/home/pc/ProjectManagerDashboard/.venv/lib/python3.12/site-packages/django/db/backends/mysql/base.py", line 76, in execute
    return self.cursor.execute(query, args)
           ^^^^^^^^^^^^^^^^^^^^^^^^^^^^^^^^
  File "/home/pc/ProjectManagerDashboard/.venv/lib/python3.12/site-packages/pymysql/cursors.py", line 159, in execute
    result = self._query(query)
             ^^^^^^^^^^^^^^^^^^
  File "/home/pc/ProjectManagerDashboard/.venv/lib/python3.12/site-packages/pymysql/cursors.py", line 330, in _query
    conn.query(q)
  File "/home/pc/ProjectManagerDashboard/.venv/lib/python3.12/site-packages/pymysql/connections.py", line 582, in query
    self._affected_rows = self._read_query_result(unbuffered=unbuffered)
                          ^^^^^^^^^^^^^^^^^^^^^^^^^^^^^^^^^^^^^^^^^^^^^^
  File "/home/pc/ProjectManagerDashboard/.venv/lib/python3.12/site-packages/pymysql/connections.py", line 847, in _read_query_result
    result.read()
  File "/home/pc/ProjectManagerDashboard/.venv/lib/python3.12/site-packages/pymysql/connections.py", line 1245, in read
    first_packet = self.connection._read_packet()
                   ^^^^^^^^^^^^^^^^^^^^^^^^^^^^^^
  File "/home/pc/ProjectManagerDashboard/.venv/lib/python3.12/site-packages/pymysql/connections.py", line 803, in _read_packet
    packet.raise_for_error()
  File "/home/pc/ProjectManagerDashboard/.venv/lib/python3.12/site-packages/pymysql/protocol.py", line 219, in raise_for_error
    err.raise_mysql_exception(self._data)
  File "/home/pc/ProjectManagerDashboard/.venv/lib/python3.12/site-packages/pymysql/err.py", line 154, in raise_mysql_exception
    raise errorclass(errno, errval, sqlstate=sqlstate)
django.db.utils.ProgrammingError: (1146, "Table 'ufvuikiv_project_manager_db.django_session' doesn't exist")
ERROR 2026-08-16 19:58:05,513 log 544192 130770491492032 Internal Server Error: /accounts/login/
Traceback (most recent call last):
  File "/home/pc/ProjectManagerDashboard/.venv/lib/python3.12/site-packages/django/db/backends/utils.py", line 105, in _execute
    return self.cursor.execute(sql, params)
           ^^^^^^^^^^^^^^^^^^^^^^^^^^^^^^^^
  File "/home/pc/ProjectManagerDashboard/.venv/lib/python3.12/site-packages/django/db/backends/mysql/base.py", line 76, in execute
    return self.cursor.execute(query, args)
           ^^^^^^^^^^^^^^^^^^^^^^^^^^^^^^^^
  File "/home/pc/ProjectManagerDashboard/.venv/lib/python3.12/site-packages/pymysql/cursors.py", line 159, in execute
    result = self._query(query)
             ^^^^^^^^^^^^^^^^^^
  File "/home/pc/ProjectManagerDashboard/.venv/lib/python3.12/site-packages/pymysql/cursors.py", line 330, in _query
    conn.query(q)
  File "/home/pc/ProjectManagerDashboard/.venv/lib/python3.12/site-packages/pymysql/connections.py", line 582, in query
    self._affected_rows = self._read_query_result(unbuffered=unbuffered)
                          ^^^^^^^^^^^^^^^^^^^^^^^^^^^^^^^^^^^^^^^^^^^^^^
  File "/home/pc/ProjectManagerDashboard/.venv/lib/python3.12/site-packages/pymysql/connections.py", line 847, in _read_query_result
    result.read()
  File "/home/pc/ProjectManagerDashboard/.venv/lib/python3.12/site-packages/pymysql/connections.py", line 1245, in read
    first_packet = self.connection._read_packet()
                   ^^^^^^^^^^^^^^^^^^^^^^^^^^^^^^
  File "/home/pc/ProjectManagerDashboard/.venv/lib/python3.12/site-packages/pymysql/connections.py", line 803, in _read_packet
    packet.raise_for_error()
  File "/home/pc/ProjectManagerDashboard/.venv/lib/python3.12/site-packages/pymysql/protocol.py", line 219, in raise_for_error
    err.raise_mysql_exception(self._data)
  File "/home/pc/ProjectManagerDashboard/.venv/lib/python3.12/site-packages/pymysql/err.py", line 154, in raise_mysql_exception
    raise errorclass(errno, errval, sqlstate=sqlstate)
pymysql.err.ProgrammingError: (1146, "Table 'ufvuikiv_project_manager_db.django_session' doesn't exist")

The above exception was the direct cause of the following exception:

Traceback (most recent call last):
  File "/home/pc/ProjectManagerDashboard/.venv/lib/python3.12/site-packages/django/core/handlers/exception.py", line 55, in inner
    response = get_response(request)
               ^^^^^^^^^^^^^^^^^^^^^
  File "/home/pc/ProjectManagerDashboard/.venv/lib/python3.12/site-packages/django/utils/deprecation.py", line 122, in __call__
    response = self.process_response(request, response)
               ^^^^^^^^^^^^^^^^^^^^^^^^^^^^^^^^^^^^^^^^
  File "/home/pc/ProjectManagerDashboard/.venv/lib/python3.12/site-packages/django/contrib/sessions/middleware.py", line 59, in process_response
    request.session.save()
  File "/home/pc/ProjectManagerDashboard/.venv/lib/python3.12/site-packages/django/contrib/sessions/backends/db.py", line 121, in save
    return self.create()
           ^^^^^^^^^^^^^
  File "/home/pc/ProjectManagerDashboard/.venv/lib/python3.12/site-packages/django/contrib/sessions/backends/db.py", line 70, in create
    self._session_key = self._get_new_session_key()
                        ^^^^^^^^^^^^^^^^^^^^^^^^^^^
  File "/home/pc/ProjectManagerDashboard/.venv/lib/python3.12/site-packages/django/contrib/sessions/backends/base.py", line 196, in _get_new_session_key
    if not self.exists(session_key):
           ^^^^^^^^^^^^^^^^^^^^^^^^
  File "/home/pc/ProjectManagerDashboard/.venv/lib/python3.12/site-packages/django/contrib/sessions/backends/db.py", line 63, in exists
    return self.model.objects.filter(session_key=session_key).exists()
           ^^^^^^^^^^^^^^^^^^^^^^^^^^^^^^^^^^^^^^^^^^^^^^^^^^^^^^^^^^^
  File "/home/pc/ProjectManagerDashboard/.venv/lib/python3.12/site-packages/django/db/models/query.py", line 1296, in exists
    return self.query.has_results(using=self.db)
           ^^^^^^^^^^^^^^^^^^^^^^^^^^^^^^^^^^^^^
  File "/home/pc/ProjectManagerDashboard/.venv/lib/python3.12/site-packages/django/db/models/sql/query.py", line 674, in has_results
    return compiler.has_results()
           ^^^^^^^^^^^^^^^^^^^^^^
  File "/home/pc/ProjectManagerDashboard/.venv/lib/python3.12/site-packages/django/db/models/sql/compiler.py", line 1591, in has_results
    return bool(self.execute_sql(SINGLE))
                ^^^^^^^^^^^^^^^^^^^^^^^^
  File "/home/pc/ProjectManagerDashboard/.venv/lib/python3.12/site-packages/django/db/models/sql/compiler.py", line 1623, in execute_sql
    cursor.execute(sql, params)
  File "/home/pc/ProjectManagerDashboard/.venv/lib/python3.12/site-packages/django/db/backends/utils.py", line 79, in execute
    return self._execute_with_wrappers(
           ^^^^^^^^^^^^^^^^^^^^^^^^^^^^
  File "/home/pc/ProjectManagerDashboard/.venv/lib/python3.12/site-packages/django/db/backends/utils.py", line 92, in _execute_with_wrappers
    return executor(sql, params, many, context)
           ^^^^^^^^^^^^^^^^^^^^^^^^^^^^^^^^^^^^
  File "/home/pc/ProjectManagerDashboard/.venv/lib/python3.12/site-packages/django/db/backends/utils.py", line 100, in _execute
    with self.db.wrap_database_errors:
  File "/home/pc/ProjectManagerDashboard/.venv/lib/python3.12/site-packages/django/db/utils.py", line 91, in __exit__
    raise dj_exc_value.with_traceback(traceback) from exc_value
  File "/home/pc/ProjectManagerDashboard/.venv/lib/python3.12/site-packages/django/db/backends/utils.py", line 105, in _execute
    return self.cursor.execute(sql, params)
           ^^^^^^^^^^^^^^^^^^^^^^^^^^^^^^^^
  File "/home/pc/ProjectManagerDashboard/.venv/lib/python3.12/site-packages/django/db/backends/mysql/base.py", line 76, in execute
    return self.cursor.execute(query, args)
           ^^^^^^^^^^^^^^^^^^^^^^^^^^^^^^^^
  File "/home/pc/ProjectManagerDashboard/.venv/lib/python3.12/site-packages/pymysql/cursors.py", line 159, in execute
    result = self._query(query)
             ^^^^^^^^^^^^^^^^^^
  File "/home/pc/ProjectManagerDashboard/.venv/lib/python3.12/site-packages/pymysql/cursors.py", line 330, in _query
    conn.query(q)
  File "/home/pc/ProjectManagerDashboard/.venv/lib/python3.12/site-packages/pymysql/connections.py", line 582, in query
    self._affected_rows = self._read_query_result(unbuffered=unbuffered)
                          ^^^^^^^^^^^^^^^^^^^^^^^^^^^^^^^^^^^^^^^^^^^^^^
  File "/home/pc/ProjectManagerDashboard/.venv/lib/python3.12/site-packages/pymysql/connections.py", line 847, in _read_query_result
    result.read()
  File "/home/pc/ProjectManagerDashboard/.venv/lib/python3.12/site-packages/pymysql/connections.py", line 1245, in read
    first_packet = self.connection._read_packet()
                   ^^^^^^^^^^^^^^^^^^^^^^^^^^^^^^
  File "/home/pc/ProjectManagerDashboard/.venv/lib/python3.12/site-packages/pymysql/connections.py", line 803, in _read_packet
    packet.raise_for_error()
  File "/home/pc/ProjectManagerDashboard/.venv/lib/python3.12/site-packages/pymysql/protocol.py", line 219, in raise_for_error
    err.raise_mysql_exception(self._data)
  File "/home/pc/ProjectManagerDashboard/.venv/lib/python3.12/site-packages/pymysql/err.py", line 154, in raise_mysql_exception
    raise errorclass(errno, errval, sqlstate=sqlstate)
django.db.utils.ProgrammingError: (1146, "Table 'ufvuikiv_project_manager_db.django_session' doesn't exist")
ERROR 2026-08-16 19:58:05,672 basehttp 544192 130770491492032 "POST /accounts/login/?next=/ HTTP/1.1" 500 145
ERROR 2026-08-16 20:10:47,970 log 546445 128958556415680 Internal Server Error: /accounts/profile/
Traceback (most recent call last):
  File "/home/pc/ProjectManagerDashboard/.venv/lib/python3.12/site-packages/django/core/handlers/exception.py", line 55, in inner
    response = get_response(request)
               ^^^^^^^^^^^^^^^^^^^^^
  File "/home/pc/ProjectManagerDashboard/.venv/lib/python3.12/site-packages/django/core/handlers/base.py", line 197, in _get_response
    response = wrapped_callback(request, *callback_args, **callback_kwargs)
               ^^^^^^^^^^^^^^^^^^^^^^^^^^^^^^^^^^^^^^^^^^^^^^^^^^^^^^^^^^^^
  File "/home/pc/ProjectManagerDashboard/.venv/lib/python3.12/site-packages/django/contrib/auth/decorators.py", line 59, in _view_wrapper
    return view_func(request, *args, **kwargs)
           ^^^^^^^^^^^^^^^^^^^^^^^^^^^^^^^^^^^
  File "/home/pc/ProjectManagerDashboard/accounts/views.py", line 57, in profile
    return render(request, 'accounts/profile.html', context)
           ^^^^^^^^^^^^^^^^^^^^^^^^^^^^^^^^^^^^^^^^^^^^^^^^^
  File "/home/pc/ProjectManagerDashboard/.venv/lib/python3.12/site-packages/django/shortcuts.py", line 25, in render
    content = loader.render_to_string(template_name, context, request, using=using)
              ^^^^^^^^^^^^^^^^^^^^^^^^^^^^^^^^^^^^^^^^^^^^^^^^^^^^^^^^^^^^^^^^^^^^^
  File "/home/pc/ProjectManagerDashboard/.venv/lib/python3.12/site-packages/django/template/loader.py", line 62, in render_to_string
    return template.render(context, request)
           ^^^^^^^^^^^^^^^^^^^^^^^^^^^^^^^^^
  File "/home/pc/ProjectManagerDashboard/.venv/lib/python3.12/site-packages/django/template/backends/django.py", line 107, in render
    return self.template.render(context)
           ^^^^^^^^^^^^^^^^^^^^^^^^^^^^^
  File "/home/pc/ProjectManagerDashboard/.venv/lib/python3.12/site-packages/django/template/base.py", line 171, in render
    return self._render(context)
           ^^^^^^^^^^^^^^^^^^^^^
  File "/home/pc/ProjectManagerDashboard/.venv/lib/python3.12/site-packages/django/template/base.py", line 163, in _render
    return self.nodelist.render(context)
           ^^^^^^^^^^^^^^^^^^^^^^^^^^^^^
  File "/home/pc/ProjectManagerDashboard/.venv/lib/python3.12/site-packages/django/template/base.py", line 1016, in render
    return SafeString("".join([node.render_annotated(context) for node in self]))
                               ^^^^^^^^^^^^^^^^^^^^^^^^^^^^^^
  File "/home/pc/ProjectManagerDashboard/.venv/lib/python3.12/site-packages/django/template/base.py", line 977, in render_annotated
    return self.render(context)
           ^^^^^^^^^^^^^^^^^^^^
  File "/home/pc/ProjectManagerDashboard/.venv/lib/python3.12/site-packages/django/template/loader_tags.py", line 159, in render
    return compiled_parent._render(context)
           ^^^^^^^^^^^^^^^^^^^^^^^^^^^^^^^^
  File "/home/pc/ProjectManagerDashboard/.venv/lib/python3.12/site-packages/django/template/base.py", line 163, in _render
    return self.nodelist.render(context)
           ^^^^^^^^^^^^^^^^^^^^^^^^^^^^^
  File "/home/pc/ProjectManagerDashboard/.venv/lib/python3.12/site-packages/django/template/base.py", line 1016, in render
    return SafeString("".join([node.render_annotated(context) for node in self]))
                               ^^^^^^^^^^^^^^^^^^^^^^^^^^^^^^
  File "/home/pc/ProjectManagerDashboard/.venv/lib/python3.12/site-packages/django/template/base.py", line 977, in render_annotated
    return self.render(context)
           ^^^^^^^^^^^^^^^^^^^^
  File "/home/pc/ProjectManagerDashboard/.venv/lib/python3.12/site-packages/django/template/loader_tags.py", line 65, in render
    result = block.nodelist.render(context)
             ^^^^^^^^^^^^^^^^^^^^^^^^^^^^^^
  File "/home/pc/ProjectManagerDashboard/.venv/lib/python3.12/site-packages/django/template/base.py", line 1016, in render
    return SafeString("".join([node.render_annotated(context) for node in self]))
                               ^^^^^^^^^^^^^^^^^^^^^^^^^^^^^^
  File "/home/pc/ProjectManagerDashboard/.venv/lib/python3.12/site-packages/django/template/base.py", line 977, in render_annotated
    return self.render(context)
           ^^^^^^^^^^^^^^^^^^^^
  File "/home/pc/ProjectManagerDashboard/.venv/lib/python3.12/site-packages/django/template/defaulttags.py", line 480, in render
    url = reverse(view_name, args=args, kwargs=kwargs, current_app=current_app)
          ^^^^^^^^^^^^^^^^^^^^^^^^^^^^^^^^^^^^^^^^^^^^^^^^^^^^^^^^^^^^^^^^^^^^^
  File "/home/pc/ProjectManagerDashboard/.venv/lib/python3.12/site-packages/django/urls/base.py", line 98, in reverse
    resolved_url = resolver._reverse_with_prefix(view, prefix, *args, **kwargs)
                   ^^^^^^^^^^^^^^^^^^^^^^^^^^^^^^^^^^^^^^^^^^^^^^^^^^^^^^^^^^^^
  File "/home/pc/ProjectManagerDashboard/.venv/lib/python3.12/site-packages/django/urls/resolvers.py", line 831, in _reverse_with_prefix
    raise NoReverseMatch(msg)
django.urls.exceptions.NoReverseMatch: Reverse for 'password_change' not found. 'password_change' is not a valid view function or pattern name.
ERROR 2026-08-16 20:10:47,970 log 546445 128958556415680 Internal Server Error: /accounts/profile/
Traceback (most recent call last):
  File "/home/pc/ProjectManagerDashboard/.venv/lib/python3.12/site-packages/django/core/handlers/exception.py", line 55, in inner
    response = get_response(request)
               ^^^^^^^^^^^^^^^^^^^^^
  File "/home/pc/ProjectManagerDashboard/.venv/lib/python3.12/site-packages/django/core/handlers/base.py", line 197, in _get_response
    response = wrapped_callback(request, *callback_args, **callback_kwargs)
               ^^^^^^^^^^^^^^^^^^^^^^^^^^^^^^^^^^^^^^^^^^^^^^^^^^^^^^^^^^^^
  File "/home/pc/ProjectManagerDashboard/.venv/lib/python3.12/site-packages/django/contrib/auth/decorators.py", line 59, in _view_wrapper
    return view_func(request, *args, **kwargs)
           ^^^^^^^^^^^^^^^^^^^^^^^^^^^^^^^^^^^
  File "/home/pc/ProjectManagerDashboard/accounts/views.py", line 57, in profile
    return render(request, 'accounts/profile.html', context)
           ^^^^^^^^^^^^^^^^^^^^^^^^^^^^^^^^^^^^^^^^^^^^^^^^^
  File "/home/pc/ProjectManagerDashboard/.venv/lib/python3.12/site-packages/django/shortcuts.py", line 25, in render
    content = loader.render_to_string(template_name, context, request, using=using)
              ^^^^^^^^^^^^^^^^^^^^^^^^^^^^^^^^^^^^^^^^^^^^^^^^^^^^^^^^^^^^^^^^^^^^^
  File "/home/pc/ProjectManagerDashboard/.venv/lib/python3.12/site-packages/django/template/loader.py", line 62, in render_to_string
    return template.render(context, request)
           ^^^^^^^^^^^^^^^^^^^^^^^^^^^^^^^^^
  File "/home/pc/ProjectManagerDashboard/.venv/lib/python3.12/site-packages/django/template/backends/django.py", line 107, in render
    return self.template.render(context)
           ^^^^^^^^^^^^^^^^^^^^^^^^^^^^^
  File "/home/pc/ProjectManagerDashboard/.venv/lib/python3.12/site-packages/django/template/base.py", line 171, in render
    return self._render(context)
           ^^^^^^^^^^^^^^^^^^^^^
  File "/home/pc/ProjectManagerDashboard/.venv/lib/python3.12/site-packages/django/template/base.py", line 163, in _render
    return self.nodelist.render(context)
           ^^^^^^^^^^^^^^^^^^^^^^^^^^^^^
  File "/home/pc/ProjectManagerDashboard/.venv/lib/python3.12/site-packages/django/template/base.py", line 1016, in render
    return SafeString("".join([node.render_annotated(context) for node in self]))
                               ^^^^^^^^^^^^^^^^^^^^^^^^^^^^^^
  File "/home/pc/ProjectManagerDashboard/.venv/lib/python3.12/site-packages/django/template/base.py", line 977, in render_annotated
    return self.render(context)
           ^^^^^^^^^^^^^^^^^^^^
  File "/home/pc/ProjectManagerDashboard/.venv/lib/python3.12/site-packages/django/template/loader_tags.py", line 159, in render
    return compiled_parent._render(context)
           ^^^^^^^^^^^^^^^^^^^^^^^^^^^^^^^^
  File "/home/pc/ProjectManagerDashboard/.venv/lib/python3.12/site-packages/django/template/base.py", line 163, in _render
    return self.nodelist.render(context)
           ^^^^^^^^^^^^^^^^^^^^^^^^^^^^^
  File "/home/pc/ProjectManagerDashboard/.venv/lib/python3.12/site-packages/django/template/base.py", line 1016, in render
    return SafeString("".join([node.render_annotated(context) for node in self]))
                               ^^^^^^^^^^^^^^^^^^^^^^^^^^^^^^
  File "/home/pc/ProjectManagerDashboard/.venv/lib/python3.12/site-packages/django/template/base.py", line 977, in render_annotated
    return self.render(context)
           ^^^^^^^^^^^^^^^^^^^^
  File "/home/pc/ProjectManagerDashboard/.venv/lib/python3.12/site-packages/django/template/loader_tags.py", line 65, in render
    result = block.nodelist.render(context)
             ^^^^^^^^^^^^^^^^^^^^^^^^^^^^^^
  File "/home/pc/ProjectManagerDashboard/.venv/lib/python3.12/site-packages/django/template/base.py", line 1016, in render
    return SafeString("".join([node.render_annotated(context) for node in self]))
                               ^^^^^^^^^^^^^^^^^^^^^^^^^^^^^^
  File "/home/pc/ProjectManagerDashboard/.venv/lib/python3.12/site-packages/django/template/base.py", line 977, in render_annotated
    return self.render(context)
           ^^^^^^^^^^^^^^^^^^^^
  File "/home/pc/ProjectManagerDashboard/.venv/lib/python3.12/site-packages/django/template/defaulttags.py", line 480, in render
    url = reverse(view_name, args=args, kwargs=kwargs, current_app=current_app)
          ^^^^^^^^^^^^^^^^^^^^^^^^^^^^^^^^^^^^^^^^^^^^^^^^^^^^^^^^^^^^^^^^^^^^^
  File "/home/pc/ProjectManagerDashboard/.venv/lib/python3.12/site-packages/django/urls/base.py", line 98, in reverse
    resolved_url = resolver._reverse_with_prefix(view, prefix, *args, **kwargs)
                   ^^^^^^^^^^^^^^^^^^^^^^^^^^^^^^^^^^^^^^^^^^^^^^^^^^^^^^^^^^^^
  File "/home/pc/ProjectManagerDashboard/.venv/lib/python3.12/site-packages/django/urls/resolvers.py", line 831, in _reverse_with_prefix
    raise NoReverseMatch(msg)
django.urls.exceptions.NoReverseMatch: Reverse for 'password_change' not found. 'password_change' is not a valid view function or pattern name.
ERROR 2026-08-16 20:10:48,063 basehttp 546445 128958556415680 "GET /accounts/profile/ HTTP/1.1" 500 145
ERROR 2026-08-16 20:42:07,192 log 551492 138902638675648 Internal Server Error: /admin/creator_project/all_project/147/change/
Traceback (most recent call last):
  File "/home/pc/ProjectManagerDashboard/.venv/lib/python3.12/site-packages/django/db/backends/utils.py", line 105, in _execute
    return self.cursor.execute(sql, params)
           ^^^^^^^^^^^^^^^^^^^^^^^^^^^^^^^^
  File "/home/pc/ProjectManagerDashboard/.venv/lib/python3.12/site-packages/django/db/backends/mysql/base.py", line 76, in execute
    return self.cursor.execute(query, args)
           ^^^^^^^^^^^^^^^^^^^^^^^^^^^^^^^^
  File "/home/pc/ProjectManagerDashboard/.venv/lib/python3.12/site-packages/pymysql/cursors.py", line 159, in execute
    result = self._query(query)
             ^^^^^^^^^^^^^^^^^^
  File "/home/pc/ProjectManagerDashboard/.venv/lib/python3.12/site-packages/pymysql/cursors.py", line 330, in _query
    conn.query(q)
  File "/home/pc/ProjectManagerDashboard/.venv/lib/python3.12/site-packages/pymysql/connections.py", line 582, in query
    self._affected_rows = self._read_query_result(unbuffered=unbuffered)
                          ^^^^^^^^^^^^^^^^^^^^^^^^^^^^^^^^^^^^^^^^^^^^^^
  File "/home/pc/ProjectManagerDashboard/.venv/lib/python3.12/site-packages/pymysql/connections.py", line 847, in _read_query_result
    result.read()
  File "/home/pc/ProjectManagerDashboard/.venv/lib/python3.12/site-packages/pymysql/connections.py", line 1245, in read
    first_packet = self.connection._read_packet()
                   ^^^^^^^^^^^^^^^^^^^^^^^^^^^^^^
  File "/home/pc/ProjectManagerDashboard/.venv/lib/python3.12/site-packages/pymysql/connections.py", line 803, in _read_packet
    packet.raise_for_error()
  File "/home/pc/ProjectManagerDashboard/.venv/lib/python3.12/site-packages/pymysql/protocol.py", line 219, in raise_for_error
    err.raise_mysql_exception(self._data)
  File "/home/pc/ProjectManagerDashboard/.venv/lib/python3.12/site-packages/pymysql/err.py", line 154, in raise_mysql_exception
    raise errorclass(errno, errval, sqlstate=sqlstate)
pymysql.err.OperationalError: (1364, "Field 'id' doesn't have a default value")

The above exception was the direct cause of the following exception:

Traceback (most recent call last):
  File "/home/pc/ProjectManagerDashboard/.venv/lib/python3.12/site-packages/django/core/handlers/exception.py", line 55, in inner
    response = get_response(request)
               ^^^^^^^^^^^^^^^^^^^^^
  File "/home/pc/ProjectManagerDashboard/.venv/lib/python3.12/site-packages/django/core/handlers/base.py", line 197, in _get_response
    response = wrapped_callback(request, *callback_args, **callback_kwargs)
               ^^^^^^^^^^^^^^^^^^^^^^^^^^^^^^^^^^^^^^^^^^^^^^^^^^^^^^^^^^^^
  File "/home/pc/ProjectManagerDashboard/.venv/lib/python3.12/site-packages/django/contrib/admin/options.py", line 719, in wrapper
    return self.admin_site.admin_view(view)(*args, **kwargs)
           ^^^^^^^^^^^^^^^^^^^^^^^^^^^^^^^^^^^^^^^^^^^^^^^^^
  File "/home/pc/ProjectManagerDashboard/.venv/lib/python3.12/site-packages/django/utils/decorators.py", line 192, in _view_wrapper
    result = _process_exception(request, e)
             ^^^^^^^^^^^^^^^^^^^^^^^^^^^^^^
  File "/home/pc/ProjectManagerDashboard/.venv/lib/python3.12/site-packages/django/utils/decorators.py", line 190, in _view_wrapper
    response = view_func(request, *args, **kwargs)
               ^^^^^^^^^^^^^^^^^^^^^^^^^^^^^^^^^^^
  File "/home/pc/ProjectManagerDashboard/.venv/lib/python3.12/site-packages/django/views/decorators/cache.py", line 80, in _view_wrapper
    response = view_func(request, *args, **kwargs)
               ^^^^^^^^^^^^^^^^^^^^^^^^^^^^^^^^^^^
  File "/home/pc/ProjectManagerDashboard/.venv/lib/python3.12/site-packages/django/contrib/admin/sites.py", line 246, in inner
    return view(request, *args, **kwargs)
           ^^^^^^^^^^^^^^^^^^^^^^^^^^^^^^
  File "/home/pc/ProjectManagerDashboard/.venv/lib/python3.12/site-packages/django/contrib/admin/options.py", line 1987, in change_view
    return self.changeform_view(request, object_id, form_url, extra_context)
           ^^^^^^^^^^^^^^^^^^^^^^^^^^^^^^^^^^^^^^^^^^^^^^^^^^^^^^^^^^^^^^^^^
  File "/home/pc/ProjectManagerDashboard/.venv/lib/python3.12/site-packages/django/utils/decorators.py", line 48, in _wrapper
    return bound_method(*args, **kwargs)
           ^^^^^^^^^^^^^^^^^^^^^^^^^^^^^
  File "/home/pc/ProjectManagerDashboard/.venv/lib/python3.12/site-packages/django/utils/decorators.py", line 192, in _view_wrapper
    result = _process_exception(request, e)
             ^^^^^^^^^^^^^^^^^^^^^^^^^^^^^^
  File "/home/pc/ProjectManagerDashboard/.venv/lib/python3.12/site-packages/django/utils/decorators.py", line 190, in _view_wrapper
    response = view_func(request, *args, **kwargs)
               ^^^^^^^^^^^^^^^^^^^^^^^^^^^^^^^^^^^
  File "/home/pc/ProjectManagerDashboard/.venv/lib/python3.12/site-packages/django/contrib/admin/options.py", line 1843, in changeform_view
    return self._changeform_view(request, object_id, form_url, extra_context)
           ^^^^^^^^^^^^^^^^^^^^^^^^^^^^^^^^^^^^^^^^^^^^^^^^^^^^^^^^^^^^^^^^^^
  File "/home/pc/ProjectManagerDashboard/.venv/lib/python3.12/site-packages/django/contrib/admin/options.py", line 1903, in _changeform_view
    self.log_change(request, new_object, change_message)
  File "/home/pc/ProjectManagerDashboard/.venv/lib/python3.12/site-packages/django/contrib/admin/options.py", line 969, in log_change
    return LogEntry.objects.log_actions(
           ^^^^^^^^^^^^^^^^^^^^^^^^^^^^^
  File "/home/pc/ProjectManagerDashboard/.venv/lib/python3.12/site-packages/django/contrib/admin/models.py", line 98, in log_actions
    instance.save()
  File "/home/pc/ProjectManagerDashboard/.venv/lib/python3.12/site-packages/django/db/models/base.py", line 902, in save
    self.save_base(
  File "/home/pc/ProjectManagerDashboard/.venv/lib/python3.12/site-packages/django/db/models/base.py", line 1008, in save_base
    updated = self._save_table(
              ^^^^^^^^^^^^^^^^^
  File "/home/pc/ProjectManagerDashboard/.venv/lib/python3.12/site-packages/django/db/models/base.py", line 1169, in _save_table
    results = self._do_insert(
              ^^^^^^^^^^^^^^^^
  File "/home/pc/ProjectManagerDashboard/.venv/lib/python3.12/site-packages/django/db/models/base.py", line 1210, in _do_insert
    return manager._insert(
           ^^^^^^^^^^^^^^^^
  File "/home/pc/ProjectManagerDashboard/.venv/lib/python3.12/site-packages/django/db/models/manager.py", line 87, in manager_method
    return getattr(self.get_queryset(), name)(*args, **kwargs)
           ^^^^^^^^^^^^^^^^^^^^^^^^^^^^^^^^^^^^^^^^^^^^^^^^^^^
  File "/home/pc/ProjectManagerDashboard/.venv/lib/python3.12/site-packages/django/db/models/query.py", line 1868, in _insert
    return query.get_compiler(using=using).execute_sql(returning_fields)
           ^^^^^^^^^^^^^^^^^^^^^^^^^^^^^^^^^^^^^^^^^^^^^^^^^^^^^^^^^^^^^
  File "/home/pc/ProjectManagerDashboard/.venv/lib/python3.12/site-packages/django/db/models/sql/compiler.py", line 1882, in execute_sql
    cursor.execute(sql, params)
  File "/home/pc/ProjectManagerDashboard/.venv/lib/python3.12/site-packages/django/db/backends/utils.py", line 79, in execute
    return self._execute_with_wrappers(
           ^^^^^^^^^^^^^^^^^^^^^^^^^^^^
  File "/home/pc/ProjectManagerDashboard/.venv/lib/python3.12/site-packages/django/db/backends/utils.py", line 92, in _execute_with_wrappers
    return executor(sql, params, many, context)
           ^^^^^^^^^^^^^^^^^^^^^^^^^^^^^^^^^^^^
  File "/home/pc/ProjectManagerDashboard/.venv/lib/python3.12/site-packages/django/db/backends/utils.py", line 100, in _execute
    with self.db.wrap_database_errors:
  File "/home/pc/ProjectManagerDashboard/.venv/lib/python3.12/site-packages/django/db/utils.py", line 91, in __exit__
    raise dj_exc_value.with_traceback(traceback) from exc_value
  File "/home/pc/ProjectManagerDashboard/.venv/lib/python3.12/site-packages/django/db/backends/utils.py", line 105, in _execute
    return self.cursor.execute(sql, params)
           ^^^^^^^^^^^^^^^^^^^^^^^^^^^^^^^^
  File "/home/pc/ProjectManagerDashboard/.venv/lib/python3.12/site-packages/django/db/backends/mysql/base.py", line 76, in execute
    return self.cursor.execute(query, args)
           ^^^^^^^^^^^^^^^^^^^^^^^^^^^^^^^^
  File "/home/pc/ProjectManagerDashboard/.venv/lib/python3.12/site-packages/pymysql/cursors.py", line 159, in execute
    result = self._query(query)
             ^^^^^^^^^^^^^^^^^^
  File "/home/pc/ProjectManagerDashboard/.venv/lib/python3.12/site-packages/pymysql/cursors.py", line 330, in _query
    conn.query(q)
  File "/home/pc/ProjectManagerDashboard/.venv/lib/python3.12/site-packages/pymysql/connections.py", line 582, in query
    self._affected_rows = self._read_query_result(unbuffered=unbuffered)
                          ^^^^^^^^^^^^^^^^^^^^^^^^^^^^^^^^^^^^^^^^^^^^^^
  File "/home/pc/ProjectManagerDashboard/.venv/lib/python3.12/site-packages/pymysql/connections.py", line 847, in _read_query_result
    result.read()
  File "/home/pc/ProjectManagerDashboard/.venv/lib/python3.12/site-packages/pymysql/connections.py", line 1245, in read
    first_packet = self.connection._read_packet()
                   ^^^^^^^^^^^^^^^^^^^^^^^^^^^^^^
  File "/home/pc/ProjectManagerDashboard/.venv/lib/python3.12/site-packages/pymysql/connections.py", line 803, in _read_packet
    packet.raise_for_error()
  File "/home/pc/ProjectManagerDashboard/.venv/lib/python3.12/site-packages/pymysql/protocol.py", line 219, in raise_for_error
    err.raise_mysql_exception(self._data)
  File "/home/pc/ProjectManagerDashboard/.venv/lib/python3.12/site-packages/pymysql/err.py", line 154, in raise_mysql_exception
    raise errorclass(errno, errval, sqlstate=sqlstate)
django.db.utils.OperationalError: (1364, "Field 'id' doesn't have a default value")
ERROR 2026-08-16 20:42:07,192 log 551492 138902638675648 Internal Server Error: /admin/creator_project/all_project/147/change/
Traceback (most recent call last):
  File "/home/pc/ProjectManagerDashboard/.venv/lib/python3.12/site-packages/django/db/backends/utils.py", line 105, in _execute
    return self.cursor.execute(sql, params)
           ^^^^^^^^^^^^^^^^^^^^^^^^^^^^^^^^
  File "/home/pc/ProjectManagerDashboard/.venv/lib/python3.12/site-packages/django/db/backends/mysql/base.py", line 76, in execute
    return self.cursor.execute(query, args)
           ^^^^^^^^^^^^^^^^^^^^^^^^^^^^^^^^
  File "/home/pc/ProjectManagerDashboard/.venv/lib/python3.12/site-packages/pymysql/cursors.py", line 159, in execute
    result = self._query(query)
             ^^^^^^^^^^^^^^^^^^
  File "/home/pc/ProjectManagerDashboard/.venv/lib/python3.12/site-packages/pymysql/cursors.py", line 330, in _query
    conn.query(q)
  File "/home/pc/ProjectManagerDashboard/.venv/lib/python3.12/site-packages/pymysql/connections.py", line 582, in query
    self._affected_rows = self._read_query_result(unbuffered=unbuffered)
                          ^^^^^^^^^^^^^^^^^^^^^^^^^^^^^^^^^^^^^^^^^^^^^^
  File "/home/pc/ProjectManagerDashboard/.venv/lib/python3.12/site-packages/pymysql/connections.py", line 847, in _read_query_result
    result.read()
  File "/home/pc/ProjectManagerDashboard/.venv/lib/python3.12/site-packages/pymysql/connections.py", line 1245, in read
    first_packet = self.connection._read_packet()
                   ^^^^^^^^^^^^^^^^^^^^^^^^^^^^^^
  File "/home/pc/ProjectManagerDashboard/.venv/lib/python3.12/site-packages/pymysql/connections.py", line 803, in _read_packet
    packet.raise_for_error()
  File "/home/pc/ProjectManagerDashboard/.venv/lib/python3.12/site-packages/pymysql/protocol.py", line 219, in raise_for_error
    err.raise_mysql_exception(self._data)
  File "/home/pc/ProjectManagerDashboard/.venv/lib/python3.12/site-packages/pymysql/err.py", line 154, in raise_mysql_exception
    raise errorclass(errno, errval, sqlstate=sqlstate)
pymysql.err.OperationalError: (1364, "Field 'id' doesn't have a default value")

The above exception was the direct cause of the following exception:

Traceback (most recent call last):
  File "/home/pc/ProjectManagerDashboard/.venv/lib/python3.12/site-packages/django/core/handlers/exception.py", line 55, in inner
    response = get_response(request)
               ^^^^^^^^^^^^^^^^^^^^^
  File "/home/pc/ProjectManagerDashboard/.venv/lib/python3.12/site-packages/django/core/handlers/base.py", line 197, in _get_response
    response = wrapped_callback(request, *callback_args, **callback_kwargs)
               ^^^^^^^^^^^^^^^^^^^^^^^^^^^^^^^^^^^^^^^^^^^^^^^^^^^^^^^^^^^^
  File "/home/pc/ProjectManagerDashboard/.venv/lib/python3.12/site-packages/django/contrib/admin/options.py", line 719, in wrapper
    return self.admin_site.admin_view(view)(*args, **kwargs)
           ^^^^^^^^^^^^^^^^^^^^^^^^^^^^^^^^^^^^^^^^^^^^^^^^^
  File "/home/pc/ProjectManagerDashboard/.venv/lib/python3.12/site-packages/django/utils/decorators.py", line 192, in _view_wrapper
    result = _process_exception(request, e)
             ^^^^^^^^^^^^^^^^^^^^^^^^^^^^^^
  File "/home/pc/ProjectManagerDashboard/.venv/lib/python3.12/site-packages/django/utils/decorators.py", line 190, in _view_wrapper
    response = view_func(request, *args, **kwargs)
               ^^^^^^^^^^^^^^^^^^^^^^^^^^^^^^^^^^^
  File "/home/pc/ProjectManagerDashboard/.venv/lib/python3.12/site-packages/django/views/decorators/cache.py", line 80, in _view_wrapper
    response = view_func(request, *args, **kwargs)
               ^^^^^^^^^^^^^^^^^^^^^^^^^^^^^^^^^^^
  File "/home/pc/ProjectManagerDashboard/.venv/lib/python3.12/site-packages/django/contrib/admin/sites.py", line 246, in inner
    return view(request, *args, **kwargs)
           ^^^^^^^^^^^^^^^^^^^^^^^^^^^^^^
  File "/home/pc/ProjectManagerDashboard/.venv/lib/python3.12/site-packages/django/contrib/admin/options.py", line 1987, in change_view
    return self.changeform_view(request, object_id, form_url, extra_context)
           ^^^^^^^^^^^^^^^^^^^^^^^^^^^^^^^^^^^^^^^^^^^^^^^^^^^^^^^^^^^^^^^^^
  File "/home/pc/ProjectManagerDashboard/.venv/lib/python3.12/site-packages/django/utils/decorators.py", line 48, in _wrapper
    return bound_method(*args, **kwargs)
           ^^^^^^^^^^^^^^^^^^^^^^^^^^^^^
  File "/home/pc/ProjectManagerDashboard/.venv/lib/python3.12/site-packages/django/utils/decorators.py", line 192, in _view_wrapper
    result = _process_exception(request, e)
             ^^^^^^^^^^^^^^^^^^^^^^^^^^^^^^
  File "/home/pc/ProjectManagerDashboard/.venv/lib/python3.12/site-packages/django/utils/decorators.py", line 190, in _view_wrapper
    response = view_func(request, *args, **kwargs)
               ^^^^^^^^^^^^^^^^^^^^^^^^^^^^^^^^^^^
  File "/home/pc/ProjectManagerDashboard/.venv/lib/python3.12/site-packages/django/contrib/admin/options.py", line 1843, in changeform_view
    return self._changeform_view(request, object_id, form_url, extra_context)
           ^^^^^^^^^^^^^^^^^^^^^^^^^^^^^^^^^^^^^^^^^^^^^^^^^^^^^^^^^^^^^^^^^^
  File "/home/pc/ProjectManagerDashboard/.venv/lib/python3.12/site-packages/django/contrib/admin/options.py", line 1903, in _changeform_view
    self.log_change(request, new_object, change_message)
  File "/home/pc/ProjectManagerDashboard/.venv/lib/python3.12/site-packages/django/contrib/admin/options.py", line 969, in log_change
    return LogEntry.objects.log_actions(
           ^^^^^^^^^^^^^^^^^^^^^^^^^^^^^
  File "/home/pc/ProjectManagerDashboard/.venv/lib/python3.12/site-packages/django/contrib/admin/models.py", line 98, in log_actions
    instance.save()
  File "/home/pc/ProjectManagerDashboard/.venv/lib/python3.12/site-packages/django/db/models/base.py", line 902, in save
    self.save_base(
  File "/home/pc/ProjectManagerDashboard/.venv/lib/python3.12/site-packages/django/db/models/base.py", line 1008, in save_base
    updated = self._save_table(
              ^^^^^^^^^^^^^^^^^
  File "/home/pc/ProjectManagerDashboard/.venv/lib/python3.12/site-packages/django/db/models/base.py", line 1169, in _save_table
    results = self._do_insert(
              ^^^^^^^^^^^^^^^^
  File "/home/pc/ProjectManagerDashboard/.venv/lib/python3.12/site-packages/django/db/models/base.py", line 1210, in _do_insert
    return manager._insert(
           ^^^^^^^^^^^^^^^^
  File "/home/pc/ProjectManagerDashboard/.venv/lib/python3.12/site-packages/django/db/models/manager.py", line 87, in manager_method
    return getattr(self.get_queryset(), name)(*args, **kwargs)
           ^^^^^^^^^^^^^^^^^^^^^^^^^^^^^^^^^^^^^^^^^^^^^^^^^^^
  File "/home/pc/ProjectManagerDashboard/.venv/lib/python3.12/site-packages/django/db/models/query.py", line 1868, in _insert
    return query.get_compiler(using=using).execute_sql(returning_fields)
           ^^^^^^^^^^^^^^^^^^^^^^^^^^^^^^^^^^^^^^^^^^^^^^^^^^^^^^^^^^^^^
  File "/home/pc/ProjectManagerDashboard/.venv/lib/python3.12/site-packages/django/db/models/sql/compiler.py", line 1882, in execute_sql
    cursor.execute(sql, params)
  File "/home/pc/ProjectManagerDashboard/.venv/lib/python3.12/site-packages/django/db/backends/utils.py", line 79, in execute
    return self._execute_with_wrappers(
           ^^^^^^^^^^^^^^^^^^^^^^^^^^^^
  File "/home/pc/ProjectManagerDashboard/.venv/lib/python3.12/site-packages/django/db/backends/utils.py", line 92, in _execute_with_wrappers
    return executor(sql, params, many, context)
           ^^^^^^^^^^^^^^^^^^^^^^^^^^^^^^^^^^^^
  File "/home/pc/ProjectManagerDashboard/.venv/lib/python3.12/site-packages/django/db/backends/utils.py", line 100, in _execute
    with self.db.wrap_database_errors:
  File "/home/pc/ProjectManagerDashboard/.venv/lib/python3.12/site-packages/django/db/utils.py", line 91, in __exit__
    raise dj_exc_value.with_traceback(traceback) from exc_value
  File "/home/pc/ProjectManagerDashboard/.venv/lib/python3.12/site-packages/django/db/backends/utils.py", line 105, in _execute
    return self.cursor.execute(sql, params)
           ^^^^^^^^^^^^^^^^^^^^^^^^^^^^^^^^
  File "/home/pc/ProjectManagerDashboard/.venv/lib/python3.12/site-packages/django/db/backends/mysql/base.py", line 76, in execute
    return self.cursor.execute(query, args)
           ^^^^^^^^^^^^^^^^^^^^^^^^^^^^^^^^
  File "/home/pc/ProjectManagerDashboard/.venv/lib/python3.12/site-packages/pymysql/cursors.py", line 159, in execute
    result = self._query(query)
             ^^^^^^^^^^^^^^^^^^
  File "/home/pc/ProjectManagerDashboard/.venv/lib/python3.12/site-packages/pymysql/cursors.py", line 330, in _query
    conn.query(q)
  File "/home/pc/ProjectManagerDashboard/.venv/lib/python3.12/site-packages/pymysql/connections.py", line 582, in query
    self._affected_rows = self._read_query_result(unbuffered=unbuffered)
                          ^^^^^^^^^^^^^^^^^^^^^^^^^^^^^^^^^^^^^^^^^^^^^^
  File "/home/pc/ProjectManagerDashboard/.venv/lib/python3.12/site-packages/pymysql/connections.py", line 847, in _read_query_result
    result.read()
  File "/home/pc/ProjectManagerDashboard/.venv/lib/python3.12/site-packages/pymysql/connections.py", line 1245, in read
    first_packet = self.connection._read_packet()
                   ^^^^^^^^^^^^^^^^^^^^^^^^^^^^^^
  File "/home/pc/ProjectManagerDashboard/.venv/lib/python3.12/site-packages/pymysql/connections.py", line 803, in _read_packet
    packet.raise_for_error()
  File "/home/pc/ProjectManagerDashboard/.venv/lib/python3.12/site-packages/pymysql/protocol.py", line 219, in raise_for_error
    err.raise_mysql_exception(self._data)
  File "/home/pc/ProjectManagerDashboard/.venv/lib/python3.12/site-packages/pymysql/err.py", line 154, in raise_mysql_exception
    raise errorclass(errno, errval, sqlstate=sqlstate)
django.db.utils.OperationalError: (1364, "Field 'id' doesn't have a default value")
ERROR 2026-08-16 20:42:07,282 basehttp 551492 138902638675648 "POST /admin/creator_project/all_project/147/change/?_changelist_filters=q%3D%25D8%25AF%25DB%258C%25D9%2588%25D8%25A7%25D8%25B1%2B%25DA%25A9%25D8%25B4%25DB%258C%2B%25D9%25BE%25D8%25A7%25DB%258C%25DA%25AF%25D8%25A7%25D9%2587%2B%25D8%25A7%25D9%2585%25D8%25AF%25D8%25A7%25D8%25AF%2B%25D9%2588%2B%25D9%2586%25D8%25AC%25D8%25A7%25D8%25AA%2B%25DA%25AF%25D8%25B1%25D9%2585%25D8%25B3%25D8%25A7%25D8%25B1 HTTP/1.1" 500 145
ERROR 2026-08-16 20:42:31,550 log 551492 138902638675648 Internal Server Error: /admin/creator_subproject/subproject/
Traceback (most recent call last):
  File "/home/pc/ProjectManagerDashboard/.venv/lib/python3.12/site-packages/django/db/backends/utils.py", line 105, in _execute
    return self.cursor.execute(sql, params)
           ^^^^^^^^^^^^^^^^^^^^^^^^^^^^^^^^
  File "/home/pc/ProjectManagerDashboard/.venv/lib/python3.12/site-packages/django/db/backends/mysql/base.py", line 76, in execute
    return self.cursor.execute(query, args)
           ^^^^^^^^^^^^^^^^^^^^^^^^^^^^^^^^
  File "/home/pc/ProjectManagerDashboard/.venv/lib/python3.12/site-packages/pymysql/cursors.py", line 159, in execute
    result = self._query(query)
             ^^^^^^^^^^^^^^^^^^
  File "/home/pc/ProjectManagerDashboard/.venv/lib/python3.12/site-packages/pymysql/cursors.py", line 330, in _query
    conn.query(q)
  File "/home/pc/ProjectManagerDashboard/.venv/lib/python3.12/site-packages/pymysql/connections.py", line 582, in query
    self._affected_rows = self._read_query_result(unbuffered=unbuffered)
                          ^^^^^^^^^^^^^^^^^^^^^^^^^^^^^^^^^^^^^^^^^^^^^^
  File "/home/pc/ProjectManagerDashboard/.venv/lib/python3.12/site-packages/pymysql/connections.py", line 847, in _read_query_result
    result.read()
  File "/home/pc/ProjectManagerDashboard/.venv/lib/python3.12/site-packages/pymysql/connections.py", line 1245, in read
    first_packet = self.connection._read_packet()
                   ^^^^^^^^^^^^^^^^^^^^^^^^^^^^^^
  File "/home/pc/ProjectManagerDashboard/.venv/lib/python3.12/site-packages/pymysql/connections.py", line 803, in _read_packet
    packet.raise_for_error()
  File "/home/pc/ProjectManagerDashboard/.venv/lib/python3.12/site-packages/pymysql/protocol.py", line 219, in raise_for_error
    err.raise_mysql_exception(self._data)
  File "/home/pc/ProjectManagerDashboard/.venv/lib/python3.12/site-packages/pymysql/err.py", line 154, in raise_mysql_exception
    raise errorclass(errno, errval, sqlstate=sqlstate)
pymysql.err.OperationalError: (1364, "Field 'id' doesn't have a default value")

The above exception was the direct cause of the following exception:

Traceback (most recent call last):
  File "/home/pc/ProjectManagerDashboard/.venv/lib/python3.12/site-packages/django/core/handlers/exception.py", line 55, in inner
    response = get_response(request)
               ^^^^^^^^^^^^^^^^^^^^^
  File "/home/pc/ProjectManagerDashboard/.venv/lib/python3.12/site-packages/django/core/handlers/base.py", line 197, in _get_response
    response = wrapped_callback(request, *callback_args, **callback_kwargs)
               ^^^^^^^^^^^^^^^^^^^^^^^^^^^^^^^^^^^^^^^^^^^^^^^^^^^^^^^^^^^^
  File "/home/pc/ProjectManagerDashboard/.venv/lib/python3.12/site-packages/django/contrib/admin/options.py", line 719, in wrapper
    return self.admin_site.admin_view(view)(*args, **kwargs)
           ^^^^^^^^^^^^^^^^^^^^^^^^^^^^^^^^^^^^^^^^^^^^^^^^^
  File "/home/pc/ProjectManagerDashboard/.venv/lib/python3.12/site-packages/django/utils/decorators.py", line 192, in _view_wrapper
    result = _process_exception(request, e)
             ^^^^^^^^^^^^^^^^^^^^^^^^^^^^^^
  File "/home/pc/ProjectManagerDashboard/.venv/lib/python3.12/site-packages/django/utils/decorators.py", line 190, in _view_wrapper
    response = view_func(request, *args, **kwargs)
               ^^^^^^^^^^^^^^^^^^^^^^^^^^^^^^^^^^^
  File "/home/pc/ProjectManagerDashboard/.venv/lib/python3.12/site-packages/django/views/decorators/cache.py", line 80, in _view_wrapper
    response = view_func(request, *args, **kwargs)
               ^^^^^^^^^^^^^^^^^^^^^^^^^^^^^^^^^^^
  File "/home/pc/ProjectManagerDashboard/.venv/lib/python3.12/site-packages/django/contrib/admin/sites.py", line 246, in inner
    return view(request, *args, **kwargs)
           ^^^^^^^^^^^^^^^^^^^^^^^^^^^^^^
  File "/home/pc/ProjectManagerDashboard/.venv/lib/python3.12/site-packages/django/utils/decorators.py", line 48, in _wrapper
    return bound_method(*args, **kwargs)
           ^^^^^^^^^^^^^^^^^^^^^^^^^^^^^
  File "/home/pc/ProjectManagerDashboard/.venv/lib/python3.12/site-packages/django/utils/decorators.py", line 192, in _view_wrapper
    result = _process_exception(request, e)
             ^^^^^^^^^^^^^^^^^^^^^^^^^^^^^^
  File "/home/pc/ProjectManagerDashboard/.venv/lib/python3.12/site-packages/django/utils/decorators.py", line 190, in _view_wrapper
    response = view_func(request, *args, **kwargs)
               ^^^^^^^^^^^^^^^^^^^^^^^^^^^^^^^^^^^
  File "/home/pc/ProjectManagerDashboard/.venv/lib/python3.12/site-packages/django/contrib/admin/options.py", line 2081, in changelist_view
    response = self.response_action(
               ^^^^^^^^^^^^^^^^^^^^^
  File "/home/pc/ProjectManagerDashboard/.venv/lib/python3.12/site-packages/django/contrib/admin/options.py", line 1686, in response_action
    response = func(self, request, queryset)
               ^^^^^^^^^^^^^^^^^^^^^^^^^^^^^
  File "/home/pc/ProjectManagerDashboard/.venv/lib/python3.12/site-packages/django/contrib/admin/actions.py", line 48, in delete_selected
    modeladmin.log_deletions(request, queryset)
  File "/home/pc/ProjectManagerDashboard/.venv/lib/python3.12/site-packages/django/contrib/admin/options.py", line 1018, in log_deletions
    return LogEntry.objects.log_actions(
           ^^^^^^^^^^^^^^^^^^^^^^^^^^^^^
  File "/home/pc/ProjectManagerDashboard/.venv/lib/python3.12/site-packages/django/contrib/admin/models.py", line 103, in log_actions
    return self.model.objects.bulk_create(log_entry_list)
           ^^^^^^^^^^^^^^^^^^^^^^^^^^^^^^^^^^^^^^^^^^^^^^
  File "/home/pc/ProjectManagerDashboard/.venv/lib/python3.12/site-packages/django/db/models/manager.py", line 87, in manager_method
    return getattr(self.get_queryset(), name)(*args, **kwargs)
           ^^^^^^^^^^^^^^^^^^^^^^^^^^^^^^^^^^^^^^^^^^^^^^^^^^^
  File "/home/pc/ProjectManagerDashboard/.venv/lib/python3.12/site-packages/django/db/models/query.py", line 823, in bulk_create
    returned_columns = self._batched_insert(
                       ^^^^^^^^^^^^^^^^^^^^^
  File "/home/pc/ProjectManagerDashboard/.venv/lib/python3.12/site-packages/django/db/models/query.py", line 1896, in _batched_insert
    self._insert(
  File "/home/pc/ProjectManagerDashboard/.venv/lib/python3.12/site-packages/django/db/models/query.py", line 1868, in _insert
    return query.get_compiler(using=using).execute_sql(returning_fields)
           ^^^^^^^^^^^^^^^^^^^^^^^^^^^^^^^^^^^^^^^^^^^^^^^^^^^^^^^^^^^^^
  File "/home/pc/ProjectManagerDashboard/.venv/lib/python3.12/site-packages/django/db/models/sql/compiler.py", line 1882, in execute_sql
    cursor.execute(sql, params)
  File "/home/pc/ProjectManagerDashboard/.venv/lib/python3.12/site-packages/django/db/backends/utils.py", line 79, in execute
    return self._execute_with_wrappers(
           ^^^^^^^^^^^^^^^^^^^^^^^^^^^^
  File "/home/pc/ProjectManagerDashboard/.venv/lib/python3.12/site-packages/django/db/backends/utils.py", line 92, in _execute_with_wrappers
    return executor(sql, params, many, context)
           ^^^^^^^^^^^^^^^^^^^^^^^^^^^^^^^^^^^^
  File "/home/pc/ProjectManagerDashboard/.venv/lib/python3.12/site-packages/django/db/backends/utils.py", line 100, in _execute
    with self.db.wrap_database_errors:
  File "/home/pc/ProjectManagerDashboard/.venv/lib/python3.12/site-packages/django/db/utils.py", line 91, in __exit__
    raise dj_exc_value.with_traceback(traceback) from exc_value
  File "/home/pc/ProjectManagerDashboard/.venv/lib/python3.12/site-packages/django/db/backends/utils.py", line 105, in _execute
    return self.cursor.execute(sql, params)
           ^^^^^^^^^^^^^^^^^^^^^^^^^^^^^^^^
  File "/home/pc/ProjectManagerDashboard/.venv/lib/python3.12/site-packages/django/db/backends/mysql/base.py", line 76, in execute
    return self.cursor.execute(query, args)
           ^^^^^^^^^^^^^^^^^^^^^^^^^^^^^^^^
  File "/home/pc/ProjectManagerDashboard/.venv/lib/python3.12/site-packages/pymysql/cursors.py", line 159, in execute
    result = self._query(query)
             ^^^^^^^^^^^^^^^^^^
  File "/home/pc/ProjectManagerDashboard/.venv/lib/python3.12/site-packages/pymysql/cursors.py", line 330, in _query
    conn.query(q)
  File "/home/pc/ProjectManagerDashboard/.venv/lib/python3.12/site-packages/pymysql/connections.py", line 582, in query
    self._affected_rows = self._read_query_result(unbuffered=unbuffered)
                          ^^^^^^^^^^^^^^^^^^^^^^^^^^^^^^^^^^^^^^^^^^^^^^
  File "/home/pc/ProjectManagerDashboard/.venv/lib/python3.12/site-packages/pymysql/connections.py", line 847, in _read_query_result
    result.read()
  File "/home/pc/ProjectManagerDashboard/.venv/lib/python3.12/site-packages/pymysql/connections.py", line 1245, in read
    first_packet = self.connection._read_packet()
                   ^^^^^^^^^^^^^^^^^^^^^^^^^^^^^^
  File "/home/pc/ProjectManagerDashboard/.venv/lib/python3.12/site-packages/pymysql/connections.py", line 803, in _read_packet
    packet.raise_for_error()
  File "/home/pc/ProjectManagerDashboard/.venv/lib/python3.12/site-packages/pymysql/protocol.py", line 219, in raise_for_error
    err.raise_mysql_exception(self._data)
  File "/home/pc/ProjectManagerDashboard/.venv/lib/python3.12/site-packages/pymysql/err.py", line 154, in raise_mysql_exception
    raise errorclass(errno, errval, sqlstate=sqlstate)
django.db.utils.OperationalError: (1364, "Field 'id' doesn't have a default value")
ERROR 2026-08-16 20:42:31,550 log 551492 138902638675648 Internal Server Error: /admin/creator_subproject/subproject/
Traceback (most recent call last):
  File "/home/pc/ProjectManagerDashboard/.venv/lib/python3.12/site-packages/django/db/backends/utils.py", line 105, in _execute
    return self.cursor.execute(sql, params)
           ^^^^^^^^^^^^^^^^^^^^^^^^^^^^^^^^
  File "/home/pc/ProjectManagerDashboard/.venv/lib/python3.12/site-packages/django/db/backends/mysql/base.py", line 76, in execute
    return self.cursor.execute(query, args)
           ^^^^^^^^^^^^^^^^^^^^^^^^^^^^^^^^
  File "/home/pc/ProjectManagerDashboard/.venv/lib/python3.12/site-packages/pymysql/cursors.py", line 159, in execute
    result = self._query(query)
             ^^^^^^^^^^^^^^^^^^
  File "/home/pc/ProjectManagerDashboard/.venv/lib/python3.12/site-packages/pymysql/cursors.py", line 330, in _query
    conn.query(q)
  File "/home/pc/ProjectManagerDashboard/.venv/lib/python3.12/site-packages/pymysql/connections.py", line 582, in query
    self._affected_rows = self._read_query_result(unbuffered=unbuffered)
                          ^^^^^^^^^^^^^^^^^^^^^^^^^^^^^^^^^^^^^^^^^^^^^^
  File "/home/pc/ProjectManagerDashboard/.venv/lib/python3.12/site-packages/pymysql/connections.py", line 847, in _read_query_result
    result.read()
  File "/home/pc/ProjectManagerDashboard/.venv/lib/python3.12/site-packages/pymysql/connections.py", line 1245, in read
    first_packet = self.connection._read_packet()
                   ^^^^^^^^^^^^^^^^^^^^^^^^^^^^^^
  File "/home/pc/ProjectManagerDashboard/.venv/lib/python3.12/site-packages/pymysql/connections.py", line 803, in _read_packet
    packet.raise_for_error()
  File "/home/pc/ProjectManagerDashboard/.venv/lib/python3.12/site-packages/pymysql/protocol.py", line 219, in raise_for_error
    err.raise_mysql_exception(self._data)
  File "/home/pc/ProjectManagerDashboard/.venv/lib/python3.12/site-packages/pymysql/err.py", line 154, in raise_mysql_exception
    raise errorclass(errno, errval, sqlstate=sqlstate)
pymysql.err.OperationalError: (1364, "Field 'id' doesn't have a default value")

The above exception was the direct cause of the following exception:

Traceback (most recent call last):
  File "/home/pc/ProjectManagerDashboard/.venv/lib/python3.12/site-packages/django/core/handlers/exception.py", line 55, in inner
    response = get_response(request)
               ^^^^^^^^^^^^^^^^^^^^^
  File "/home/pc/ProjectManagerDashboard/.venv/lib/python3.12/site-packages/django/core/handlers/base.py", line 197, in _get_response
    response = wrapped_callback(request, *callback_args, **callback_kwargs)
               ^^^^^^^^^^^^^^^^^^^^^^^^^^^^^^^^^^^^^^^^^^^^^^^^^^^^^^^^^^^^
  File "/home/pc/ProjectManagerDashboard/.venv/lib/python3.12/site-packages/django/contrib/admin/options.py", line 719, in wrapper
    return self.admin_site.admin_view(view)(*args, **kwargs)
           ^^^^^^^^^^^^^^^^^^^^^^^^^^^^^^^^^^^^^^^^^^^^^^^^^
  File "/home/pc/ProjectManagerDashboard/.venv/lib/python3.12/site-packages/django/utils/decorators.py", line 192, in _view_wrapper
    result = _process_exception(request, e)
             ^^^^^^^^^^^^^^^^^^^^^^^^^^^^^^
  File "/home/pc/ProjectManagerDashboard/.venv/lib/python3.12/site-packages/django/utils/decorators.py", line 190, in _view_wrapper
    response = view_func(request, *args, **kwargs)
               ^^^^^^^^^^^^^^^^^^^^^^^^^^^^^^^^^^^
  File "/home/pc/ProjectManagerDashboard/.venv/lib/python3.12/site-packages/django/views/decorators/cache.py", line 80, in _view_wrapper
    response = view_func(request, *args, **kwargs)
               ^^^^^^^^^^^^^^^^^^^^^^^^^^^^^^^^^^^
  File "/home/pc/ProjectManagerDashboard/.venv/lib/python3.12/site-packages/django/contrib/admin/sites.py", line 246, in inner
    return view(request, *args, **kwargs)
           ^^^^^^^^^^^^^^^^^^^^^^^^^^^^^^
  File "/home/pc/ProjectManagerDashboard/.venv/lib/python3.12/site-packages/django/utils/decorators.py", line 48, in _wrapper
    return bound_method(*args, **kwargs)
           ^^^^^^^^^^^^^^^^^^^^^^^^^^^^^
  File "/home/pc/ProjectManagerDashboard/.venv/lib/python3.12/site-packages/django/utils/decorators.py", line 192, in _view_wrapper
    result = _process_exception(request, e)
             ^^^^^^^^^^^^^^^^^^^^^^^^^^^^^^
  File "/home/pc/ProjectManagerDashboard/.venv/lib/python3.12/site-packages/django/utils/decorators.py", line 190, in _view_wrapper
    response = view_func(request, *args, **kwargs)
               ^^^^^^^^^^^^^^^^^^^^^^^^^^^^^^^^^^^
  File "/home/pc/ProjectManagerDashboard/.venv/lib/python3.12/site-packages/django/contrib/admin/options.py", line 2081, in changelist_view
    response = self.response_action(
               ^^^^^^^^^^^^^^^^^^^^^
  File "/home/pc/ProjectManagerDashboard/.venv/lib/python3.12/site-packages/django/contrib/admin/options.py", line 1686, in response_action
    response = func(self, request, queryset)
               ^^^^^^^^^^^^^^^^^^^^^^^^^^^^^
  File "/home/pc/ProjectManagerDashboard/.venv/lib/python3.12/site-packages/django/contrib/admin/actions.py", line 48, in delete_selected
    modeladmin.log_deletions(request, queryset)
  File "/home/pc/ProjectManagerDashboard/.venv/lib/python3.12/site-packages/django/contrib/admin/options.py", line 1018, in log_deletions
    return LogEntry.objects.log_actions(
           ^^^^^^^^^^^^^^^^^^^^^^^^^^^^^
  File "/home/pc/ProjectManagerDashboard/.venv/lib/python3.12/site-packages/django/contrib/admin/models.py", line 103, in log_actions
    return self.model.objects.bulk_create(log_entry_list)
           ^^^^^^^^^^^^^^^^^^^^^^^^^^^^^^^^^^^^^^^^^^^^^^
  File "/home/pc/ProjectManagerDashboard/.venv/lib/python3.12/site-packages/django/db/models/manager.py", line 87, in manager_method
    return getattr(self.get_queryset(), name)(*args, **kwargs)
           ^^^^^^^^^^^^^^^^^^^^^^^^^^^^^^^^^^^^^^^^^^^^^^^^^^^
  File "/home/pc/ProjectManagerDashboard/.venv/lib/python3.12/site-packages/django/db/models/query.py", line 823, in bulk_create
    returned_columns = self._batched_insert(
                       ^^^^^^^^^^^^^^^^^^^^^
  File "/home/pc/ProjectManagerDashboard/.venv/lib/python3.12/site-packages/django/db/models/query.py", line 1896, in _batched_insert
    self._insert(
  File "/home/pc/ProjectManagerDashboard/.venv/lib/python3.12/site-packages/django/db/models/query.py", line 1868, in _insert
    return query.get_compiler(using=using).execute_sql(returning_fields)
           ^^^^^^^^^^^^^^^^^^^^^^^^^^^^^^^^^^^^^^^^^^^^^^^^^^^^^^^^^^^^^
  File "/home/pc/ProjectManagerDashboard/.venv/lib/python3.12/site-packages/django/db/models/sql/compiler.py", line 1882, in execute_sql
    cursor.execute(sql, params)
  File "/home/pc/ProjectManagerDashboard/.venv/lib/python3.12/site-packages/django/db/backends/utils.py", line 79, in execute
    return self._execute_with_wrappers(
           ^^^^^^^^^^^^^^^^^^^^^^^^^^^^
  File "/home/pc/ProjectManagerDashboard/.venv/lib/python3.12/site-packages/django/db/backends/utils.py", line 92, in _execute_with_wrappers
    return executor(sql, params, many, context)
           ^^^^^^^^^^^^^^^^^^^^^^^^^^^^^^^^^^^^
  File "/home/pc/ProjectManagerDashboard/.venv/lib/python3.12/site-packages/django/db/backends/utils.py", line 100, in _execute
    with self.db.wrap_database_errors:
  File "/home/pc/ProjectManagerDashboard/.venv/lib/python3.12/site-packages/django/db/utils.py", line 91, in __exit__
    raise dj_exc_value.with_traceback(traceback) from exc_value
  File "/home/pc/ProjectManagerDashboard/.venv/lib/python3.12/site-packages/django/db/backends/utils.py", line 105, in _execute
    return self.cursor.execute(sql, params)
           ^^^^^^^^^^^^^^^^^^^^^^^^^^^^^^^^
  File "/home/pc/ProjectManagerDashboard/.venv/lib/python3.12/site-packages/django/db/backends/mysql/base.py", line 76, in execute
    return self.cursor.execute(query, args)
           ^^^^^^^^^^^^^^^^^^^^^^^^^^^^^^^^
  File "/home/pc/ProjectManagerDashboard/.venv/lib/python3.12/site-packages/pymysql/cursors.py", line 159, in execute
    result = self._query(query)
             ^^^^^^^^^^^^^^^^^^
  File "/home/pc/ProjectManagerDashboard/.venv/lib/python3.12/site-packages/pymysql/cursors.py", line 330, in _query
    conn.query(q)
  File "/home/pc/ProjectManagerDashboard/.venv/lib/python3.12/site-packages/pymysql/connections.py", line 582, in query
    self._affected_rows = self._read_query_result(unbuffered=unbuffered)
                          ^^^^^^^^^^^^^^^^^^^^^^^^^^^^^^^^^^^^^^^^^^^^^^
  File "/home/pc/ProjectManagerDashboard/.venv/lib/python3.12/site-packages/pymysql/connections.py", line 847, in _read_query_result
    result.read()
  File "/home/pc/ProjectManagerDashboard/.venv/lib/python3.12/site-packages/pymysql/connections.py", line 1245, in read
    first_packet = self.connection._read_packet()
                   ^^^^^^^^^^^^^^^^^^^^^^^^^^^^^^
  File "/home/pc/ProjectManagerDashboard/.venv/lib/python3.12/site-packages/pymysql/connections.py", line 803, in _read_packet
    packet.raise_for_error()
  File "/home/pc/ProjectManagerDashboard/.venv/lib/python3.12/site-packages/pymysql/protocol.py", line 219, in raise_for_error
    err.raise_mysql_exception(self._data)
  File "/home/pc/ProjectManagerDashboard/.venv/lib/python3.12/site-packages/pymysql/err.py", line 154, in raise_mysql_exception
    raise errorclass(errno, errval, sqlstate=sqlstate)
django.db.utils.OperationalError: (1364, "Field 'id' doesn't have a default value")
ERROR 2026-08-16 20:42:31,690 basehttp 551492 138902638675648 "POST /admin/creator_subproject/subproject/?q=%D8%AF%DB%8C%D9%88%D8%A7%D8%B1+%DA%A9%D8%B4%DB%8C+%D9%BE%D8%A7%DB%8C%DA%AF%D8%A7%D9%87+%D8%A7%D9%85%D8%AF%D8%A7%D8%AF+%D9%88+%D9%86%D8%AC%D8%A7%D8%AA+%DA%AF%D8%B1%D9%85%D8%B3%D8%A7%D8%B1 HTTP/1.1" 500 145
ERROR 2026-08-16 21:16:34,120 log 555065 138328951224000 Internal Server Error: /accounts/password_change/
Traceback (most recent call last):
  File "/home/pc/ProjectManagerDashboard/.venv/lib/python3.12/site-packages/django/core/handlers/exception.py", line 55, in inner
    response = get_response(request)
               ^^^^^^^^^^^^^^^^^^^^^
  File "/home/pc/ProjectManagerDashboard/.venv/lib/python3.12/site-packages/django/core/handlers/base.py", line 220, in _get_response
    response = response.render()
               ^^^^^^^^^^^^^^^^^
  File "/home/pc/ProjectManagerDashboard/.venv/lib/python3.12/site-packages/django/template/response.py", line 114, in render
    self.content = self.rendered_content
                   ^^^^^^^^^^^^^^^^^^^^^
  File "/home/pc/ProjectManagerDashboard/.venv/lib/python3.12/site-packages/django/template/response.py", line 92, in rendered_content
    return template.render(context, self._request)
           ^^^^^^^^^^^^^^^^^^^^^^^^^^^^^^^^^^^^^^^
  File "/home/pc/ProjectManagerDashboard/.venv/lib/python3.12/site-packages/django/template/backends/django.py", line 107, in render
    return self.template.render(context)
           ^^^^^^^^^^^^^^^^^^^^^^^^^^^^^
  File "/home/pc/ProjectManagerDashboard/.venv/lib/python3.12/site-packages/django/template/base.py", line 171, in render
    return self._render(context)
           ^^^^^^^^^^^^^^^^^^^^^
  File "/home/pc/ProjectManagerDashboard/.venv/lib/python3.12/site-packages/django/template/base.py", line 163, in _render
    return self.nodelist.render(context)
           ^^^^^^^^^^^^^^^^^^^^^^^^^^^^^
  File "/home/pc/ProjectManagerDashboard/.venv/lib/python3.12/site-packages/django/template/base.py", line 1016, in render
    return SafeString("".join([node.render_annotated(context) for node in self]))
                               ^^^^^^^^^^^^^^^^^^^^^^^^^^^^^^
  File "/home/pc/ProjectManagerDashboard/.venv/lib/python3.12/site-packages/django/template/base.py", line 977, in render_annotated
    return self.render(context)
           ^^^^^^^^^^^^^^^^^^^^
  File "/home/pc/ProjectManagerDashboard/.venv/lib/python3.12/site-packages/django/template/loader_tags.py", line 159, in render
    return compiled_parent._render(context)
           ^^^^^^^^^^^^^^^^^^^^^^^^^^^^^^^^
  File "/home/pc/ProjectManagerDashboard/.venv/lib/python3.12/site-packages/django/template/base.py", line 163, in _render
    return self.nodelist.render(context)
           ^^^^^^^^^^^^^^^^^^^^^^^^^^^^^
  File "/home/pc/ProjectManagerDashboard/.venv/lib/python3.12/site-packages/django/template/base.py", line 1016, in render
    return SafeString("".join([node.render_annotated(context) for node in self]))
                               ^^^^^^^^^^^^^^^^^^^^^^^^^^^^^^
  File "/home/pc/ProjectManagerDashboard/.venv/lib/python3.12/site-packages/django/template/base.py", line 977, in render_annotated
    return self.render(context)
           ^^^^^^^^^^^^^^^^^^^^
  File "/home/pc/ProjectManagerDashboard/.venv/lib/python3.12/site-packages/django/template/loader_tags.py", line 65, in render
    result = block.nodelist.render(context)
             ^^^^^^^^^^^^^^^^^^^^^^^^^^^^^^
  File "/home/pc/ProjectManagerDashboard/.venv/lib/python3.12/site-packages/django/template/base.py", line 1016, in render
    return SafeString("".join([node.render_annotated(context) for node in self]))
                               ^^^^^^^^^^^^^^^^^^^^^^^^^^^^^^
  File "/home/pc/ProjectManagerDashboard/.venv/lib/python3.12/site-packages/django/template/base.py", line 977, in render_annotated
    return self.render(context)
           ^^^^^^^^^^^^^^^^^^^^
  File "/home/pc/ProjectManagerDashboard/.venv/lib/python3.12/site-packages/django/template/defaulttags.py", line 480, in render
    url = reverse(view_name, args=args, kwargs=kwargs, current_app=current_app)
          ^^^^^^^^^^^^^^^^^^^^^^^^^^^^^^^^^^^^^^^^^^^^^^^^^^^^^^^^^^^^^^^^^^^^^
  File "/home/pc/ProjectManagerDashboard/.venv/lib/python3.12/site-packages/django/urls/base.py", line 98, in reverse
    resolved_url = resolver._reverse_with_prefix(view, prefix, *args, **kwargs)
                   ^^^^^^^^^^^^^^^^^^^^^^^^^^^^^^^^^^^^^^^^^^^^^^^^^^^^^^^^^^^^
  File "/home/pc/ProjectManagerDashboard/.venv/lib/python3.12/site-packages/django/urls/resolvers.py", line 831, in _reverse_with_prefix
    raise NoReverseMatch(msg)
django.urls.exceptions.NoReverseMatch: Reverse for 'profile' not found. 'profile' is not a valid view function or pattern name.
ERROR 2026-08-16 21:16:34,120 log 555065 138328951224000 Internal Server Error: /accounts/password_change/
Traceback (most recent call last):
  File "/home/pc/ProjectManagerDashboard/.venv/lib/python3.12/site-packages/django/core/handlers/exception.py", line 55, in inner
    response = get_response(request)
               ^^^^^^^^^^^^^^^^^^^^^
  File "/home/pc/ProjectManagerDashboard/.venv/lib/python3.12/site-packages/django/core/handlers/base.py", line 220, in _get_response
    response = response.render()
               ^^^^^^^^^^^^^^^^^
  File "/home/pc/ProjectManagerDashboard/.venv/lib/python3.12/site-packages/django/template/response.py", line 114, in render
    self.content = self.rendered_content
                   ^^^^^^^^^^^^^^^^^^^^^
  File "/home/pc/ProjectManagerDashboard/.venv/lib/python3.12/site-packages/django/template/response.py", line 92, in rendered_content
    return template.render(context, self._request)
           ^^^^^^^^^^^^^^^^^^^^^^^^^^^^^^^^^^^^^^^
  File "/home/pc/ProjectManagerDashboard/.venv/lib/python3.12/site-packages/django/template/backends/django.py", line 107, in render
    return self.template.render(context)
           ^^^^^^^^^^^^^^^^^^^^^^^^^^^^^
  File "/home/pc/ProjectManagerDashboard/.venv/lib/python3.12/site-packages/django/template/base.py", line 171, in render
    return self._render(context)
           ^^^^^^^^^^^^^^^^^^^^^
  File "/home/pc/ProjectManagerDashboard/.venv/lib/python3.12/site-packages/django/template/base.py", line 163, in _render
    return self.nodelist.render(context)
           ^^^^^^^^^^^^^^^^^^^^^^^^^^^^^
  File "/home/pc/ProjectManagerDashboard/.venv/lib/python3.12/site-packages/django/template/base.py", line 1016, in render
    return SafeString("".join([node.render_annotated(context) for node in self]))
                               ^^^^^^^^^^^^^^^^^^^^^^^^^^^^^^
  File "/home/pc/ProjectManagerDashboard/.venv/lib/python3.12/site-packages/django/template/base.py", line 977, in render_annotated
    return self.render(context)
           ^^^^^^^^^^^^^^^^^^^^
  File "/home/pc/ProjectManagerDashboard/.venv/lib/python3.12/site-packages/django/template/loader_tags.py", line 159, in render
    return compiled_parent._render(context)
           ^^^^^^^^^^^^^^^^^^^^^^^^^^^^^^^^
  File "/home/pc/ProjectManagerDashboard/.venv/lib/python3.12/site-packages/django/template/base.py", line 163, in _render
    return self.nodelist.render(context)
           ^^^^^^^^^^^^^^^^^^^^^^^^^^^^^
  File "/home/pc/ProjectManagerDashboard/.venv/lib/python3.12/site-packages/django/template/base.py", line 1016, in render
    return SafeString("".join([node.render_annotated(context) for node in self]))
                               ^^^^^^^^^^^^^^^^^^^^^^^^^^^^^^
  File "/home/pc/ProjectManagerDashboard/.venv/lib/python3.12/site-packages/django/template/base.py", line 977, in render_annotated
    return self.render(context)
           ^^^^^^^^^^^^^^^^^^^^
  File "/home/pc/ProjectManagerDashboard/.venv/lib/python3.12/site-packages/django/template/loader_tags.py", line 65, in render
    result = block.nodelist.render(context)
             ^^^^^^^^^^^^^^^^^^^^^^^^^^^^^^
  File "/home/pc/ProjectManagerDashboard/.venv/lib/python3.12/site-packages/django/template/base.py", line 1016, in render
    return SafeString("".join([node.render_annotated(context) for node in self]))
                               ^^^^^^^^^^^^^^^^^^^^^^^^^^^^^^
  File "/home/pc/ProjectManagerDashboard/.venv/lib/python3.12/site-packages/django/template/base.py", line 977, in render_annotated
    return self.render(context)
           ^^^^^^^^^^^^^^^^^^^^
  File "/home/pc/ProjectManagerDashboard/.venv/lib/python3.12/site-packages/django/template/defaulttags.py", line 480, in render
    url = reverse(view_name, args=args, kwargs=kwargs, current_app=current_app)
          ^^^^^^^^^^^^^^^^^^^^^^^^^^^^^^^^^^^^^^^^^^^^^^^^^^^^^^^^^^^^^^^^^^^^^
  File "/home/pc/ProjectManagerDashboard/.venv/lib/python3.12/site-packages/django/urls/base.py", line 98, in reverse
    resolved_url = resolver._reverse_with_prefix(view, prefix, *args, **kwargs)
                   ^^^^^^^^^^^^^^^^^^^^^^^^^^^^^^^^^^^^^^^^^^^^^^^^^^^^^^^^^^^^
  File "/home/pc/ProjectManagerDashboard/.venv/lib/python3.12/site-packages/django/urls/resolvers.py", line 831, in _reverse_with_prefix
    raise NoReverseMatch(msg)
django.urls.exceptions.NoReverseMatch: Reverse for 'profile' not found. 'profile' is not a valid view function or pattern name.
ERROR 2026-08-16 21:16:34,220 basehttp 555065 138328951224000 "GET /accounts/password_change/ HTTP/1.1" 500 145
ERROR 2026-08-16 22:05:36,277 log 559895 132112707475136 Internal Server Error: /accounts/profile/
Traceback (most recent call last):
  File "/home/pc/ProjectManagerDashboard/.venv/lib/python3.12/site-packages/django/core/handlers/exception.py", line 55, in inner
    response = get_response(request)
               ^^^^^^^^^^^^^^^^^^^^^
  File "/home/pc/ProjectManagerDashboard/.venv/lib/python3.12/site-packages/django/core/handlers/base.py", line 197, in _get_response
    response = wrapped_callback(request, *callback_args, **callback_kwargs)
               ^^^^^^^^^^^^^^^^^^^^^^^^^^^^^^^^^^^^^^^^^^^^^^^^^^^^^^^^^^^^
  File "/home/pc/ProjectManagerDashboard/.venv/lib/python3.12/site-packages/django/contrib/auth/decorators.py", line 59, in _view_wrapper
    return view_func(request, *args, **kwargs)
           ^^^^^^^^^^^^^^^^^^^^^^^^^^^^^^^^^^^
  File "/home/pc/ProjectManagerDashboard/accounts/views.py", line 57, in profile
    return render(request, 'accounts/profile.html', context)
           ^^^^^^^^^^^^^^^^^^^^^^^^^^^^^^^^^^^^^^^^^^^^^^^^^
  File "/home/pc/ProjectManagerDashboard/.venv/lib/python3.12/site-packages/django/shortcuts.py", line 25, in render
    content = loader.render_to_string(template_name, context, request, using=using)
              ^^^^^^^^^^^^^^^^^^^^^^^^^^^^^^^^^^^^^^^^^^^^^^^^^^^^^^^^^^^^^^^^^^^^^
  File "/home/pc/ProjectManagerDashboard/.venv/lib/python3.12/site-packages/django/template/loader.py", line 62, in render_to_string
    return template.render(context, request)
           ^^^^^^^^^^^^^^^^^^^^^^^^^^^^^^^^^
  File "/home/pc/ProjectManagerDashboard/.venv/lib/python3.12/site-packages/django/template/backends/django.py", line 107, in render
    return self.template.render(context)
           ^^^^^^^^^^^^^^^^^^^^^^^^^^^^^
  File "/home/pc/ProjectManagerDashboard/.venv/lib/python3.12/site-packages/django/template/base.py", line 171, in render
    return self._render(context)
           ^^^^^^^^^^^^^^^^^^^^^
  File "/home/pc/ProjectManagerDashboard/.venv/lib/python3.12/site-packages/django/template/base.py", line 163, in _render
    return self.nodelist.render(context)
           ^^^^^^^^^^^^^^^^^^^^^^^^^^^^^
  File "/home/pc/ProjectManagerDashboard/.venv/lib/python3.12/site-packages/django/template/base.py", line 1016, in render
    return SafeString("".join([node.render_annotated(context) for node in self]))
                               ^^^^^^^^^^^^^^^^^^^^^^^^^^^^^^
  File "/home/pc/ProjectManagerDashboard/.venv/lib/python3.12/site-packages/django/template/base.py", line 977, in render_annotated
    return self.render(context)
           ^^^^^^^^^^^^^^^^^^^^
  File "/home/pc/ProjectManagerDashboard/.venv/lib/python3.12/site-packages/django/template/loader_tags.py", line 159, in render
    return compiled_parent._render(context)
           ^^^^^^^^^^^^^^^^^^^^^^^^^^^^^^^^
  File "/home/pc/ProjectManagerDashboard/.venv/lib/python3.12/site-packages/django/template/base.py", line 163, in _render
    return self.nodelist.render(context)
           ^^^^^^^^^^^^^^^^^^^^^^^^^^^^^
  File "/home/pc/ProjectManagerDashboard/.venv/lib/python3.12/site-packages/django/template/base.py", line 1016, in render
    return SafeString("".join([node.render_annotated(context) for node in self]))
                               ^^^^^^^^^^^^^^^^^^^^^^^^^^^^^^
  File "/home/pc/ProjectManagerDashboard/.venv/lib/python3.12/site-packages/django/template/base.py", line 977, in render_annotated
    return self.render(context)
           ^^^^^^^^^^^^^^^^^^^^
  File "/home/pc/ProjectManagerDashboard/.venv/lib/python3.12/site-packages/django/template/loader_tags.py", line 65, in render
    result = block.nodelist.render(context)
             ^^^^^^^^^^^^^^^^^^^^^^^^^^^^^^
  File "/home/pc/ProjectManagerDashboard/.venv/lib/python3.12/site-packages/django/template/base.py", line 1016, in render
    return SafeString("".join([node.render_annotated(context) for node in self]))
                               ^^^^^^^^^^^^^^^^^^^^^^^^^^^^^^
  File "/home/pc/ProjectManagerDashboard/.venv/lib/python3.12/site-packages/django/template/base.py", line 977, in render_annotated
    return self.render(context)
           ^^^^^^^^^^^^^^^^^^^^
  File "/home/pc/ProjectManagerDashboard/.venv/lib/python3.12/site-packages/django/template/defaulttags.py", line 480, in render
    url = reverse(view_name, args=args, kwargs=kwargs, current_app=current_app)
          ^^^^^^^^^^^^^^^^^^^^^^^^^^^^^^^^^^^^^^^^^^^^^^^^^^^^^^^^^^^^^^^^^^^^^
  File "/home/pc/ProjectManagerDashboard/.venv/lib/python3.12/site-packages/django/urls/base.py", line 98, in reverse
    resolved_url = resolver._reverse_with_prefix(view, prefix, *args, **kwargs)
                   ^^^^^^^^^^^^^^^^^^^^^^^^^^^^^^^^^^^^^^^^^^^^^^^^^^^^^^^^^^^^
  File "/home/pc/ProjectManagerDashboard/.venv/lib/python3.12/site-packages/django/urls/resolvers.py", line 831, in _reverse_with_prefix
    raise NoReverseMatch(msg)
django.urls.exceptions.NoReverseMatch: Reverse for 'password_change' not found. 'password_change' is not a valid view function or pattern name.
ERROR 2026-08-16 22:05:36,277 log 559895 132112707475136 Internal Server Error: /accounts/profile/
Traceback (most recent call last):
  File "/home/pc/ProjectManagerDashboard/.venv/lib/python3.12/site-packages/django/core/handlers/exception.py", line 55, in inner
    response = get_response(request)
               ^^^^^^^^^^^^^^^^^^^^^
  File "/home/pc/ProjectManagerDashboard/.venv/lib/python3.12/site-packages/django/core/handlers/base.py", line 197, in _get_response
    response = wrapped_callback(request, *callback_args, **callback_kwargs)
               ^^^^^^^^^^^^^^^^^^^^^^^^^^^^^^^^^^^^^^^^^^^^^^^^^^^^^^^^^^^^
  File "/home/pc/ProjectManagerDashboard/.venv/lib/python3.12/site-packages/django/contrib/auth/decorators.py", line 59, in _view_wrapper
    return view_func(request, *args, **kwargs)
           ^^^^^^^^^^^^^^^^^^^^^^^^^^^^^^^^^^^
  File "/home/pc/ProjectManagerDashboard/accounts/views.py", line 57, in profile
    return render(request, 'accounts/profile.html', context)
           ^^^^^^^^^^^^^^^^^^^^^^^^^^^^^^^^^^^^^^^^^^^^^^^^^
  File "/home/pc/ProjectManagerDashboard/.venv/lib/python3.12/site-packages/django/shortcuts.py", line 25, in render
    content = loader.render_to_string(template_name, context, request, using=using)
              ^^^^^^^^^^^^^^^^^^^^^^^^^^^^^^^^^^^^^^^^^^^^^^^^^^^^^^^^^^^^^^^^^^^^^
  File "/home/pc/ProjectManagerDashboard/.venv/lib/python3.12/site-packages/django/template/loader.py", line 62, in render_to_string
    return template.render(context, request)
           ^^^^^^^^^^^^^^^^^^^^^^^^^^^^^^^^^
  File "/home/pc/ProjectManagerDashboard/.venv/lib/python3.12/site-packages/django/template/backends/django.py", line 107, in render
    return self.template.render(context)
           ^^^^^^^^^^^^^^^^^^^^^^^^^^^^^
  File "/home/pc/ProjectManagerDashboard/.venv/lib/python3.12/site-packages/django/template/base.py", line 171, in render
    return self._render(context)
           ^^^^^^^^^^^^^^^^^^^^^
  File "/home/pc/ProjectManagerDashboard/.venv/lib/python3.12/site-packages/django/template/base.py", line 163, in _render
    return self.nodelist.render(context)
           ^^^^^^^^^^^^^^^^^^^^^^^^^^^^^
  File "/home/pc/ProjectManagerDashboard/.venv/lib/python3.12/site-packages/django/template/base.py", line 1016, in render
    return SafeString("".join([node.render_annotated(context) for node in self]))
                               ^^^^^^^^^^^^^^^^^^^^^^^^^^^^^^
  File "/home/pc/ProjectManagerDashboard/.venv/lib/python3.12/site-packages/django/template/base.py", line 977, in render_annotated
    return self.render(context)
           ^^^^^^^^^^^^^^^^^^^^
  File "/home/pc/ProjectManagerDashboard/.venv/lib/python3.12/site-packages/django/template/loader_tags.py", line 159, in render
    return compiled_parent._render(context)
           ^^^^^^^^^^^^^^^^^^^^^^^^^^^^^^^^
  File "/home/pc/ProjectManagerDashboard/.venv/lib/python3.12/site-packages/django/template/base.py", line 163, in _render
    return self.nodelist.render(context)
           ^^^^^^^^^^^^^^^^^^^^^^^^^^^^^
  File "/home/pc/ProjectManagerDashboard/.venv/lib/python3.12/site-packages/django/template/base.py", line 1016, in render
    return SafeString("".join([node.render_annotated(context) for node in self]))
                               ^^^^^^^^^^^^^^^^^^^^^^^^^^^^^^
  File "/home/pc/ProjectManagerDashboard/.venv/lib/python3.12/site-packages/django/template/base.py", line 977, in render_annotated
    return self.render(context)
           ^^^^^^^^^^^^^^^^^^^^
  File "/home/pc/ProjectManagerDashboard/.venv/lib/python3.12/site-packages/django/template/loader_tags.py", line 65, in render
    result = block.nodelist.render(context)
             ^^^^^^^^^^^^^^^^^^^^^^^^^^^^^^
  File "/home/pc/ProjectManagerDashboard/.venv/lib/python3.12/site-packages/django/template/base.py", line 1016, in render
    return SafeString("".join([node.render_annotated(context) for node in self]))
                               ^^^^^^^^^^^^^^^^^^^^^^^^^^^^^^
  File "/home/pc/ProjectManagerDashboard/.venv/lib/python3.12/site-packages/django/template/base.py", line 977, in render_annotated
    return self.render(context)
           ^^^^^^^^^^^^^^^^^^^^
  File "/home/pc/ProjectManagerDashboard/.venv/lib/python3.12/site-packages/django/template/defaulttags.py", line 480, in render
    url = reverse(view_name, args=args, kwargs=kwargs, current_app=current_app)
          ^^^^^^^^^^^^^^^^^^^^^^^^^^^^^^^^^^^^^^^^^^^^^^^^^^^^^^^^^^^^^^^^^^^^^
  File "/home/pc/ProjectManagerDashboard/.venv/lib/python3.12/site-packages/django/urls/base.py", line 98, in reverse
    resolved_url = resolver._reverse_with_prefix(view, prefix, *args, **kwargs)
                   ^^^^^^^^^^^^^^^^^^^^^^^^^^^^^^^^^^^^^^^^^^^^^^^^^^^^^^^^^^^^
  File "/home/pc/ProjectManagerDashboard/.venv/lib/python3.12/site-packages/django/urls/resolvers.py", line 831, in _reverse_with_prefix
    raise NoReverseMatch(msg)
django.urls.exceptions.NoReverseMatch: Reverse for 'password_change' not found. 'password_change' is not a valid view function or pattern name.
ERROR 2026-08-16 22:05:36,337 basehttp 559895 132112707475136 "GET /accounts/profile/ HTTP/1.1" 500 145
ERROR 2026-08-16 22:10:01,560 log 559895 132112707475136 Internal Server Error: /accounts/profile/
Traceback (most recent call last):
  File "/home/pc/ProjectManagerDashboard/.venv/lib/python3.12/site-packages/django/core/handlers/exception.py", line 55, in inner
    response = get_response(request)
               ^^^^^^^^^^^^^^^^^^^^^
  File "/home/pc/ProjectManagerDashboard/.venv/lib/python3.12/site-packages/django/core/handlers/base.py", line 197, in _get_response
    response = wrapped_callback(request, *callback_args, **callback_kwargs)
               ^^^^^^^^^^^^^^^^^^^^^^^^^^^^^^^^^^^^^^^^^^^^^^^^^^^^^^^^^^^^
  File "/home/pc/ProjectManagerDashboard/.venv/lib/python3.12/site-packages/django/contrib/auth/decorators.py", line 59, in _view_wrapper
    return view_func(request, *args, **kwargs)
           ^^^^^^^^^^^^^^^^^^^^^^^^^^^^^^^^^^^
  File "/home/pc/ProjectManagerDashboard/accounts/views.py", line 57, in profile
    return render(request, 'accounts/profile.html', context)
           ^^^^^^^^^^^^^^^^^^^^^^^^^^^^^^^^^^^^^^^^^^^^^^^^^
  File "/home/pc/ProjectManagerDashboard/.venv/lib/python3.12/site-packages/django/shortcuts.py", line 25, in render
    content = loader.render_to_string(template_name, context, request, using=using)
              ^^^^^^^^^^^^^^^^^^^^^^^^^^^^^^^^^^^^^^^^^^^^^^^^^^^^^^^^^^^^^^^^^^^^^
  File "/home/pc/ProjectManagerDashboard/.venv/lib/python3.12/site-packages/django/template/loader.py", line 62, in render_to_string
    return template.render(context, request)
           ^^^^^^^^^^^^^^^^^^^^^^^^^^^^^^^^^
  File "/home/pc/ProjectManagerDashboard/.venv/lib/python3.12/site-packages/django/template/backends/django.py", line 107, in render
    return self.template.render(context)
           ^^^^^^^^^^^^^^^^^^^^^^^^^^^^^
  File "/home/pc/ProjectManagerDashboard/.venv/lib/python3.12/site-packages/django/template/base.py", line 171, in render
    return self._render(context)
           ^^^^^^^^^^^^^^^^^^^^^
  File "/home/pc/ProjectManagerDashboard/.venv/lib/python3.12/site-packages/django/template/base.py", line 163, in _render
    return self.nodelist.render(context)
           ^^^^^^^^^^^^^^^^^^^^^^^^^^^^^
  File "/home/pc/ProjectManagerDashboard/.venv/lib/python3.12/site-packages/django/template/base.py", line 1016, in render
    return SafeString("".join([node.render_annotated(context) for node in self]))
                               ^^^^^^^^^^^^^^^^^^^^^^^^^^^^^^
  File "/home/pc/ProjectManagerDashboard/.venv/lib/python3.12/site-packages/django/template/base.py", line 977, in render_annotated
    return self.render(context)
           ^^^^^^^^^^^^^^^^^^^^
  File "/home/pc/ProjectManagerDashboard/.venv/lib/python3.12/site-packages/django/template/loader_tags.py", line 159, in render
    return compiled_parent._render(context)
           ^^^^^^^^^^^^^^^^^^^^^^^^^^^^^^^^
  File "/home/pc/ProjectManagerDashboard/.venv/lib/python3.12/site-packages/django/template/base.py", line 163, in _render
    return self.nodelist.render(context)
           ^^^^^^^^^^^^^^^^^^^^^^^^^^^^^
  File "/home/pc/ProjectManagerDashboard/.venv/lib/python3.12/site-packages/django/template/base.py", line 1016, in render
    return SafeString("".join([node.render_annotated(context) for node in self]))
                               ^^^^^^^^^^^^^^^^^^^^^^^^^^^^^^
  File "/home/pc/ProjectManagerDashboard/.venv/lib/python3.12/site-packages/django/template/base.py", line 977, in render_annotated
    return self.render(context)
           ^^^^^^^^^^^^^^^^^^^^
  File "/home/pc/ProjectManagerDashboard/.venv/lib/python3.12/site-packages/django/template/loader_tags.py", line 65, in render
    result = block.nodelist.render(context)
             ^^^^^^^^^^^^^^^^^^^^^^^^^^^^^^
  File "/home/pc/ProjectManagerDashboard/.venv/lib/python3.12/site-packages/django/template/base.py", line 1016, in render
    return SafeString("".join([node.render_annotated(context) for node in self]))
                               ^^^^^^^^^^^^^^^^^^^^^^^^^^^^^^
  File "/home/pc/ProjectManagerDashboard/.venv/lib/python3.12/site-packages/django/template/base.py", line 977, in render_annotated
    return self.render(context)
           ^^^^^^^^^^^^^^^^^^^^
  File "/home/pc/ProjectManagerDashboard/.venv/lib/python3.12/site-packages/django/template/defaulttags.py", line 480, in render
    url = reverse(view_name, args=args, kwargs=kwargs, current_app=current_app)
          ^^^^^^^^^^^^^^^^^^^^^^^^^^^^^^^^^^^^^^^^^^^^^^^^^^^^^^^^^^^^^^^^^^^^^
  File "/home/pc/ProjectManagerDashboard/.venv/lib/python3.12/site-packages/django/urls/base.py", line 98, in reverse
    resolved_url = resolver._reverse_with_prefix(view, prefix, *args, **kwargs)
                   ^^^^^^^^^^^^^^^^^^^^^^^^^^^^^^^^^^^^^^^^^^^^^^^^^^^^^^^^^^^^
  File "/home/pc/ProjectManagerDashboard/.venv/lib/python3.12/site-packages/django/urls/resolvers.py", line 831, in _reverse_with_prefix
    raise NoReverseMatch(msg)
django.urls.exceptions.NoReverseMatch: Reverse for 'password_change' not found. 'password_change' is not a valid view function or pattern name.
ERROR 2026-08-16 22:10:01,560 log 559895 132112707475136 Internal Server Error: /accounts/profile/
Traceback (most recent call last):
  File "/home/pc/ProjectManagerDashboard/.venv/lib/python3.12/site-packages/django/core/handlers/exception.py", line 55, in inner
    response = get_response(request)
               ^^^^^^^^^^^^^^^^^^^^^
  File "/home/pc/ProjectManagerDashboard/.venv/lib/python3.12/site-packages/django/core/handlers/base.py", line 197, in _get_response
    response = wrapped_callback(request, *callback_args, **callback_kwargs)
               ^^^^^^^^^^^^^^^^^^^^^^^^^^^^^^^^^^^^^^^^^^^^^^^^^^^^^^^^^^^^
  File "/home/pc/ProjectManagerDashboard/.venv/lib/python3.12/site-packages/django/contrib/auth/decorators.py", line 59, in _view_wrapper
    return view_func(request, *args, **kwargs)
           ^^^^^^^^^^^^^^^^^^^^^^^^^^^^^^^^^^^
  File "/home/pc/ProjectManagerDashboard/accounts/views.py", line 57, in profile
    return render(request, 'accounts/profile.html', context)
           ^^^^^^^^^^^^^^^^^^^^^^^^^^^^^^^^^^^^^^^^^^^^^^^^^
  File "/home/pc/ProjectManagerDashboard/.venv/lib/python3.12/site-packages/django/shortcuts.py", line 25, in render
    content = loader.render_to_string(template_name, context, request, using=using)
              ^^^^^^^^^^^^^^^^^^^^^^^^^^^^^^^^^^^^^^^^^^^^^^^^^^^^^^^^^^^^^^^^^^^^^
  File "/home/pc/ProjectManagerDashboard/.venv/lib/python3.12/site-packages/django/template/loader.py", line 62, in render_to_string
    return template.render(context, request)
           ^^^^^^^^^^^^^^^^^^^^^^^^^^^^^^^^^
  File "/home/pc/ProjectManagerDashboard/.venv/lib/python3.12/site-packages/django/template/backends/django.py", line 107, in render
    return self.template.render(context)
           ^^^^^^^^^^^^^^^^^^^^^^^^^^^^^
  File "/home/pc/ProjectManagerDashboard/.venv/lib/python3.12/site-packages/django/template/base.py", line 171, in render
    return self._render(context)
           ^^^^^^^^^^^^^^^^^^^^^
  File "/home/pc/ProjectManagerDashboard/.venv/lib/python3.12/site-packages/django/template/base.py", line 163, in _render
    return self.nodelist.render(context)
           ^^^^^^^^^^^^^^^^^^^^^^^^^^^^^
  File "/home/pc/ProjectManagerDashboard/.venv/lib/python3.12/site-packages/django/template/base.py", line 1016, in render
    return SafeString("".join([node.render_annotated(context) for node in self]))
                               ^^^^^^^^^^^^^^^^^^^^^^^^^^^^^^
  File "/home/pc/ProjectManagerDashboard/.venv/lib/python3.12/site-packages/django/template/base.py", line 977, in render_annotated
    return self.render(context)
           ^^^^^^^^^^^^^^^^^^^^
  File "/home/pc/ProjectManagerDashboard/.venv/lib/python3.12/site-packages/django/template/loader_tags.py", line 159, in render
    return compiled_parent._render(context)
           ^^^^^^^^^^^^^^^^^^^^^^^^^^^^^^^^
  File "/home/pc/ProjectManagerDashboard/.venv/lib/python3.12/site-packages/django/template/base.py", line 163, in _render
    return self.nodelist.render(context)
           ^^^^^^^^^^^^^^^^^^^^^^^^^^^^^
  File "/home/pc/ProjectManagerDashboard/.venv/lib/python3.12/site-packages/django/template/base.py", line 1016, in render
    return SafeString("".join([node.render_annotated(context) for node in self]))
                               ^^^^^^^^^^^^^^^^^^^^^^^^^^^^^^
  File "/home/pc/ProjectManagerDashboard/.venv/lib/python3.12/site-packages/django/template/base.py", line 977, in render_annotated
    return self.render(context)
           ^^^^^^^^^^^^^^^^^^^^
  File "/home/pc/ProjectManagerDashboard/.venv/lib/python3.12/site-packages/django/template/loader_tags.py", line 65, in render
    result = block.nodelist.render(context)
             ^^^^^^^^^^^^^^^^^^^^^^^^^^^^^^
  File "/home/pc/ProjectManagerDashboard/.venv/lib/python3.12/site-packages/django/template/base.py", line 1016, in render
    return SafeString("".join([node.render_annotated(context) for node in self]))
                               ^^^^^^^^^^^^^^^^^^^^^^^^^^^^^^
  File "/home/pc/ProjectManagerDashboard/.venv/lib/python3.12/site-packages/django/template/base.py", line 977, in render_annotated
    return self.render(context)
           ^^^^^^^^^^^^^^^^^^^^
  File "/home/pc/ProjectManagerDashboard/.venv/lib/python3.12/site-packages/django/template/defaulttags.py", line 480, in render
    url = reverse(view_name, args=args, kwargs=kwargs, current_app=current_app)
          ^^^^^^^^^^^^^^^^^^^^^^^^^^^^^^^^^^^^^^^^^^^^^^^^^^^^^^^^^^^^^^^^^^^^^
  File "/home/pc/ProjectManagerDashboard/.venv/lib/python3.12/site-packages/django/urls/base.py", line 98, in reverse
    resolved_url = resolver._reverse_with_prefix(view, prefix, *args, **kwargs)
                   ^^^^^^^^^^^^^^^^^^^^^^^^^^^^^^^^^^^^^^^^^^^^^^^^^^^^^^^^^^^^
  File "/home/pc/ProjectManagerDashboard/.venv/lib/python3.12/site-packages/django/urls/resolvers.py", line 831, in _reverse_with_prefix
    raise NoReverseMatch(msg)
django.urls.exceptions.NoReverseMatch: Reverse for 'password_change' not found. 'password_change' is not a valid view function or pattern name.
ERROR 2026-08-16 22:10:01,632 basehttp 559895 132112707475136 "GET /accounts/profile/ HTTP/1.1" 500 145
ERROR 2026-08-16 22:10:34,607 log 559895 132112707475136 Internal Server Error: /accounts/password_change/
Traceback (most recent call last):
  File "/home/pc/ProjectManagerDashboard/.venv/lib/python3.12/site-packages/django/core/handlers/exception.py", line 55, in inner
    response = get_response(request)
               ^^^^^^^^^^^^^^^^^^^^^
  File "/home/pc/ProjectManagerDashboard/.venv/lib/python3.12/site-packages/django/core/handlers/base.py", line 220, in _get_response
    response = response.render()
               ^^^^^^^^^^^^^^^^^
  File "/home/pc/ProjectManagerDashboard/.venv/lib/python3.12/site-packages/django/template/response.py", line 114, in render
    self.content = self.rendered_content
                   ^^^^^^^^^^^^^^^^^^^^^
  File "/home/pc/ProjectManagerDashboard/.venv/lib/python3.12/site-packages/django/template/response.py", line 92, in rendered_content
    return template.render(context, self._request)
           ^^^^^^^^^^^^^^^^^^^^^^^^^^^^^^^^^^^^^^^
  File "/home/pc/ProjectManagerDashboard/.venv/lib/python3.12/site-packages/django/template/backends/django.py", line 107, in render
    return self.template.render(context)
           ^^^^^^^^^^^^^^^^^^^^^^^^^^^^^
  File "/home/pc/ProjectManagerDashboard/.venv/lib/python3.12/site-packages/django/template/base.py", line 171, in render
    return self._render(context)
           ^^^^^^^^^^^^^^^^^^^^^
  File "/home/pc/ProjectManagerDashboard/.venv/lib/python3.12/site-packages/django/template/base.py", line 163, in _render
    return self.nodelist.render(context)
           ^^^^^^^^^^^^^^^^^^^^^^^^^^^^^
  File "/home/pc/ProjectManagerDashboard/.venv/lib/python3.12/site-packages/django/template/base.py", line 1016, in render
    return SafeString("".join([node.render_annotated(context) for node in self]))
                               ^^^^^^^^^^^^^^^^^^^^^^^^^^^^^^
  File "/home/pc/ProjectManagerDashboard/.venv/lib/python3.12/site-packages/django/template/base.py", line 977, in render_annotated
    return self.render(context)
           ^^^^^^^^^^^^^^^^^^^^
  File "/home/pc/ProjectManagerDashboard/.venv/lib/python3.12/site-packages/django/template/loader_tags.py", line 159, in render
    return compiled_parent._render(context)
           ^^^^^^^^^^^^^^^^^^^^^^^^^^^^^^^^
  File "/home/pc/ProjectManagerDashboard/.venv/lib/python3.12/site-packages/django/template/base.py", line 163, in _render
    return self.nodelist.render(context)
           ^^^^^^^^^^^^^^^^^^^^^^^^^^^^^
  File "/home/pc/ProjectManagerDashboard/.venv/lib/python3.12/site-packages/django/template/base.py", line 1016, in render
    return SafeString("".join([node.render_annotated(context) for node in self]))
                               ^^^^^^^^^^^^^^^^^^^^^^^^^^^^^^
  File "/home/pc/ProjectManagerDashboard/.venv/lib/python3.12/site-packages/django/template/base.py", line 977, in render_annotated
    return self.render(context)
           ^^^^^^^^^^^^^^^^^^^^
  File "/home/pc/ProjectManagerDashboard/.venv/lib/python3.12/site-packages/django/template/loader_tags.py", line 65, in render
    result = block.nodelist.render(context)
             ^^^^^^^^^^^^^^^^^^^^^^^^^^^^^^
  File "/home/pc/ProjectManagerDashboard/.venv/lib/python3.12/site-packages/django/template/base.py", line 1016, in render
    return SafeString("".join([node.render_annotated(context) for node in self]))
                               ^^^^^^^^^^^^^^^^^^^^^^^^^^^^^^
  File "/home/pc/ProjectManagerDashboard/.venv/lib/python3.12/site-packages/django/template/base.py", line 977, in render_annotated
    return self.render(context)
           ^^^^^^^^^^^^^^^^^^^^
  File "/home/pc/ProjectManagerDashboard/.venv/lib/python3.12/site-packages/django/template/defaulttags.py", line 480, in render
    url = reverse(view_name, args=args, kwargs=kwargs, current_app=current_app)
          ^^^^^^^^^^^^^^^^^^^^^^^^^^^^^^^^^^^^^^^^^^^^^^^^^^^^^^^^^^^^^^^^^^^^^
  File "/home/pc/ProjectManagerDashboard/.venv/lib/python3.12/site-packages/django/urls/base.py", line 98, in reverse
    resolved_url = resolver._reverse_with_prefix(view, prefix, *args, **kwargs)
                   ^^^^^^^^^^^^^^^^^^^^^^^^^^^^^^^^^^^^^^^^^^^^^^^^^^^^^^^^^^^^
  File "/home/pc/ProjectManagerDashboard/.venv/lib/python3.12/site-packages/django/urls/resolvers.py", line 831, in _reverse_with_prefix
    raise NoReverseMatch(msg)
django.urls.exceptions.NoReverseMatch: Reverse for 'profile' not found. 'profile' is not a valid view function or pattern name.
ERROR 2026-08-16 22:10:34,607 log 559895 132112707475136 Internal Server Error: /accounts/password_change/
Traceback (most recent call last):
  File "/home/pc/ProjectManagerDashboard/.venv/lib/python3.12/site-packages/django/core/handlers/exception.py", line 55, in inner
    response = get_response(request)
               ^^^^^^^^^^^^^^^^^^^^^
  File "/home/pc/ProjectManagerDashboard/.venv/lib/python3.12/site-packages/django/core/handlers/base.py", line 220, in _get_response
    response = response.render()
               ^^^^^^^^^^^^^^^^^
  File "/home/pc/ProjectManagerDashboard/.venv/lib/python3.12/site-packages/django/template/response.py", line 114, in render
    self.content = self.rendered_content
                   ^^^^^^^^^^^^^^^^^^^^^
  File "/home/pc/ProjectManagerDashboard/.venv/lib/python3.12/site-packages/django/template/response.py", line 92, in rendered_content
    return template.render(context, self._request)
           ^^^^^^^^^^^^^^^^^^^^^^^^^^^^^^^^^^^^^^^
  File "/home/pc/ProjectManagerDashboard/.venv/lib/python3.12/site-packages/django/template/backends/django.py", line 107, in render
    return self.template.render(context)
           ^^^^^^^^^^^^^^^^^^^^^^^^^^^^^
  File "/home/pc/ProjectManagerDashboard/.venv/lib/python3.12/site-packages/django/template/base.py", line 171, in render
    return self._render(context)
           ^^^^^^^^^^^^^^^^^^^^^
  File "/home/pc/ProjectManagerDashboard/.venv/lib/python3.12/site-packages/django/template/base.py", line 163, in _render
    return self.nodelist.render(context)
           ^^^^^^^^^^^^^^^^^^^^^^^^^^^^^
  File "/home/pc/ProjectManagerDashboard/.venv/lib/python3.12/site-packages/django/template/base.py", line 1016, in render
    return SafeString("".join([node.render_annotated(context) for node in self]))
                               ^^^^^^^^^^^^^^^^^^^^^^^^^^^^^^
  File "/home/pc/ProjectManagerDashboard/.venv/lib/python3.12/site-packages/django/template/base.py", line 977, in render_annotated
    return self.render(context)
           ^^^^^^^^^^^^^^^^^^^^
  File "/home/pc/ProjectManagerDashboard/.venv/lib/python3.12/site-packages/django/template/loader_tags.py", line 159, in render
    return compiled_parent._render(context)
           ^^^^^^^^^^^^^^^^^^^^^^^^^^^^^^^^
  File "/home/pc/ProjectManagerDashboard/.venv/lib/python3.12/site-packages/django/template/base.py", line 163, in _render
    return self.nodelist.render(context)
           ^^^^^^^^^^^^^^^^^^^^^^^^^^^^^
  File "/home/pc/ProjectManagerDashboard/.venv/lib/python3.12/site-packages/django/template/base.py", line 1016, in render
    return SafeString("".join([node.render_annotated(context) for node in self]))
                               ^^^^^^^^^^^^^^^^^^^^^^^^^^^^^^
  File "/home/pc/ProjectManagerDashboard/.venv/lib/python3.12/site-packages/django/template/base.py", line 977, in render_annotated
    return self.render(context)
           ^^^^^^^^^^^^^^^^^^^^
  File "/home/pc/ProjectManagerDashboard/.venv/lib/python3.12/site-packages/django/template/loader_tags.py", line 65, in render
    result = block.nodelist.render(context)
             ^^^^^^^^^^^^^^^^^^^^^^^^^^^^^^
  File "/home/pc/ProjectManagerDashboard/.venv/lib/python3.12/site-packages/django/template/base.py", line 1016, in render
    return SafeString("".join([node.render_annotated(context) for node in self]))
                               ^^^^^^^^^^^^^^^^^^^^^^^^^^^^^^
  File "/home/pc/ProjectManagerDashboard/.venv/lib/python3.12/site-packages/django/template/base.py", line 977, in render_annotated
    return self.render(context)
           ^^^^^^^^^^^^^^^^^^^^
  File "/home/pc/ProjectManagerDashboard/.venv/lib/python3.12/site-packages/django/template/defaulttags.py", line 480, in render
    url = reverse(view_name, args=args, kwargs=kwargs, current_app=current_app)
          ^^^^^^^^^^^^^^^^^^^^^^^^^^^^^^^^^^^^^^^^^^^^^^^^^^^^^^^^^^^^^^^^^^^^^
  File "/home/pc/ProjectManagerDashboard/.venv/lib/python3.12/site-packages/django/urls/base.py", line 98, in reverse
    resolved_url = resolver._reverse_with_prefix(view, prefix, *args, **kwargs)
                   ^^^^^^^^^^^^^^^^^^^^^^^^^^^^^^^^^^^^^^^^^^^^^^^^^^^^^^^^^^^^
  File "/home/pc/ProjectManagerDashboard/.venv/lib/python3.12/site-packages/django/urls/resolvers.py", line 831, in _reverse_with_prefix
    raise NoReverseMatch(msg)
django.urls.exceptions.NoReverseMatch: Reverse for 'profile' not found. 'profile' is not a valid view function or pattern name.
ERROR 2026-08-16 22:10:34,677 basehttp 559895 132112707475136 "GET /accounts/password_change/ HTTP/1.1" 500 145
ERROR 2026-08-16 22:21:36,470 log 564165 138115201099456 Internal Server Error: /activity-monitor/logs/963d8192-e851-42ee-b600-547beb61b621/
Traceback (most recent call last):
  File "/home/pc/ProjectManagerDashboard/.venv/lib/python3.12/site-packages/django/core/handlers/exception.py", line 55, in inner
    response = get_response(request)
               ^^^^^^^^^^^^^^^^^^^^^
  File "/home/pc/ProjectManagerDashboard/.venv/lib/python3.12/site-packages/django/core/handlers/base.py", line 220, in _get_response
    response = response.render()
               ^^^^^^^^^^^^^^^^^
  File "/home/pc/ProjectManagerDashboard/.venv/lib/python3.12/site-packages/django/template/response.py", line 114, in render
    self.content = self.rendered_content
                   ^^^^^^^^^^^^^^^^^^^^^
  File "/home/pc/ProjectManagerDashboard/.venv/lib/python3.12/site-packages/django/template/response.py", line 90, in rendered_content
    template = self.resolve_template(self.template_name)
               ^^^^^^^^^^^^^^^^^^^^^^^^^^^^^^^^^^^^^^^^^
  File "/home/pc/ProjectManagerDashboard/.venv/lib/python3.12/site-packages/django/template/response.py", line 72, in resolve_template
    return select_template(template, using=self.using)
           ^^^^^^^^^^^^^^^^^^^^^^^^^^^^^^^^^^^^^^^^^^^
  File "/home/pc/ProjectManagerDashboard/.venv/lib/python3.12/site-packages/django/template/loader.py", line 47, in select_template
    raise TemplateDoesNotExist(", ".join(template_name_list), chain=chain)
django.template.exceptions.TemplateDoesNotExist: activity_monitor/activity_log_detail.html
ERROR 2026-08-16 22:21:36,470 log 564165 138115201099456 Internal Server Error: /activity-monitor/logs/963d8192-e851-42ee-b600-547beb61b621/
Traceback (most recent call last):
  File "/home/pc/ProjectManagerDashboard/.venv/lib/python3.12/site-packages/django/core/handlers/exception.py", line 55, in inner
    response = get_response(request)
               ^^^^^^^^^^^^^^^^^^^^^
  File "/home/pc/ProjectManagerDashboard/.venv/lib/python3.12/site-packages/django/core/handlers/base.py", line 220, in _get_response
    response = response.render()
               ^^^^^^^^^^^^^^^^^
  File "/home/pc/ProjectManagerDashboard/.venv/lib/python3.12/site-packages/django/template/response.py", line 114, in render
    self.content = self.rendered_content
                   ^^^^^^^^^^^^^^^^^^^^^
  File "/home/pc/ProjectManagerDashboard/.venv/lib/python3.12/site-packages/django/template/response.py", line 90, in rendered_content
    template = self.resolve_template(self.template_name)
               ^^^^^^^^^^^^^^^^^^^^^^^^^^^^^^^^^^^^^^^^^
  File "/home/pc/ProjectManagerDashboard/.venv/lib/python3.12/site-packages/django/template/response.py", line 72, in resolve_template
    return select_template(template, using=self.using)
           ^^^^^^^^^^^^^^^^^^^^^^^^^^^^^^^^^^^^^^^^^^^
  File "/home/pc/ProjectManagerDashboard/.venv/lib/python3.12/site-packages/django/template/loader.py", line 47, in select_template
    raise TemplateDoesNotExist(", ".join(template_name_list), chain=chain)
django.template.exceptions.TemplateDoesNotExist: activity_monitor/activity_log_detail.html
ERROR 2026-08-16 22:21:36,565 basehttp 564165 138115201099456 "GET /activity-monitor/logs/963d8192-e851-42ee-b600-547beb61b621/ HTTP/1.1" 500 145
ERROR 2026-08-17 11:00:40,034 log 24142 131162006595264 Internal Server Error: /subprojects/subproject/update/153/
Traceback (most recent call last):
  File "/home/pc/ProjectManagerDashboard/.venv/lib/python3.12/site-packages/django/db/backends/utils.py", line 105, in _execute
    return self.cursor.execute(sql, params)
           ^^^^^^^^^^^^^^^^^^^^^^^^^^^^^^^^
  File "/home/pc/ProjectManagerDashboard/.venv/lib/python3.12/site-packages/django/db/backends/mysql/base.py", line 76, in execute
    return self.cursor.execute(query, args)
           ^^^^^^^^^^^^^^^^^^^^^^^^^^^^^^^^
  File "/home/pc/ProjectManagerDashboard/.venv/lib/python3.12/site-packages/pymysql/cursors.py", line 159, in execute
    result = self._query(query)
             ^^^^^^^^^^^^^^^^^^
  File "/home/pc/ProjectManagerDashboard/.venv/lib/python3.12/site-packages/pymysql/cursors.py", line 330, in _query
    conn.query(q)
  File "/home/pc/ProjectManagerDashboard/.venv/lib/python3.12/site-packages/pymysql/connections.py", line 582, in query
    self._affected_rows = self._read_query_result(unbuffered=unbuffered)
                          ^^^^^^^^^^^^^^^^^^^^^^^^^^^^^^^^^^^^^^^^^^^^^^
  File "/home/pc/ProjectManagerDashboard/.venv/lib/python3.12/site-packages/pymysql/connections.py", line 847, in _read_query_result
    result.read()
  File "/home/pc/ProjectManagerDashboard/.venv/lib/python3.12/site-packages/pymysql/connections.py", line 1245, in read
    first_packet = self.connection._read_packet()
                   ^^^^^^^^^^^^^^^^^^^^^^^^^^^^^^
  File "/home/pc/ProjectManagerDashboard/.venv/lib/python3.12/site-packages/pymysql/connections.py", line 803, in _read_packet
    packet.raise_for_error()
  File "/home/pc/ProjectManagerDashboard/.venv/lib/python3.12/site-packages/pymysql/protocol.py", line 219, in raise_for_error
    err.raise_mysql_exception(self._data)
  File "/home/pc/ProjectManagerDashboard/.venv/lib/python3.12/site-packages/pymysql/err.py", line 154, in raise_mysql_exception
    raise errorclass(errno, errval, sqlstate=sqlstate)
pymysql.err.OperationalError: (1054, "Unknown column 'creator_subproject_subproject.project_stage' in 'SELECT'")

The above exception was the direct cause of the following exception:

Traceback (most recent call last):
  File "/home/pc/ProjectManagerDashboard/.venv/lib/python3.12/site-packages/django/core/handlers/exception.py", line 55, in inner
    response = get_response(request)
               ^^^^^^^^^^^^^^^^^^^^^
  File "/home/pc/ProjectManagerDashboard/.venv/lib/python3.12/site-packages/django/core/handlers/base.py", line 197, in _get_response
    response = wrapped_callback(request, *callback_args, **callback_kwargs)
               ^^^^^^^^^^^^^^^^^^^^^^^^^^^^^^^^^^^^^^^^^^^^^^^^^^^^^^^^^^^^
  File "/home/pc/ProjectManagerDashboard/.venv/lib/python3.12/site-packages/django/contrib/auth/decorators.py", line 59, in _view_wrapper
    return view_func(request, *args, **kwargs)
           ^^^^^^^^^^^^^^^^^^^^^^^^^^^^^^^^^^^
  File "/home/pc/ProjectManagerDashboard/creator_subproject/views.py", line 500, in subproject_update
    subproject = get_object_or_404(SubProject, pk=subproject_id)
                 ^^^^^^^^^^^^^^^^^^^^^^^^^^^^^^^^^^^^^^^^^^^^^^^
  File "/home/pc/ProjectManagerDashboard/.venv/lib/python3.12/site-packages/django/shortcuts.py", line 90, in get_object_or_404
    return queryset.get(*args, **kwargs)
           ^^^^^^^^^^^^^^^^^^^^^^^^^^^^^
  File "/home/pc/ProjectManagerDashboard/.venv/lib/python3.12/site-packages/django/db/models/query.py", line 629, in get
    num = len(clone)
          ^^^^^^^^^^
  File "/home/pc/ProjectManagerDashboard/.venv/lib/python3.12/site-packages/django/db/models/query.py", line 366, in __len__
    self._fetch_all()
  File "/home/pc/ProjectManagerDashboard/.venv/lib/python3.12/site-packages/django/db/models/query.py", line 1949, in _fetch_all
    self._result_cache = list(self._iterable_class(self))
                         ^^^^^^^^^^^^^^^^^^^^^^^^^^^^^^^^
  File "/home/pc/ProjectManagerDashboard/.venv/lib/python3.12/site-packages/django/db/models/query.py", line 91, in __iter__
    results = compiler.execute_sql(
              ^^^^^^^^^^^^^^^^^^^^^
  File "/home/pc/ProjectManagerDashboard/.venv/lib/python3.12/site-packages/django/db/models/sql/compiler.py", line 1623, in execute_sql
    cursor.execute(sql, params)
  File "/home/pc/ProjectManagerDashboard/.venv/lib/python3.12/site-packages/django/db/backends/utils.py", line 79, in execute
    return self._execute_with_wrappers(
           ^^^^^^^^^^^^^^^^^^^^^^^^^^^^
  File "/home/pc/ProjectManagerDashboard/.venv/lib/python3.12/site-packages/django/db/backends/utils.py", line 92, in _execute_with_wrappers
    return executor(sql, params, many, context)
           ^^^^^^^^^^^^^^^^^^^^^^^^^^^^^^^^^^^^
  File "/home/pc/ProjectManagerDashboard/.venv/lib/python3.12/site-packages/django/db/backends/utils.py", line 100, in _execute
    with self.db.wrap_database_errors:
  File "/home/pc/ProjectManagerDashboard/.venv/lib/python3.12/site-packages/django/db/utils.py", line 91, in __exit__
    raise dj_exc_value.with_traceback(traceback) from exc_value
  File "/home/pc/ProjectManagerDashboard/.venv/lib/python3.12/site-packages/django/db/backends/utils.py", line 105, in _execute
    return self.cursor.execute(sql, params)
           ^^^^^^^^^^^^^^^^^^^^^^^^^^^^^^^^
  File "/home/pc/ProjectManagerDashboard/.venv/lib/python3.12/site-packages/django/db/backends/mysql/base.py", line 76, in execute
    return self.cursor.execute(query, args)
           ^^^^^^^^^^^^^^^^^^^^^^^^^^^^^^^^
  File "/home/pc/ProjectManagerDashboard/.venv/lib/python3.12/site-packages/pymysql/cursors.py", line 159, in execute
    result = self._query(query)
             ^^^^^^^^^^^^^^^^^^
  File "/home/pc/ProjectManagerDashboard/.venv/lib/python3.12/site-packages/pymysql/cursors.py", line 330, in _query
    conn.query(q)
  File "/home/pc/ProjectManagerDashboard/.venv/lib/python3.12/site-packages/pymysql/connections.py", line 582, in query
    self._affected_rows = self._read_query_result(unbuffered=unbuffered)
                          ^^^^^^^^^^^^^^^^^^^^^^^^^^^^^^^^^^^^^^^^^^^^^^
  File "/home/pc/ProjectManagerDashboard/.venv/lib/python3.12/site-packages/pymysql/connections.py", line 847, in _read_query_result
    result.read()
  File "/home/pc/ProjectManagerDashboard/.venv/lib/python3.12/site-packages/pymysql/connections.py", line 1245, in read
    first_packet = self.connection._read_packet()
                   ^^^^^^^^^^^^^^^^^^^^^^^^^^^^^^
  File "/home/pc/ProjectManagerDashboard/.venv/lib/python3.12/site-packages/pymysql/connections.py", line 803, in _read_packet
    packet.raise_for_error()
  File "/home/pc/ProjectManagerDashboard/.venv/lib/python3.12/site-packages/pymysql/protocol.py", line 219, in raise_for_error
    err.raise_mysql_exception(self._data)
  File "/home/pc/ProjectManagerDashboard/.venv/lib/python3.12/site-packages/pymysql/err.py", line 154, in raise_mysql_exception
    raise errorclass(errno, errval, sqlstate=sqlstate)
django.db.utils.OperationalError: (1054, "Unknown column 'creator_subproject_subproject.project_stage' in 'SELECT'")
ERROR 2026-08-17 11:00:40,034 log 24142 131162006595264 Internal Server Error: /subprojects/subproject/update/153/
Traceback (most recent call last):
  File "/home/pc/ProjectManagerDashboard/.venv/lib/python3.12/site-packages/django/db/backends/utils.py", line 105, in _execute
    return self.cursor.execute(sql, params)
           ^^^^^^^^^^^^^^^^^^^^^^^^^^^^^^^^
  File "/home/pc/ProjectManagerDashboard/.venv/lib/python3.12/site-packages/django/db/backends/mysql/base.py", line 76, in execute
    return self.cursor.execute(query, args)
           ^^^^^^^^^^^^^^^^^^^^^^^^^^^^^^^^
  File "/home/pc/ProjectManagerDashboard/.venv/lib/python3.12/site-packages/pymysql/cursors.py", line 159, in execute
    result = self._query(query)
             ^^^^^^^^^^^^^^^^^^
  File "/home/pc/ProjectManagerDashboard/.venv/lib/python3.12/site-packages/pymysql/cursors.py", line 330, in _query
    conn.query(q)
  File "/home/pc/ProjectManagerDashboard/.venv/lib/python3.12/site-packages/pymysql/connections.py", line 582, in query
    self._affected_rows = self._read_query_result(unbuffered=unbuffered)
                          ^^^^^^^^^^^^^^^^^^^^^^^^^^^^^^^^^^^^^^^^^^^^^^
  File "/home/pc/ProjectManagerDashboard/.venv/lib/python3.12/site-packages/pymysql/connections.py", line 847, in _read_query_result
    result.read()
  File "/home/pc/ProjectManagerDashboard/.venv/lib/python3.12/site-packages/pymysql/connections.py", line 1245, in read
    first_packet = self.connection._read_packet()
                   ^^^^^^^^^^^^^^^^^^^^^^^^^^^^^^
  File "/home/pc/ProjectManagerDashboard/.venv/lib/python3.12/site-packages/pymysql/connections.py", line 803, in _read_packet
    packet.raise_for_error()
  File "/home/pc/ProjectManagerDashboard/.venv/lib/python3.12/site-packages/pymysql/protocol.py", line 219, in raise_for_error
    err.raise_mysql_exception(self._data)
  File "/home/pc/ProjectManagerDashboard/.venv/lib/python3.12/site-packages/pymysql/err.py", line 154, in raise_mysql_exception
    raise errorclass(errno, errval, sqlstate=sqlstate)
pymysql.err.OperationalError: (1054, "Unknown column 'creator_subproject_subproject.project_stage' in 'SELECT'")

The above exception was the direct cause of the following exception:

Traceback (most recent call last):
  File "/home/pc/ProjectManagerDashboard/.venv/lib/python3.12/site-packages/django/core/handlers/exception.py", line 55, in inner
    response = get_response(request)
               ^^^^^^^^^^^^^^^^^^^^^
  File "/home/pc/ProjectManagerDashboard/.venv/lib/python3.12/site-packages/django/core/handlers/base.py", line 197, in _get_response
    response = wrapped_callback(request, *callback_args, **callback_kwargs)
               ^^^^^^^^^^^^^^^^^^^^^^^^^^^^^^^^^^^^^^^^^^^^^^^^^^^^^^^^^^^^
  File "/home/pc/ProjectManagerDashboard/.venv/lib/python3.12/site-packages/django/contrib/auth/decorators.py", line 59, in _view_wrapper
    return view_func(request, *args, **kwargs)
           ^^^^^^^^^^^^^^^^^^^^^^^^^^^^^^^^^^^
  File "/home/pc/ProjectManagerDashboard/creator_subproject/views.py", line 500, in subproject_update
    subproject = get_object_or_404(SubProject, pk=subproject_id)
                 ^^^^^^^^^^^^^^^^^^^^^^^^^^^^^^^^^^^^^^^^^^^^^^^
  File "/home/pc/ProjectManagerDashboard/.venv/lib/python3.12/site-packages/django/shortcuts.py", line 90, in get_object_or_404
    return queryset.get(*args, **kwargs)
           ^^^^^^^^^^^^^^^^^^^^^^^^^^^^^
  File "/home/pc/ProjectManagerDashboard/.venv/lib/python3.12/site-packages/django/db/models/query.py", line 629, in get
    num = len(clone)
          ^^^^^^^^^^
  File "/home/pc/ProjectManagerDashboard/.venv/lib/python3.12/site-packages/django/db/models/query.py", line 366, in __len__
    self._fetch_all()
  File "/home/pc/ProjectManagerDashboard/.venv/lib/python3.12/site-packages/django/db/models/query.py", line 1949, in _fetch_all
    self._result_cache = list(self._iterable_class(self))
                         ^^^^^^^^^^^^^^^^^^^^^^^^^^^^^^^^
  File "/home/pc/ProjectManagerDashboard/.venv/lib/python3.12/site-packages/django/db/models/query.py", line 91, in __iter__
    results = compiler.execute_sql(
              ^^^^^^^^^^^^^^^^^^^^^
  File "/home/pc/ProjectManagerDashboard/.venv/lib/python3.12/site-packages/django/db/models/sql/compiler.py", line 1623, in execute_sql
    cursor.execute(sql, params)
  File "/home/pc/ProjectManagerDashboard/.venv/lib/python3.12/site-packages/django/db/backends/utils.py", line 79, in execute
    return self._execute_with_wrappers(
           ^^^^^^^^^^^^^^^^^^^^^^^^^^^^
  File "/home/pc/ProjectManagerDashboard/.venv/lib/python3.12/site-packages/django/db/backends/utils.py", line 92, in _execute_with_wrappers
    return executor(sql, params, many, context)
           ^^^^^^^^^^^^^^^^^^^^^^^^^^^^^^^^^^^^
  File "/home/pc/ProjectManagerDashboard/.venv/lib/python3.12/site-packages/django/db/backends/utils.py", line 100, in _execute
    with self.db.wrap_database_errors:
  File "/home/pc/ProjectManagerDashboard/.venv/lib/python3.12/site-packages/django/db/utils.py", line 91, in __exit__
    raise dj_exc_value.with_traceback(traceback) from exc_value
  File "/home/pc/ProjectManagerDashboard/.venv/lib/python3.12/site-packages/django/db/backends/utils.py", line 105, in _execute
    return self.cursor.execute(sql, params)
           ^^^^^^^^^^^^^^^^^^^^^^^^^^^^^^^^
  File "/home/pc/ProjectManagerDashboard/.venv/lib/python3.12/site-packages/django/db/backends/mysql/base.py", line 76, in execute
    return self.cursor.execute(query, args)
           ^^^^^^^^^^^^^^^^^^^^^^^^^^^^^^^^
  File "/home/pc/ProjectManagerDashboard/.venv/lib/python3.12/site-packages/pymysql/cursors.py", line 159, in execute
    result = self._query(query)
             ^^^^^^^^^^^^^^^^^^
  File "/home/pc/ProjectManagerDashboard/.venv/lib/python3.12/site-packages/pymysql/cursors.py", line 330, in _query
    conn.query(q)
  File "/home/pc/ProjectManagerDashboard/.venv/lib/python3.12/site-packages/pymysql/connections.py", line 582, in query
    self._affected_rows = self._read_query_result(unbuffered=unbuffered)
                          ^^^^^^^^^^^^^^^^^^^^^^^^^^^^^^^^^^^^^^^^^^^^^^
  File "/home/pc/ProjectManagerDashboard/.venv/lib/python3.12/site-packages/pymysql/connections.py", line 847, in _read_query_result
    result.read()
  File "/home/pc/ProjectManagerDashboard/.venv/lib/python3.12/site-packages/pymysql/connections.py", line 1245, in read
    first_packet = self.connection._read_packet()
                   ^^^^^^^^^^^^^^^^^^^^^^^^^^^^^^
  File "/home/pc/ProjectManagerDashboard/.venv/lib/python3.12/site-packages/pymysql/connections.py", line 803, in _read_packet
    packet.raise_for_error()
  File "/home/pc/ProjectManagerDashboard/.venv/lib/python3.12/site-packages/pymysql/protocol.py", line 219, in raise_for_error
    err.raise_mysql_exception(self._data)
  File "/home/pc/ProjectManagerDashboard/.venv/lib/python3.12/site-packages/pymysql/err.py", line 154, in raise_mysql_exception
    raise errorclass(errno, errval, sqlstate=sqlstate)
django.db.utils.OperationalError: (1054, "Unknown column 'creator_subproject_subproject.project_stage' in 'SELECT'")
ERROR 2026-08-17 11:00:40,158 basehttp 24142 131162006595264 "GET /subprojects/subproject/update/153/ HTTP/1.1" 500 145
ERROR 2026-08-17 11:00:46,973 log 24142 131162006595264 Internal Server Error: /projects/148/
Traceback (most recent call last):
  File "/home/pc/ProjectManagerDashboard/.venv/lib/python3.12/site-packages/django/db/backends/utils.py", line 105, in _execute
    return self.cursor.execute(sql, params)
           ^^^^^^^^^^^^^^^^^^^^^^^^^^^^^^^^
  File "/home/pc/ProjectManagerDashboard/.venv/lib/python3.12/site-packages/django/db/backends/mysql/base.py", line 76, in execute
    return self.cursor.execute(query, args)
           ^^^^^^^^^^^^^^^^^^^^^^^^^^^^^^^^
  File "/home/pc/ProjectManagerDashboard/.venv/lib/python3.12/site-packages/pymysql/cursors.py", line 159, in execute
    result = self._query(query)
             ^^^^^^^^^^^^^^^^^^
  File "/home/pc/ProjectManagerDashboard/.venv/lib/python3.12/site-packages/pymysql/cursors.py", line 330, in _query
    conn.query(q)
  File "/home/pc/ProjectManagerDashboard/.venv/lib/python3.12/site-packages/pymysql/connections.py", line 582, in query
    self._affected_rows = self._read_query_result(unbuffered=unbuffered)
                          ^^^^^^^^^^^^^^^^^^^^^^^^^^^^^^^^^^^^^^^^^^^^^^
  File "/home/pc/ProjectManagerDashboard/.venv/lib/python3.12/site-packages/pymysql/connections.py", line 847, in _read_query_result
    result.read()
  File "/home/pc/ProjectManagerDashboard/.venv/lib/python3.12/site-packages/pymysql/connections.py", line 1245, in read
    first_packet = self.connection._read_packet()
                   ^^^^^^^^^^^^^^^^^^^^^^^^^^^^^^
  File "/home/pc/ProjectManagerDashboard/.venv/lib/python3.12/site-packages/pymysql/connections.py", line 803, in _read_packet
    packet.raise_for_error()
  File "/home/pc/ProjectManagerDashboard/.venv/lib/python3.12/site-packages/pymysql/protocol.py", line 219, in raise_for_error
    err.raise_mysql_exception(self._data)
  File "/home/pc/ProjectManagerDashboard/.venv/lib/python3.12/site-packages/pymysql/err.py", line 154, in raise_mysql_exception
    raise errorclass(errno, errval, sqlstate=sqlstate)
pymysql.err.OperationalError: (1054, "Unknown column 'creator_subproject_subproject.project_stage' in 'SELECT'")

The above exception was the direct cause of the following exception:

Traceback (most recent call last):
  File "/home/pc/ProjectManagerDashboard/.venv/lib/python3.12/site-packages/django/core/handlers/exception.py", line 55, in inner
    response = get_response(request)
               ^^^^^^^^^^^^^^^^^^^^^
  File "/home/pc/ProjectManagerDashboard/.venv/lib/python3.12/site-packages/django/core/handlers/base.py", line 197, in _get_response
    response = wrapped_callback(request, *callback_args, **callback_kwargs)
               ^^^^^^^^^^^^^^^^^^^^^^^^^^^^^^^^^^^^^^^^^^^^^^^^^^^^^^^^^^^^
  File "/home/pc/ProjectManagerDashboard/.venv/lib/python3.12/site-packages/django/contrib/auth/decorators.py", line 59, in _view_wrapper
    return view_func(request, *args, **kwargs)
           ^^^^^^^^^^^^^^^^^^^^^^^^^^^^^^^^^^^
  File "/home/pc/ProjectManagerDashboard/creator_project/views.py", line 179, in project_detail
    return render(request, 'creator_project/project_detail.html', context)
           ^^^^^^^^^^^^^^^^^^^^^^^^^^^^^^^^^^^^^^^^^^^^^^^^^^^^^^^^^^^^^^^
  File "/home/pc/ProjectManagerDashboard/.venv/lib/python3.12/site-packages/django/shortcuts.py", line 25, in render
    content = loader.render_to_string(template_name, context, request, using=using)
              ^^^^^^^^^^^^^^^^^^^^^^^^^^^^^^^^^^^^^^^^^^^^^^^^^^^^^^^^^^^^^^^^^^^^^
  File "/home/pc/ProjectManagerDashboard/.venv/lib/python3.12/site-packages/django/template/loader.py", line 62, in render_to_string
    return template.render(context, request)
           ^^^^^^^^^^^^^^^^^^^^^^^^^^^^^^^^^
  File "/home/pc/ProjectManagerDashboard/.venv/lib/python3.12/site-packages/django/template/backends/django.py", line 107, in render
    return self.template.render(context)
           ^^^^^^^^^^^^^^^^^^^^^^^^^^^^^
  File "/home/pc/ProjectManagerDashboard/.venv/lib/python3.12/site-packages/django/template/base.py", line 171, in render
    return self._render(context)
           ^^^^^^^^^^^^^^^^^^^^^
  File "/home/pc/ProjectManagerDashboard/.venv/lib/python3.12/site-packages/django/template/base.py", line 163, in _render
    return self.nodelist.render(context)
           ^^^^^^^^^^^^^^^^^^^^^^^^^^^^^
  File "/home/pc/ProjectManagerDashboard/.venv/lib/python3.12/site-packages/django/template/base.py", line 1016, in render
    return SafeString("".join([node.render_annotated(context) for node in self]))
                               ^^^^^^^^^^^^^^^^^^^^^^^^^^^^^^
  File "/home/pc/ProjectManagerDashboard/.venv/lib/python3.12/site-packages/django/template/base.py", line 977, in render_annotated
    return self.render(context)
           ^^^^^^^^^^^^^^^^^^^^
  File "/home/pc/ProjectManagerDashboard/.venv/lib/python3.12/site-packages/django/template/loader_tags.py", line 159, in render
    return compiled_parent._render(context)
           ^^^^^^^^^^^^^^^^^^^^^^^^^^^^^^^^
  File "/home/pc/ProjectManagerDashboard/.venv/lib/python3.12/site-packages/django/template/base.py", line 163, in _render
    return self.nodelist.render(context)
           ^^^^^^^^^^^^^^^^^^^^^^^^^^^^^
  File "/home/pc/ProjectManagerDashboard/.venv/lib/python3.12/site-packages/django/template/base.py", line 1016, in render
    return SafeString("".join([node.render_annotated(context) for node in self]))
                               ^^^^^^^^^^^^^^^^^^^^^^^^^^^^^^
  File "/home/pc/ProjectManagerDashboard/.venv/lib/python3.12/site-packages/django/template/base.py", line 977, in render_annotated
    return self.render(context)
           ^^^^^^^^^^^^^^^^^^^^
  File "/home/pc/ProjectManagerDashboard/.venv/lib/python3.12/site-packages/django/template/loader_tags.py", line 65, in render
    result = block.nodelist.render(context)
             ^^^^^^^^^^^^^^^^^^^^^^^^^^^^^^
  File "/home/pc/ProjectManagerDashboard/.venv/lib/python3.12/site-packages/django/template/base.py", line 1016, in render
    return SafeString("".join([node.render_annotated(context) for node in self]))
                               ^^^^^^^^^^^^^^^^^^^^^^^^^^^^^^
  File "/home/pc/ProjectManagerDashboard/.venv/lib/python3.12/site-packages/django/template/base.py", line 977, in render_annotated
    return self.render(context)
           ^^^^^^^^^^^^^^^^^^^^
  File "/home/pc/ProjectManagerDashboard/.venv/lib/python3.12/site-packages/django/template/defaulttags.py", line 326, in render
    if match:
       ^^^^^
  File "/home/pc/ProjectManagerDashboard/.venv/lib/python3.12/site-packages/django/db/models/query.py", line 398, in __bool__
    self._fetch_all()
  File "/home/pc/ProjectManagerDashboard/.venv/lib/python3.12/site-packages/django/db/models/query.py", line 1949, in _fetch_all
    self._result_cache = list(self._iterable_class(self))
                         ^^^^^^^^^^^^^^^^^^^^^^^^^^^^^^^^
  File "/home/pc/ProjectManagerDashboard/.venv/lib/python3.12/site-packages/django/db/models/query.py", line 91, in __iter__
    results = compiler.execute_sql(
              ^^^^^^^^^^^^^^^^^^^^^
  File "/home/pc/ProjectManagerDashboard/.venv/lib/python3.12/site-packages/django/db/models/sql/compiler.py", line 1623, in execute_sql
    cursor.execute(sql, params)
  File "/home/pc/ProjectManagerDashboard/.venv/lib/python3.12/site-packages/django/db/backends/utils.py", line 79, in execute
    return self._execute_with_wrappers(
           ^^^^^^^^^^^^^^^^^^^^^^^^^^^^
  File "/home/pc/ProjectManagerDashboard/.venv/lib/python3.12/site-packages/django/db/backends/utils.py", line 92, in _execute_with_wrappers
    return executor(sql, params, many, context)
           ^^^^^^^^^^^^^^^^^^^^^^^^^^^^^^^^^^^^
  File "/home/pc/ProjectManagerDashboard/.venv/lib/python3.12/site-packages/django/db/backends/utils.py", line 100, in _execute
    with self.db.wrap_database_errors:
  File "/home/pc/ProjectManagerDashboard/.venv/lib/python3.12/site-packages/django/db/utils.py", line 91, in __exit__
    raise dj_exc_value.with_traceback(traceback) from exc_value
  File "/home/pc/ProjectManagerDashboard/.venv/lib/python3.12/site-packages/django/db/backends/utils.py", line 105, in _execute
    return self.cursor.execute(sql, params)
           ^^^^^^^^^^^^^^^^^^^^^^^^^^^^^^^^
  File "/home/pc/ProjectManagerDashboard/.venv/lib/python3.12/site-packages/django/db/backends/mysql/base.py", line 76, in execute
    return self.cursor.execute(query, args)
           ^^^^^^^^^^^^^^^^^^^^^^^^^^^^^^^^
  File "/home/pc/ProjectManagerDashboard/.venv/lib/python3.12/site-packages/pymysql/cursors.py", line 159, in execute
    result = self._query(query)
             ^^^^^^^^^^^^^^^^^^
  File "/home/pc/ProjectManagerDashboard/.venv/lib/python3.12/site-packages/pymysql/cursors.py", line 330, in _query
    conn.query(q)
  File "/home/pc/ProjectManagerDashboard/.venv/lib/python3.12/site-packages/pymysql/connections.py", line 582, in query
    self._affected_rows = self._read_query_result(unbuffered=unbuffered)
                          ^^^^^^^^^^^^^^^^^^^^^^^^^^^^^^^^^^^^^^^^^^^^^^
  File "/home/pc/ProjectManagerDashboard/.venv/lib/python3.12/site-packages/pymysql/connections.py", line 847, in _read_query_result
    result.read()
  File "/home/pc/ProjectManagerDashboard/.venv/lib/python3.12/site-packages/pymysql/connections.py", line 1245, in read
    first_packet = self.connection._read_packet()
                   ^^^^^^^^^^^^^^^^^^^^^^^^^^^^^^
  File "/home/pc/ProjectManagerDashboard/.venv/lib/python3.12/site-packages/pymysql/connections.py", line 803, in _read_packet
    packet.raise_for_error()
  File "/home/pc/ProjectManagerDashboard/.venv/lib/python3.12/site-packages/pymysql/protocol.py", line 219, in raise_for_error
    err.raise_mysql_exception(self._data)
  File "/home/pc/ProjectManagerDashboard/.venv/lib/python3.12/site-packages/pymysql/err.py", line 154, in raise_mysql_exception
    raise errorclass(errno, errval, sqlstate=sqlstate)
django.db.utils.OperationalError: (1054, "Unknown column 'creator_subproject_subproject.project_stage' in 'SELECT'")
ERROR 2026-08-17 11:00:46,973 log 24142 131162006595264 Internal Server Error: /projects/148/
Traceback (most recent call last):
  File "/home/pc/ProjectManagerDashboard/.venv/lib/python3.12/site-packages/django/db/backends/utils.py", line 105, in _execute
    return self.cursor.execute(sql, params)
           ^^^^^^^^^^^^^^^^^^^^^^^^^^^^^^^^
  File "/home/pc/ProjectManagerDashboard/.venv/lib/python3.12/site-packages/django/db/backends/mysql/base.py", line 76, in execute
    return self.cursor.execute(query, args)
           ^^^^^^^^^^^^^^^^^^^^^^^^^^^^^^^^
  File "/home/pc/ProjectManagerDashboard/.venv/lib/python3.12/site-packages/pymysql/cursors.py", line 159, in execute
    result = self._query(query)
             ^^^^^^^^^^^^^^^^^^
  File "/home/pc/ProjectManagerDashboard/.venv/lib/python3.12/site-packages/pymysql/cursors.py", line 330, in _query
    conn.query(q)
  File "/home/pc/ProjectManagerDashboard/.venv/lib/python3.12/site-packages/pymysql/connections.py", line 582, in query
    self._affected_rows = self._read_query_result(unbuffered=unbuffered)
                          ^^^^^^^^^^^^^^^^^^^^^^^^^^^^^^^^^^^^^^^^^^^^^^
  File "/home/pc/ProjectManagerDashboard/.venv/lib/python3.12/site-packages/pymysql/connections.py", line 847, in _read_query_result
    result.read()
  File "/home/pc/ProjectManagerDashboard/.venv/lib/python3.12/site-packages/pymysql/connections.py", line 1245, in read
    first_packet = self.connection._read_packet()
                   ^^^^^^^^^^^^^^^^^^^^^^^^^^^^^^
  File "/home/pc/ProjectManagerDashboard/.venv/lib/python3.12/site-packages/pymysql/connections.py", line 803, in _read_packet
    packet.raise_for_error()
  File "/home/pc/ProjectManagerDashboard/.venv/lib/python3.12/site-packages/pymysql/protocol.py", line 219, in raise_for_error
    err.raise_mysql_exception(self._data)
  File "/home/pc/ProjectManagerDashboard/.venv/lib/python3.12/site-packages/pymysql/err.py", line 154, in raise_mysql_exception
    raise errorclass(errno, errval, sqlstate=sqlstate)
pymysql.err.OperationalError: (1054, "Unknown column 'creator_subproject_subproject.project_stage' in 'SELECT'")

The above exception was the direct cause of the following exception:

Traceback (most recent call last):
  File "/home/pc/ProjectManagerDashboard/.venv/lib/python3.12/site-packages/django/core/handlers/exception.py", line 55, in inner
    response = get_response(request)
               ^^^^^^^^^^^^^^^^^^^^^
  File "/home/pc/ProjectManagerDashboard/.venv/lib/python3.12/site-packages/django/core/handlers/base.py", line 197, in _get_response
    response = wrapped_callback(request, *callback_args, **callback_kwargs)
               ^^^^^^^^^^^^^^^^^^^^^^^^^^^^^^^^^^^^^^^^^^^^^^^^^^^^^^^^^^^^
  File "/home/pc/ProjectManagerDashboard/.venv/lib/python3.12/site-packages/django/contrib/auth/decorators.py", line 59, in _view_wrapper
    return view_func(request, *args, **kwargs)
           ^^^^^^^^^^^^^^^^^^^^^^^^^^^^^^^^^^^
  File "/home/pc/ProjectManagerDashboard/creator_project/views.py", line 179, in project_detail
    return render(request, 'creator_project/project_detail.html', context)
           ^^^^^^^^^^^^^^^^^^^^^^^^^^^^^^^^^^^^^^^^^^^^^^^^^^^^^^^^^^^^^^^
  File "/home/pc/ProjectManagerDashboard/.venv/lib/python3.12/site-packages/django/shortcuts.py", line 25, in render
    content = loader.render_to_string(template_name, context, request, using=using)
              ^^^^^^^^^^^^^^^^^^^^^^^^^^^^^^^^^^^^^^^^^^^^^^^^^^^^^^^^^^^^^^^^^^^^^
  File "/home/pc/ProjectManagerDashboard/.venv/lib/python3.12/site-packages/django/template/loader.py", line 62, in render_to_string
    return template.render(context, request)
           ^^^^^^^^^^^^^^^^^^^^^^^^^^^^^^^^^
  File "/home/pc/ProjectManagerDashboard/.venv/lib/python3.12/site-packages/django/template/backends/django.py", line 107, in render
    return self.template.render(context)
           ^^^^^^^^^^^^^^^^^^^^^^^^^^^^^
  File "/home/pc/ProjectManagerDashboard/.venv/lib/python3.12/site-packages/django/template/base.py", line 171, in render
    return self._render(context)
           ^^^^^^^^^^^^^^^^^^^^^
  File "/home/pc/ProjectManagerDashboard/.venv/lib/python3.12/site-packages/django/template/base.py", line 163, in _render
    return self.nodelist.render(context)
           ^^^^^^^^^^^^^^^^^^^^^^^^^^^^^
  File "/home/pc/ProjectManagerDashboard/.venv/lib/python3.12/site-packages/django/template/base.py", line 1016, in render
    return SafeString("".join([node.render_annotated(context) for node in self]))
                               ^^^^^^^^^^^^^^^^^^^^^^^^^^^^^^
  File "/home/pc/ProjectManagerDashboard/.venv/lib/python3.12/site-packages/django/template/base.py", line 977, in render_annotated
    return self.render(context)
           ^^^^^^^^^^^^^^^^^^^^
  File "/home/pc/ProjectManagerDashboard/.venv/lib/python3.12/site-packages/django/template/loader_tags.py", line 159, in render
    return compiled_parent._render(context)
           ^^^^^^^^^^^^^^^^^^^^^^^^^^^^^^^^
  File "/home/pc/ProjectManagerDashboard/.venv/lib/python3.12/site-packages/django/template/base.py", line 163, in _render
    return self.nodelist.render(context)
           ^^^^^^^^^^^^^^^^^^^^^^^^^^^^^
  File "/home/pc/ProjectManagerDashboard/.venv/lib/python3.12/site-packages/django/template/base.py", line 1016, in render
    return SafeString("".join([node.render_annotated(context) for node in self]))
                               ^^^^^^^^^^^^^^^^^^^^^^^^^^^^^^
  File "/home/pc/ProjectManagerDashboard/.venv/lib/python3.12/site-packages/django/template/base.py", line 977, in render_annotated
    return self.render(context)
           ^^^^^^^^^^^^^^^^^^^^
  File "/home/pc/ProjectManagerDashboard/.venv/lib/python3.12/site-packages/django/template/loader_tags.py", line 65, in render
    result = block.nodelist.render(context)
             ^^^^^^^^^^^^^^^^^^^^^^^^^^^^^^
  File "/home/pc/ProjectManagerDashboard/.venv/lib/python3.12/site-packages/django/template/base.py", line 1016, in render
    return SafeString("".join([node.render_annotated(context) for node in self]))
                               ^^^^^^^^^^^^^^^^^^^^^^^^^^^^^^
  File "/home/pc/ProjectManagerDashboard/.venv/lib/python3.12/site-packages/django/template/base.py", line 977, in render_annotated
    return self.render(context)
           ^^^^^^^^^^^^^^^^^^^^
  File "/home/pc/ProjectManagerDashboard/.venv/lib/python3.12/site-packages/django/template/defaulttags.py", line 326, in render
    if match:
       ^^^^^
  File "/home/pc/ProjectManagerDashboard/.venv/lib/python3.12/site-packages/django/db/models/query.py", line 398, in __bool__
    self._fetch_all()
  File "/home/pc/ProjectManagerDashboard/.venv/lib/python3.12/site-packages/django/db/models/query.py", line 1949, in _fetch_all
    self._result_cache = list(self._iterable_class(self))
                         ^^^^^^^^^^^^^^^^^^^^^^^^^^^^^^^^
  File "/home/pc/ProjectManagerDashboard/.venv/lib/python3.12/site-packages/django/db/models/query.py", line 91, in __iter__
    results = compiler.execute_sql(
              ^^^^^^^^^^^^^^^^^^^^^
  File "/home/pc/ProjectManagerDashboard/.venv/lib/python3.12/site-packages/django/db/models/sql/compiler.py", line 1623, in execute_sql
    cursor.execute(sql, params)
  File "/home/pc/ProjectManagerDashboard/.venv/lib/python3.12/site-packages/django/db/backends/utils.py", line 79, in execute
    return self._execute_with_wrappers(
           ^^^^^^^^^^^^^^^^^^^^^^^^^^^^
  File "/home/pc/ProjectManagerDashboard/.venv/lib/python3.12/site-packages/django/db/backends/utils.py", line 92, in _execute_with_wrappers
    return executor(sql, params, many, context)
           ^^^^^^^^^^^^^^^^^^^^^^^^^^^^^^^^^^^^
  File "/home/pc/ProjectManagerDashboard/.venv/lib/python3.12/site-packages/django/db/backends/utils.py", line 100, in _execute
    with self.db.wrap_database_errors:
  File "/home/pc/ProjectManagerDashboard/.venv/lib/python3.12/site-packages/django/db/utils.py", line 91, in __exit__
    raise dj_exc_value.with_traceback(traceback) from exc_value
  File "/home/pc/ProjectManagerDashboard/.venv/lib/python3.12/site-packages/django/db/backends/utils.py", line 105, in _execute
    return self.cursor.execute(sql, params)
           ^^^^^^^^^^^^^^^^^^^^^^^^^^^^^^^^
  File "/home/pc/ProjectManagerDashboard/.venv/lib/python3.12/site-packages/django/db/backends/mysql/base.py", line 76, in execute
    return self.cursor.execute(query, args)
           ^^^^^^^^^^^^^^^^^^^^^^^^^^^^^^^^
  File "/home/pc/ProjectManagerDashboard/.venv/lib/python3.12/site-packages/pymysql/cursors.py", line 159, in execute
    result = self._query(query)
             ^^^^^^^^^^^^^^^^^^
  File "/home/pc/ProjectManagerDashboard/.venv/lib/python3.12/site-packages/pymysql/cursors.py", line 330, in _query
    conn.query(q)
  File "/home/pc/ProjectManagerDashboard/.venv/lib/python3.12/site-packages/pymysql/connections.py", line 582, in query
    self._affected_rows = self._read_query_result(unbuffered=unbuffered)
                          ^^^^^^^^^^^^^^^^^^^^^^^^^^^^^^^^^^^^^^^^^^^^^^
  File "/home/pc/ProjectManagerDashboard/.venv/lib/python3.12/site-packages/pymysql/connections.py", line 847, in _read_query_result
    result.read()
  File "/home/pc/ProjectManagerDashboard/.venv/lib/python3.12/site-packages/pymysql/connections.py", line 1245, in read
    first_packet = self.connection._read_packet()
                   ^^^^^^^^^^^^^^^^^^^^^^^^^^^^^^
  File "/home/pc/ProjectManagerDashboard/.venv/lib/python3.12/site-packages/pymysql/connections.py", line 803, in _read_packet
    packet.raise_for_error()
  File "/home/pc/ProjectManagerDashboard/.venv/lib/python3.12/site-packages/pymysql/protocol.py", line 219, in raise_for_error
    err.raise_mysql_exception(self._data)
  File "/home/pc/ProjectManagerDashboard/.venv/lib/python3.12/site-packages/pymysql/err.py", line 154, in raise_mysql_exception
    raise errorclass(errno, errval, sqlstate=sqlstate)
django.db.utils.OperationalError: (1054, "Unknown column 'creator_subproject_subproject.project_stage' in 'SELECT'")
ERROR 2026-08-17 11:00:47,043 basehttp 24142 131162006595264 "GET /projects/148/ HTTP/1.1" 500 145
ERROR 2026-08-17 11:00:49,677 log 24142 131162006595264 Internal Server Error: /projects/148/
Traceback (most recent call last):
  File "/home/pc/ProjectManagerDashboard/.venv/lib/python3.12/site-packages/django/db/backends/utils.py", line 105, in _execute
    return self.cursor.execute(sql, params)
           ^^^^^^^^^^^^^^^^^^^^^^^^^^^^^^^^
  File "/home/pc/ProjectManagerDashboard/.venv/lib/python3.12/site-packages/django/db/backends/mysql/base.py", line 76, in execute
    return self.cursor.execute(query, args)
           ^^^^^^^^^^^^^^^^^^^^^^^^^^^^^^^^
  File "/home/pc/ProjectManagerDashboard/.venv/lib/python3.12/site-packages/pymysql/cursors.py", line 159, in execute
    result = self._query(query)
             ^^^^^^^^^^^^^^^^^^
  File "/home/pc/ProjectManagerDashboard/.venv/lib/python3.12/site-packages/pymysql/cursors.py", line 330, in _query
    conn.query(q)
  File "/home/pc/ProjectManagerDashboard/.venv/lib/python3.12/site-packages/pymysql/connections.py", line 582, in query
    self._affected_rows = self._read_query_result(unbuffered=unbuffered)
                          ^^^^^^^^^^^^^^^^^^^^^^^^^^^^^^^^^^^^^^^^^^^^^^
  File "/home/pc/ProjectManagerDashboard/.venv/lib/python3.12/site-packages/pymysql/connections.py", line 847, in _read_query_result
    result.read()
  File "/home/pc/ProjectManagerDashboard/.venv/lib/python3.12/site-packages/pymysql/connections.py", line 1245, in read
    first_packet = self.connection._read_packet()
                   ^^^^^^^^^^^^^^^^^^^^^^^^^^^^^^
  File "/home/pc/ProjectManagerDashboard/.venv/lib/python3.12/site-packages/pymysql/connections.py", line 803, in _read_packet
    packet.raise_for_error()
  File "/home/pc/ProjectManagerDashboard/.venv/lib/python3.12/site-packages/pymysql/protocol.py", line 219, in raise_for_error
    err.raise_mysql_exception(self._data)
  File "/home/pc/ProjectManagerDashboard/.venv/lib/python3.12/site-packages/pymysql/err.py", line 154, in raise_mysql_exception
    raise errorclass(errno, errval, sqlstate=sqlstate)
pymysql.err.OperationalError: (1054, "Unknown column 'creator_subproject_subproject.project_stage' in 'SELECT'")

The above exception was the direct cause of the following exception:

Traceback (most recent call last):
  File "/home/pc/ProjectManagerDashboard/.venv/lib/python3.12/site-packages/django/core/handlers/exception.py", line 55, in inner
    response = get_response(request)
               ^^^^^^^^^^^^^^^^^^^^^
  File "/home/pc/ProjectManagerDashboard/.venv/lib/python3.12/site-packages/django/core/handlers/base.py", line 197, in _get_response
    response = wrapped_callback(request, *callback_args, **callback_kwargs)
               ^^^^^^^^^^^^^^^^^^^^^^^^^^^^^^^^^^^^^^^^^^^^^^^^^^^^^^^^^^^^
  File "/home/pc/ProjectManagerDashboard/.venv/lib/python3.12/site-packages/django/contrib/auth/decorators.py", line 59, in _view_wrapper
    return view_func(request, *args, **kwargs)
           ^^^^^^^^^^^^^^^^^^^^^^^^^^^^^^^^^^^
  File "/home/pc/ProjectManagerDashboard/creator_project/views.py", line 179, in project_detail
    return render(request, 'creator_project/project_detail.html', context)
           ^^^^^^^^^^^^^^^^^^^^^^^^^^^^^^^^^^^^^^^^^^^^^^^^^^^^^^^^^^^^^^^
  File "/home/pc/ProjectManagerDashboard/.venv/lib/python3.12/site-packages/django/shortcuts.py", line 25, in render
    content = loader.render_to_string(template_name, context, request, using=using)
              ^^^^^^^^^^^^^^^^^^^^^^^^^^^^^^^^^^^^^^^^^^^^^^^^^^^^^^^^^^^^^^^^^^^^^
  File "/home/pc/ProjectManagerDashboard/.venv/lib/python3.12/site-packages/django/template/loader.py", line 62, in render_to_string
    return template.render(context, request)
           ^^^^^^^^^^^^^^^^^^^^^^^^^^^^^^^^^
  File "/home/pc/ProjectManagerDashboard/.venv/lib/python3.12/site-packages/django/template/backends/django.py", line 107, in render
    return self.template.render(context)
           ^^^^^^^^^^^^^^^^^^^^^^^^^^^^^
  File "/home/pc/ProjectManagerDashboard/.venv/lib/python3.12/site-packages/django/template/base.py", line 171, in render
    return self._render(context)
           ^^^^^^^^^^^^^^^^^^^^^
  File "/home/pc/ProjectManagerDashboard/.venv/lib/python3.12/site-packages/django/template/base.py", line 163, in _render
    return self.nodelist.render(context)
           ^^^^^^^^^^^^^^^^^^^^^^^^^^^^^
  File "/home/pc/ProjectManagerDashboard/.venv/lib/python3.12/site-packages/django/template/base.py", line 1016, in render
    return SafeString("".join([node.render_annotated(context) for node in self]))
                               ^^^^^^^^^^^^^^^^^^^^^^^^^^^^^^
  File "/home/pc/ProjectManagerDashboard/.venv/lib/python3.12/site-packages/django/template/base.py", line 977, in render_annotated
    return self.render(context)
           ^^^^^^^^^^^^^^^^^^^^
  File "/home/pc/ProjectManagerDashboard/.venv/lib/python3.12/site-packages/django/template/loader_tags.py", line 159, in render
    return compiled_parent._render(context)
           ^^^^^^^^^^^^^^^^^^^^^^^^^^^^^^^^
  File "/home/pc/ProjectManagerDashboard/.venv/lib/python3.12/site-packages/django/template/base.py", line 163, in _render
    return self.nodelist.render(context)
           ^^^^^^^^^^^^^^^^^^^^^^^^^^^^^
  File "/home/pc/ProjectManagerDashboard/.venv/lib/python3.12/site-packages/django/template/base.py", line 1016, in render
    return SafeString("".join([node.render_annotated(context) for node in self]))
                               ^^^^^^^^^^^^^^^^^^^^^^^^^^^^^^
  File "/home/pc/ProjectManagerDashboard/.venv/lib/python3.12/site-packages/django/template/base.py", line 977, in render_annotated
    return self.render(context)
           ^^^^^^^^^^^^^^^^^^^^
  File "/home/pc/ProjectManagerDashboard/.venv/lib/python3.12/site-packages/django/template/loader_tags.py", line 65, in render
    result = block.nodelist.render(context)
             ^^^^^^^^^^^^^^^^^^^^^^^^^^^^^^
  File "/home/pc/ProjectManagerDashboard/.venv/lib/python3.12/site-packages/django/template/base.py", line 1016, in render
    return SafeString("".join([node.render_annotated(context) for node in self]))
                               ^^^^^^^^^^^^^^^^^^^^^^^^^^^^^^
  File "/home/pc/ProjectManagerDashboard/.venv/lib/python3.12/site-packages/django/template/base.py", line 977, in render_annotated
    return self.render(context)
           ^^^^^^^^^^^^^^^^^^^^
  File "/home/pc/ProjectManagerDashboard/.venv/lib/python3.12/site-packages/django/template/defaulttags.py", line 326, in render
    if match:
       ^^^^^
  File "/home/pc/ProjectManagerDashboard/.venv/lib/python3.12/site-packages/django/db/models/query.py", line 398, in __bool__
    self._fetch_all()
  File "/home/pc/ProjectManagerDashboard/.venv/lib/python3.12/site-packages/django/db/models/query.py", line 1949, in _fetch_all
    self._result_cache = list(self._iterable_class(self))
                         ^^^^^^^^^^^^^^^^^^^^^^^^^^^^^^^^
  File "/home/pc/ProjectManagerDashboard/.venv/lib/python3.12/site-packages/django/db/models/query.py", line 91, in __iter__
    results = compiler.execute_sql(
              ^^^^^^^^^^^^^^^^^^^^^
  File "/home/pc/ProjectManagerDashboard/.venv/lib/python3.12/site-packages/django/db/models/sql/compiler.py", line 1623, in execute_sql
    cursor.execute(sql, params)
  File "/home/pc/ProjectManagerDashboard/.venv/lib/python3.12/site-packages/django/db/backends/utils.py", line 79, in execute
    return self._execute_with_wrappers(
           ^^^^^^^^^^^^^^^^^^^^^^^^^^^^
  File "/home/pc/ProjectManagerDashboard/.venv/lib/python3.12/site-packages/django/db/backends/utils.py", line 92, in _execute_with_wrappers
    return executor(sql, params, many, context)
           ^^^^^^^^^^^^^^^^^^^^^^^^^^^^^^^^^^^^
  File "/home/pc/ProjectManagerDashboard/.venv/lib/python3.12/site-packages/django/db/backends/utils.py", line 100, in _execute
    with self.db.wrap_database_errors:
  File "/home/pc/ProjectManagerDashboard/.venv/lib/python3.12/site-packages/django/db/utils.py", line 91, in __exit__
    raise dj_exc_value.with_traceback(traceback) from exc_value
  File "/home/pc/ProjectManagerDashboard/.venv/lib/python3.12/site-packages/django/db/backends/utils.py", line 105, in _execute
    return self.cursor.execute(sql, params)
           ^^^^^^^^^^^^^^^^^^^^^^^^^^^^^^^^
  File "/home/pc/ProjectManagerDashboard/.venv/lib/python3.12/site-packages/django/db/backends/mysql/base.py", line 76, in execute
    return self.cursor.execute(query, args)
           ^^^^^^^^^^^^^^^^^^^^^^^^^^^^^^^^
  File "/home/pc/ProjectManagerDashboard/.venv/lib/python3.12/site-packages/pymysql/cursors.py", line 159, in execute
    result = self._query(query)
             ^^^^^^^^^^^^^^^^^^
  File "/home/pc/ProjectManagerDashboard/.venv/lib/python3.12/site-packages/pymysql/cursors.py", line 330, in _query
    conn.query(q)
  File "/home/pc/ProjectManagerDashboard/.venv/lib/python3.12/site-packages/pymysql/connections.py", line 582, in query
    self._affected_rows = self._read_query_result(unbuffered=unbuffered)
                          ^^^^^^^^^^^^^^^^^^^^^^^^^^^^^^^^^^^^^^^^^^^^^^
  File "/home/pc/ProjectManagerDashboard/.venv/lib/python3.12/site-packages/pymysql/connections.py", line 847, in _read_query_result
    result.read()
  File "/home/pc/ProjectManagerDashboard/.venv/lib/python3.12/site-packages/pymysql/connections.py", line 1245, in read
    first_packet = self.connection._read_packet()
                   ^^^^^^^^^^^^^^^^^^^^^^^^^^^^^^
  File "/home/pc/ProjectManagerDashboard/.venv/lib/python3.12/site-packages/pymysql/connections.py", line 803, in _read_packet
    packet.raise_for_error()
  File "/home/pc/ProjectManagerDashboard/.venv/lib/python3.12/site-packages/pymysql/protocol.py", line 219, in raise_for_error
    err.raise_mysql_exception(self._data)
  File "/home/pc/ProjectManagerDashboard/.venv/lib/python3.12/site-packages/pymysql/err.py", line 154, in raise_mysql_exception
    raise errorclass(errno, errval, sqlstate=sqlstate)
django.db.utils.OperationalError: (1054, "Unknown column 'creator_subproject_subproject.project_stage' in 'SELECT'")
ERROR 2026-08-17 11:00:49,677 log 24142 131162006595264 Internal Server Error: /projects/148/
Traceback (most recent call last):
  File "/home/pc/ProjectManagerDashboard/.venv/lib/python3.12/site-packages/django/db/backends/utils.py", line 105, in _execute
    return self.cursor.execute(sql, params)
           ^^^^^^^^^^^^^^^^^^^^^^^^^^^^^^^^
  File "/home/pc/ProjectManagerDashboard/.venv/lib/python3.12/site-packages/django/db/backends/mysql/base.py", line 76, in execute
    return self.cursor.execute(query, args)
           ^^^^^^^^^^^^^^^^^^^^^^^^^^^^^^^^
  File "/home/pc/ProjectManagerDashboard/.venv/lib/python3.12/site-packages/pymysql/cursors.py", line 159, in execute
    result = self._query(query)
             ^^^^^^^^^^^^^^^^^^
  File "/home/pc/ProjectManagerDashboard/.venv/lib/python3.12/site-packages/pymysql/cursors.py", line 330, in _query
    conn.query(q)
  File "/home/pc/ProjectManagerDashboard/.venv/lib/python3.12/site-packages/pymysql/connections.py", line 582, in query
    self._affected_rows = self._read_query_result(unbuffered=unbuffered)
                          ^^^^^^^^^^^^^^^^^^^^^^^^^^^^^^^^^^^^^^^^^^^^^^
  File "/home/pc/ProjectManagerDashboard/.venv/lib/python3.12/site-packages/pymysql/connections.py", line 847, in _read_query_result
    result.read()
  File "/home/pc/ProjectManagerDashboard/.venv/lib/python3.12/site-packages/pymysql/connections.py", line 1245, in read
    first_packet = self.connection._read_packet()
                   ^^^^^^^^^^^^^^^^^^^^^^^^^^^^^^
  File "/home/pc/ProjectManagerDashboard/.venv/lib/python3.12/site-packages/pymysql/connections.py", line 803, in _read_packet
    packet.raise_for_error()
  File "/home/pc/ProjectManagerDashboard/.venv/lib/python3.12/site-packages/pymysql/protocol.py", line 219, in raise_for_error
    err.raise_mysql_exception(self._data)
  File "/home/pc/ProjectManagerDashboard/.venv/lib/python3.12/site-packages/pymysql/err.py", line 154, in raise_mysql_exception
    raise errorclass(errno, errval, sqlstate=sqlstate)
pymysql.err.OperationalError: (1054, "Unknown column 'creator_subproject_subproject.project_stage' in 'SELECT'")

The above exception was the direct cause of the following exception:

Traceback (most recent call last):
  File "/home/pc/ProjectManagerDashboard/.venv/lib/python3.12/site-packages/django/core/handlers/exception.py", line 55, in inner
    response = get_response(request)
               ^^^^^^^^^^^^^^^^^^^^^
  File "/home/pc/ProjectManagerDashboard/.venv/lib/python3.12/site-packages/django/core/handlers/base.py", line 197, in _get_response
    response = wrapped_callback(request, *callback_args, **callback_kwargs)
               ^^^^^^^^^^^^^^^^^^^^^^^^^^^^^^^^^^^^^^^^^^^^^^^^^^^^^^^^^^^^
  File "/home/pc/ProjectManagerDashboard/.venv/lib/python3.12/site-packages/django/contrib/auth/decorators.py", line 59, in _view_wrapper
    return view_func(request, *args, **kwargs)
           ^^^^^^^^^^^^^^^^^^^^^^^^^^^^^^^^^^^
  File "/home/pc/ProjectManagerDashboard/creator_project/views.py", line 179, in project_detail
    return render(request, 'creator_project/project_detail.html', context)
           ^^^^^^^^^^^^^^^^^^^^^^^^^^^^^^^^^^^^^^^^^^^^^^^^^^^^^^^^^^^^^^^
  File "/home/pc/ProjectManagerDashboard/.venv/lib/python3.12/site-packages/django/shortcuts.py", line 25, in render
    content = loader.render_to_string(template_name, context, request, using=using)
              ^^^^^^^^^^^^^^^^^^^^^^^^^^^^^^^^^^^^^^^^^^^^^^^^^^^^^^^^^^^^^^^^^^^^^
  File "/home/pc/ProjectManagerDashboard/.venv/lib/python3.12/site-packages/django/template/loader.py", line 62, in render_to_string
    return template.render(context, request)
           ^^^^^^^^^^^^^^^^^^^^^^^^^^^^^^^^^
  File "/home/pc/ProjectManagerDashboard/.venv/lib/python3.12/site-packages/django/template/backends/django.py", line 107, in render
    return self.template.render(context)
           ^^^^^^^^^^^^^^^^^^^^^^^^^^^^^
  File "/home/pc/ProjectManagerDashboard/.venv/lib/python3.12/site-packages/django/template/base.py", line 171, in render
    return self._render(context)
           ^^^^^^^^^^^^^^^^^^^^^
  File "/home/pc/ProjectManagerDashboard/.venv/lib/python3.12/site-packages/django/template/base.py", line 163, in _render
    return self.nodelist.render(context)
           ^^^^^^^^^^^^^^^^^^^^^^^^^^^^^
  File "/home/pc/ProjectManagerDashboard/.venv/lib/python3.12/site-packages/django/template/base.py", line 1016, in render
    return SafeString("".join([node.render_annotated(context) for node in self]))
                               ^^^^^^^^^^^^^^^^^^^^^^^^^^^^^^
  File "/home/pc/ProjectManagerDashboard/.venv/lib/python3.12/site-packages/django/template/base.py", line 977, in render_annotated
    return self.render(context)
           ^^^^^^^^^^^^^^^^^^^^
  File "/home/pc/ProjectManagerDashboard/.venv/lib/python3.12/site-packages/django/template/loader_tags.py", line 159, in render
    return compiled_parent._render(context)
           ^^^^^^^^^^^^^^^^^^^^^^^^^^^^^^^^
  File "/home/pc/ProjectManagerDashboard/.venv/lib/python3.12/site-packages/django/template/base.py", line 163, in _render
    return self.nodelist.render(context)
           ^^^^^^^^^^^^^^^^^^^^^^^^^^^^^
  File "/home/pc/ProjectManagerDashboard/.venv/lib/python3.12/site-packages/django/template/base.py", line 1016, in render
    return SafeString("".join([node.render_annotated(context) for node in self]))
                               ^^^^^^^^^^^^^^^^^^^^^^^^^^^^^^
  File "/home/pc/ProjectManagerDashboard/.venv/lib/python3.12/site-packages/django/template/base.py", line 977, in render_annotated
    return self.render(context)
           ^^^^^^^^^^^^^^^^^^^^
  File "/home/pc/ProjectManagerDashboard/.venv/lib/python3.12/site-packages/django/template/loader_tags.py", line 65, in render
    result = block.nodelist.render(context)
             ^^^^^^^^^^^^^^^^^^^^^^^^^^^^^^
  File "/home/pc/ProjectManagerDashboard/.venv/lib/python3.12/site-packages/django/template/base.py", line 1016, in render
    return SafeString("".join([node.render_annotated(context) for node in self]))
                               ^^^^^^^^^^^^^^^^^^^^^^^^^^^^^^
  File "/home/pc/ProjectManagerDashboard/.venv/lib/python3.12/site-packages/django/template/base.py", line 977, in render_annotated
    return self.render(context)
           ^^^^^^^^^^^^^^^^^^^^
  File "/home/pc/ProjectManagerDashboard/.venv/lib/python3.12/site-packages/django/template/defaulttags.py", line 326, in render
    if match:
       ^^^^^
  File "/home/pc/ProjectManagerDashboard/.venv/lib/python3.12/site-packages/django/db/models/query.py", line 398, in __bool__
    self._fetch_all()
  File "/home/pc/ProjectManagerDashboard/.venv/lib/python3.12/site-packages/django/db/models/query.py", line 1949, in _fetch_all
    self._result_cache = list(self._iterable_class(self))
                         ^^^^^^^^^^^^^^^^^^^^^^^^^^^^^^^^
  File "/home/pc/ProjectManagerDashboard/.venv/lib/python3.12/site-packages/django/db/models/query.py", line 91, in __iter__
    results = compiler.execute_sql(
              ^^^^^^^^^^^^^^^^^^^^^
  File "/home/pc/ProjectManagerDashboard/.venv/lib/python3.12/site-packages/django/db/models/sql/compiler.py", line 1623, in execute_sql
    cursor.execute(sql, params)
  File "/home/pc/ProjectManagerDashboard/.venv/lib/python3.12/site-packages/django/db/backends/utils.py", line 79, in execute
    return self._execute_with_wrappers(
           ^^^^^^^^^^^^^^^^^^^^^^^^^^^^
  File "/home/pc/ProjectManagerDashboard/.venv/lib/python3.12/site-packages/django/db/backends/utils.py", line 92, in _execute_with_wrappers
    return executor(sql, params, many, context)
           ^^^^^^^^^^^^^^^^^^^^^^^^^^^^^^^^^^^^
  File "/home/pc/ProjectManagerDashboard/.venv/lib/python3.12/site-packages/django/db/backends/utils.py", line 100, in _execute
    with self.db.wrap_database_errors:
  File "/home/pc/ProjectManagerDashboard/.venv/lib/python3.12/site-packages/django/db/utils.py", line 91, in __exit__
    raise dj_exc_value.with_traceback(traceback) from exc_value
  File "/home/pc/ProjectManagerDashboard/.venv/lib/python3.12/site-packages/django/db/backends/utils.py", line 105, in _execute
    return self.cursor.execute(sql, params)
           ^^^^^^^^^^^^^^^^^^^^^^^^^^^^^^^^
  File "/home/pc/ProjectManagerDashboard/.venv/lib/python3.12/site-packages/django/db/backends/mysql/base.py", line 76, in execute
    return self.cursor.execute(query, args)
           ^^^^^^^^^^^^^^^^^^^^^^^^^^^^^^^^
  File "/home/pc/ProjectManagerDashboard/.venv/lib/python3.12/site-packages/pymysql/cursors.py", line 159, in execute
    result = self._query(query)
             ^^^^^^^^^^^^^^^^^^
  File "/home/pc/ProjectManagerDashboard/.venv/lib/python3.12/site-packages/pymysql/cursors.py", line 330, in _query
    conn.query(q)
  File "/home/pc/ProjectManagerDashboard/.venv/lib/python3.12/site-packages/pymysql/connections.py", line 582, in query
    self._affected_rows = self._read_query_result(unbuffered=unbuffered)
                          ^^^^^^^^^^^^^^^^^^^^^^^^^^^^^^^^^^^^^^^^^^^^^^
  File "/home/pc/ProjectManagerDashboard/.venv/lib/python3.12/site-packages/pymysql/connections.py", line 847, in _read_query_result
    result.read()
  File "/home/pc/ProjectManagerDashboard/.venv/lib/python3.12/site-packages/pymysql/connections.py", line 1245, in read
    first_packet = self.connection._read_packet()
                   ^^^^^^^^^^^^^^^^^^^^^^^^^^^^^^
  File "/home/pc/ProjectManagerDashboard/.venv/lib/python3.12/site-packages/pymysql/connections.py", line 803, in _read_packet
    packet.raise_for_error()
  File "/home/pc/ProjectManagerDashboard/.venv/lib/python3.12/site-packages/pymysql/protocol.py", line 219, in raise_for_error
    err.raise_mysql_exception(self._data)
  File "/home/pc/ProjectManagerDashboard/.venv/lib/python3.12/site-packages/pymysql/err.py", line 154, in raise_mysql_exception
    raise errorclass(errno, errval, sqlstate=sqlstate)
django.db.utils.OperationalError: (1054, "Unknown column 'creator_subproject_subproject.project_stage' in 'SELECT'")
ERROR 2026-08-17 11:00:49,691 basehttp 24142 131162006595264 "GET /projects/148/ HTTP/1.1" 500 145
ERROR 2026-08-17 13:48:25,180 log 40829 128219065874112 Internal Server Error: /ai-assistant/chat/
Traceback (most recent call last):
  File "/home/pc/ProjectManagerDashboard/.venv/lib/python3.12/site-packages/django/core/handlers/exception.py", line 55, in inner
    response = get_response(request)
               ^^^^^^^^^^^^^^^^^^^^^
  File "/home/pc/ProjectManagerDashboard/.venv/lib/python3.12/site-packages/django/core/handlers/base.py", line 197, in _get_response
    response = wrapped_callback(request, *callback_args, **callback_kwargs)
               ^^^^^^^^^^^^^^^^^^^^^^^^^^^^^^^^^^^^^^^^^^^^^^^^^^^^^^^^^^^^
  File "/home/pc/ProjectManagerDashboard/.venv/lib/python3.12/site-packages/django/contrib/auth/decorators.py", line 59, in _view_wrapper
    return view_func(request, *args, **kwargs)
           ^^^^^^^^^^^^^^^^^^^^^^^^^^^^^^^^^^^
  File "/home/pc/ProjectManagerDashboard/.venv/lib/python3.12/site-packages/django/views/decorators/http.py", line 64, in inner
    return func(request, *args, **kwargs)
           ^^^^^^^^^^^^^^^^^^^^^^^^^^^^^^
  File "/home/pc/ProjectManagerDashboard/ai_assistant/views.py", line 28, in assistant_chat
    if not policy.can_use():
           ^^^^^^^^^^^^^^^^
  File "/home/pc/ProjectManagerDashboard/ai_assistant/models.py", line 46, in can_use
    and self.messages_today() < self.daily_message_limit
        ^^^^^^^^^^^^^^^^^^^^^
  File "/home/pc/ProjectManagerDashboard/ai_assistant/models.py", line 31, in messages_today
    created_at__date=timezone.localdate(),
                     ^^^^^^^^^^^^^^^^^^^^
  File "/home/pc/ProjectManagerDashboard/.venv/lib/python3.12/site-packages/django/utils/timezone.py", line 197, in localdate
    return localtime(value, timezone).date()
           ^^^^^^^^^^^^^^^^^^^^^^^^^^
  File "/home/pc/ProjectManagerDashboard/.venv/lib/python3.12/site-packages/django/utils/timezone.py", line 183, in localtime
    raise ValueError("localtime() cannot be applied to a naive datetime")
ValueError: localtime() cannot be applied to a naive datetime
ERROR 2026-08-17 13:48:25,180 log 40829 128219065874112 Internal Server Error: /ai-assistant/chat/
Traceback (most recent call last):
  File "/home/pc/ProjectManagerDashboard/.venv/lib/python3.12/site-packages/django/core/handlers/exception.py", line 55, in inner
    response = get_response(request)
               ^^^^^^^^^^^^^^^^^^^^^
  File "/home/pc/ProjectManagerDashboard/.venv/lib/python3.12/site-packages/django/core/handlers/base.py", line 197, in _get_response
    response = wrapped_callback(request, *callback_args, **callback_kwargs)
               ^^^^^^^^^^^^^^^^^^^^^^^^^^^^^^^^^^^^^^^^^^^^^^^^^^^^^^^^^^^^
  File "/home/pc/ProjectManagerDashboard/.venv/lib/python3.12/site-packages/django/contrib/auth/decorators.py", line 59, in _view_wrapper
    return view_func(request, *args, **kwargs)
           ^^^^^^^^^^^^^^^^^^^^^^^^^^^^^^^^^^^
  File "/home/pc/ProjectManagerDashboard/.venv/lib/python3.12/site-packages/django/views/decorators/http.py", line 64, in inner
    return func(request, *args, **kwargs)
           ^^^^^^^^^^^^^^^^^^^^^^^^^^^^^^
  File "/home/pc/ProjectManagerDashboard/ai_assistant/views.py", line 28, in assistant_chat
    if not policy.can_use():
           ^^^^^^^^^^^^^^^^
  File "/home/pc/ProjectManagerDashboard/ai_assistant/models.py", line 46, in can_use
    and self.messages_today() < self.daily_message_limit
        ^^^^^^^^^^^^^^^^^^^^^
  File "/home/pc/ProjectManagerDashboard/ai_assistant/models.py", line 31, in messages_today
    created_at__date=timezone.localdate(),
                     ^^^^^^^^^^^^^^^^^^^^
  File "/home/pc/ProjectManagerDashboard/.venv/lib/python3.12/site-packages/django/utils/timezone.py", line 197, in localdate
    return localtime(value, timezone).date()
           ^^^^^^^^^^^^^^^^^^^^^^^^^^
  File "/home/pc/ProjectManagerDashboard/.venv/lib/python3.12/site-packages/django/utils/timezone.py", line 183, in localtime
    raise ValueError("localtime() cannot be applied to a naive datetime")
ValueError: localtime() cannot be applied to a naive datetime
ERROR 2026-08-17 13:48:25,250 basehttp 40829 128219065874112 "POST /ai-assistant/chat/ HTTP/1.1" 500 145
ERROR 2026-08-17 13:51:30,800 log 40829 128219065874112 Internal Server Error: /ai-assistant/chat/
Traceback (most recent call last):
  File "/home/pc/ProjectManagerDashboard/.venv/lib/python3.12/site-packages/django/core/handlers/exception.py", line 55, in inner
    response = get_response(request)
               ^^^^^^^^^^^^^^^^^^^^^
  File "/home/pc/ProjectManagerDashboard/.venv/lib/python3.12/site-packages/django/core/handlers/base.py", line 197, in _get_response
    response = wrapped_callback(request, *callback_args, **callback_kwargs)
               ^^^^^^^^^^^^^^^^^^^^^^^^^^^^^^^^^^^^^^^^^^^^^^^^^^^^^^^^^^^^
  File "/home/pc/ProjectManagerDashboard/.venv/lib/python3.12/site-packages/django/contrib/auth/decorators.py", line 59, in _view_wrapper
    return view_func(request, *args, **kwargs)
           ^^^^^^^^^^^^^^^^^^^^^^^^^^^^^^^^^^^
  File "/home/pc/ProjectManagerDashboard/.venv/lib/python3.12/site-packages/django/views/decorators/http.py", line 64, in inner
    return func(request, *args, **kwargs)
           ^^^^^^^^^^^^^^^^^^^^^^^^^^^^^^
  File "/home/pc/ProjectManagerDashboard/ai_assistant/views.py", line 28, in assistant_chat
    if not policy.can_use():
           ^^^^^^^^^^^^^^^^
  File "/home/pc/ProjectManagerDashboard/ai_assistant/models.py", line 46, in can_use
    and self.messages_today() < self.daily_message_limit
        ^^^^^^^^^^^^^^^^^^^^^
  File "/home/pc/ProjectManagerDashboard/ai_assistant/models.py", line 31, in messages_today
    created_at__date=timezone.localdate(),
                     ^^^^^^^^^^^^^^^^^^^^
  File "/home/pc/ProjectManagerDashboard/.venv/lib/python3.12/site-packages/django/utils/timezone.py", line 197, in localdate
    return localtime(value, timezone).date()
           ^^^^^^^^^^^^^^^^^^^^^^^^^^
  File "/home/pc/ProjectManagerDashboard/.venv/lib/python3.12/site-packages/django/utils/timezone.py", line 183, in localtime
    raise ValueError("localtime() cannot be applied to a naive datetime")
ValueError: localtime() cannot be applied to a naive datetime
ERROR 2026-08-17 13:51:30,800 log 40829 128219065874112 Internal Server Error: /ai-assistant/chat/
Traceback (most recent call last):
  File "/home/pc/ProjectManagerDashboard/.venv/lib/python3.12/site-packages/django/core/handlers/exception.py", line 55, in inner
    response = get_response(request)
               ^^^^^^^^^^^^^^^^^^^^^
  File "/home/pc/ProjectManagerDashboard/.venv/lib/python3.12/site-packages/django/core/handlers/base.py", line 197, in _get_response
    response = wrapped_callback(request, *callback_args, **callback_kwargs)
               ^^^^^^^^^^^^^^^^^^^^^^^^^^^^^^^^^^^^^^^^^^^^^^^^^^^^^^^^^^^^
  File "/home/pc/ProjectManagerDashboard/.venv/lib/python3.12/site-packages/django/contrib/auth/decorators.py", line 59, in _view_wrapper
    return view_func(request, *args, **kwargs)
           ^^^^^^^^^^^^^^^^^^^^^^^^^^^^^^^^^^^
  File "/home/pc/ProjectManagerDashboard/.venv/lib/python3.12/site-packages/django/views/decorators/http.py", line 64, in inner
    return func(request, *args, **kwargs)
           ^^^^^^^^^^^^^^^^^^^^^^^^^^^^^^
  File "/home/pc/ProjectManagerDashboard/ai_assistant/views.py", line 28, in assistant_chat
    if not policy.can_use():
           ^^^^^^^^^^^^^^^^
  File "/home/pc/ProjectManagerDashboard/ai_assistant/models.py", line 46, in can_use
    and self.messages_today() < self.daily_message_limit
        ^^^^^^^^^^^^^^^^^^^^^
  File "/home/pc/ProjectManagerDashboard/ai_assistant/models.py", line 31, in messages_today
    created_at__date=timezone.localdate(),
                     ^^^^^^^^^^^^^^^^^^^^
  File "/home/pc/ProjectManagerDashboard/.venv/lib/python3.12/site-packages/django/utils/timezone.py", line 197, in localdate
    return localtime(value, timezone).date()
           ^^^^^^^^^^^^^^^^^^^^^^^^^^
  File "/home/pc/ProjectManagerDashboard/.venv/lib/python3.12/site-packages/django/utils/timezone.py", line 183, in localtime
    raise ValueError("localtime() cannot be applied to a naive datetime")
ValueError: localtime() cannot be applied to a naive datetime
ERROR 2026-08-17 13:51:30,934 basehttp 40829 128219065874112 "POST /ai-assistant/chat/ HTTP/1.1" 500 145
ERROR 2026-08-17 14:14:33,683 log 47790 137509753321152 Internal Server Error: /dashboard/dashboard/admin/
Traceback (most recent call last):
  File "/home/pc/ProjectManagerDashboard/.venv/lib/python3.12/site-packages/django/core/handlers/exception.py", line 55, in inner
    response = get_response(request)
               ^^^^^^^^^^^^^^^^^^^^^
  File "/home/pc/ProjectManagerDashboard/.venv/lib/python3.12/site-packages/django/core/handlers/base.py", line 197, in _get_response
    response = wrapped_callback(request, *callback_args, **callback_kwargs)
               ^^^^^^^^^^^^^^^^^^^^^^^^^^^^^^^^^^^^^^^^^^^^^^^^^^^^^^^^^^^^
  File "/home/pc/ProjectManagerDashboard/.venv/lib/python3.12/site-packages/django/contrib/auth/decorators.py", line 59, in _view_wrapper
    return view_func(request, *args, **kwargs)
           ^^^^^^^^^^^^^^^^^^^^^^^^^^^^^^^^^^^
  File "/home/pc/ProjectManagerDashboard/dashboard/views.py", line 135, in admin_dashboard
    today = timezone.localdate()
            ^^^^^^^^^^^^^^^^^^^^
  File "/home/pc/ProjectManagerDashboard/.venv/lib/python3.12/site-packages/django/utils/timezone.py", line 197, in localdate
    return localtime(value, timezone).date()
           ^^^^^^^^^^^^^^^^^^^^^^^^^^
  File "/home/pc/ProjectManagerDashboard/.venv/lib/python3.12/site-packages/django/utils/timezone.py", line 183, in localtime
    raise ValueError("localtime() cannot be applied to a naive datetime")
ValueError: localtime() cannot be applied to a naive datetime
ERROR 2026-08-17 14:14:33,683 log 47790 137509753321152 Internal Server Error: /dashboard/dashboard/admin/
Traceback (most recent call last):
  File "/home/pc/ProjectManagerDashboard/.venv/lib/python3.12/site-packages/django/core/handlers/exception.py", line 55, in inner
    response = get_response(request)
               ^^^^^^^^^^^^^^^^^^^^^
  File "/home/pc/ProjectManagerDashboard/.venv/lib/python3.12/site-packages/django/core/handlers/base.py", line 197, in _get_response
    response = wrapped_callback(request, *callback_args, **callback_kwargs)
               ^^^^^^^^^^^^^^^^^^^^^^^^^^^^^^^^^^^^^^^^^^^^^^^^^^^^^^^^^^^^
  File "/home/pc/ProjectManagerDashboard/.venv/lib/python3.12/site-packages/django/contrib/auth/decorators.py", line 59, in _view_wrapper
    return view_func(request, *args, **kwargs)
           ^^^^^^^^^^^^^^^^^^^^^^^^^^^^^^^^^^^
  File "/home/pc/ProjectManagerDashboard/dashboard/views.py", line 135, in admin_dashboard
    today = timezone.localdate()
            ^^^^^^^^^^^^^^^^^^^^
  File "/home/pc/ProjectManagerDashboard/.venv/lib/python3.12/site-packages/django/utils/timezone.py", line 197, in localdate
    return localtime(value, timezone).date()
           ^^^^^^^^^^^^^^^^^^^^^^^^^^
  File "/home/pc/ProjectManagerDashboard/.venv/lib/python3.12/site-packages/django/utils/timezone.py", line 183, in localtime
    raise ValueError("localtime() cannot be applied to a naive datetime")
ValueError: localtime() cannot be applied to a naive datetime
ERROR 2026-08-17 14:14:33,742 basehttp 47790 137509753321152 "GET /dashboard/dashboard/admin/ HTTP/1.1" 500 145
ERROR 2026-08-17 14:14:51,632 log 48001 129591238833856 Internal Server Error: /dashboard/dashboard/admin/
Traceback (most recent call last):
  File "/home/pc/ProjectManagerDashboard/.venv/lib/python3.12/site-packages/django/core/handlers/exception.py", line 55, in inner
    response = get_response(request)
               ^^^^^^^^^^^^^^^^^^^^^
  File "/home/pc/ProjectManagerDashboard/.venv/lib/python3.12/site-packages/django/core/handlers/base.py", line 197, in _get_response
    response = wrapped_callback(request, *callback_args, **callback_kwargs)
               ^^^^^^^^^^^^^^^^^^^^^^^^^^^^^^^^^^^^^^^^^^^^^^^^^^^^^^^^^^^^
  File "/home/pc/ProjectManagerDashboard/.venv/lib/python3.12/site-packages/django/contrib/auth/decorators.py", line 59, in _view_wrapper
    return view_func(request, *args, **kwargs)
           ^^^^^^^^^^^^^^^^^^^^^^^^^^^^^^^^^^^
  File "/home/pc/ProjectManagerDashboard/dashboard/views.py", line 135, in admin_dashboard
    today = timezone.localdate()
            ^^^^^^^^^^^^^^^^^^^^
  File "/home/pc/ProjectManagerDashboard/.venv/lib/python3.12/site-packages/django/utils/timezone.py", line 197, in localdate
    return localtime(value, timezone).date()
           ^^^^^^^^^^^^^^^^^^^^^^^^^^
  File "/home/pc/ProjectManagerDashboard/.venv/lib/python3.12/site-packages/django/utils/timezone.py", line 183, in localtime
    raise ValueError("localtime() cannot be applied to a naive datetime")
ValueError: localtime() cannot be applied to a naive datetime
ERROR 2026-08-17 14:14:51,632 log 48001 129591238833856 Internal Server Error: /dashboard/dashboard/admin/
Traceback (most recent call last):
  File "/home/pc/ProjectManagerDashboard/.venv/lib/python3.12/site-packages/django/core/handlers/exception.py", line 55, in inner
    response = get_response(request)
               ^^^^^^^^^^^^^^^^^^^^^
  File "/home/pc/ProjectManagerDashboard/.venv/lib/python3.12/site-packages/django/core/handlers/base.py", line 197, in _get_response
    response = wrapped_callback(request, *callback_args, **callback_kwargs)
               ^^^^^^^^^^^^^^^^^^^^^^^^^^^^^^^^^^^^^^^^^^^^^^^^^^^^^^^^^^^^
  File "/home/pc/ProjectManagerDashboard/.venv/lib/python3.12/site-packages/django/contrib/auth/decorators.py", line 59, in _view_wrapper
    return view_func(request, *args, **kwargs)
           ^^^^^^^^^^^^^^^^^^^^^^^^^^^^^^^^^^^
  File "/home/pc/ProjectManagerDashboard/dashboard/views.py", line 135, in admin_dashboard
    today = timezone.localdate()
            ^^^^^^^^^^^^^^^^^^^^
  File "/home/pc/ProjectManagerDashboard/.venv/lib/python3.12/site-packages/django/utils/timezone.py", line 197, in localdate
    return localtime(value, timezone).date()
           ^^^^^^^^^^^^^^^^^^^^^^^^^^
  File "/home/pc/ProjectManagerDashboard/.venv/lib/python3.12/site-packages/django/utils/timezone.py", line 183, in localtime
    raise ValueError("localtime() cannot be applied to a naive datetime")
ValueError: localtime() cannot be applied to a naive datetime
ERROR 2026-08-17 14:14:51,644 basehttp 48001 129591238833856 "GET /dashboard/dashboard/admin/ HTTP/1.1" 500 145
ERROR 2026-08-17 14:14:54,966 log 48001 129591238833856 Internal Server Error: /dashboard/dashboard/admin/
Traceback (most recent call last):
  File "/home/pc/ProjectManagerDashboard/.venv/lib/python3.12/site-packages/django/core/handlers/exception.py", line 55, in inner
    response = get_response(request)
               ^^^^^^^^^^^^^^^^^^^^^
  File "/home/pc/ProjectManagerDashboard/.venv/lib/python3.12/site-packages/django/core/handlers/base.py", line 197, in _get_response
    response = wrapped_callback(request, *callback_args, **callback_kwargs)
               ^^^^^^^^^^^^^^^^^^^^^^^^^^^^^^^^^^^^^^^^^^^^^^^^^^^^^^^^^^^^
  File "/home/pc/ProjectManagerDashboard/.venv/lib/python3.12/site-packages/django/contrib/auth/decorators.py", line 59, in _view_wrapper
    return view_func(request, *args, **kwargs)
           ^^^^^^^^^^^^^^^^^^^^^^^^^^^^^^^^^^^
  File "/home/pc/ProjectManagerDashboard/dashboard/views.py", line 135, in admin_dashboard
    today = timezone.localdate()
            ^^^^^^^^^^^^^^^^^^^^
  File "/home/pc/ProjectManagerDashboard/.venv/lib/python3.12/site-packages/django/utils/timezone.py", line 197, in localdate
    return localtime(value, timezone).date()
           ^^^^^^^^^^^^^^^^^^^^^^^^^^
  File "/home/pc/ProjectManagerDashboard/.venv/lib/python3.12/site-packages/django/utils/timezone.py", line 183, in localtime
    raise ValueError("localtime() cannot be applied to a naive datetime")
ValueError: localtime() cannot be applied to a naive datetime
ERROR 2026-08-17 14:14:54,966 log 48001 129591238833856 Internal Server Error: /dashboard/dashboard/admin/
Traceback (most recent call last):
  File "/home/pc/ProjectManagerDashboard/.venv/lib/python3.12/site-packages/django/core/handlers/exception.py", line 55, in inner
    response = get_response(request)
               ^^^^^^^^^^^^^^^^^^^^^
  File "/home/pc/ProjectManagerDashboard/.venv/lib/python3.12/site-packages/django/core/handlers/base.py", line 197, in _get_response
    response = wrapped_callback(request, *callback_args, **callback_kwargs)
               ^^^^^^^^^^^^^^^^^^^^^^^^^^^^^^^^^^^^^^^^^^^^^^^^^^^^^^^^^^^^
  File "/home/pc/ProjectManagerDashboard/.venv/lib/python3.12/site-packages/django/contrib/auth/decorators.py", line 59, in _view_wrapper
    return view_func(request, *args, **kwargs)
           ^^^^^^^^^^^^^^^^^^^^^^^^^^^^^^^^^^^
  File "/home/pc/ProjectManagerDashboard/dashboard/views.py", line 135, in admin_dashboard
    today = timezone.localdate()
            ^^^^^^^^^^^^^^^^^^^^
  File "/home/pc/ProjectManagerDashboard/.venv/lib/python3.12/site-packages/django/utils/timezone.py", line 197, in localdate
    return localtime(value, timezone).date()
           ^^^^^^^^^^^^^^^^^^^^^^^^^^
  File "/home/pc/ProjectManagerDashboard/.venv/lib/python3.12/site-packages/django/utils/timezone.py", line 183, in localtime
    raise ValueError("localtime() cannot be applied to a naive datetime")
ValueError: localtime() cannot be applied to a naive datetime
ERROR 2026-08-17 14:14:54,977 basehttp 48001 129591238833856 "GET /dashboard/dashboard/admin/ HTTP/1.1" 500 145
ERROR 2026-08-17 14:14:57,372 log 48001 129591238833856 Internal Server Error: /dashboard/dashboard/admin/
Traceback (most recent call last):
  File "/home/pc/ProjectManagerDashboard/.venv/lib/python3.12/site-packages/django/core/handlers/exception.py", line 55, in inner
    response = get_response(request)
               ^^^^^^^^^^^^^^^^^^^^^
  File "/home/pc/ProjectManagerDashboard/.venv/lib/python3.12/site-packages/django/core/handlers/base.py", line 197, in _get_response
    response = wrapped_callback(request, *callback_args, **callback_kwargs)
               ^^^^^^^^^^^^^^^^^^^^^^^^^^^^^^^^^^^^^^^^^^^^^^^^^^^^^^^^^^^^
  File "/home/pc/ProjectManagerDashboard/.venv/lib/python3.12/site-packages/django/contrib/auth/decorators.py", line 59, in _view_wrapper
    return view_func(request, *args, **kwargs)
           ^^^^^^^^^^^^^^^^^^^^^^^^^^^^^^^^^^^
  File "/home/pc/ProjectManagerDashboard/dashboard/views.py", line 135, in admin_dashboard
    today = timezone.localdate()
            ^^^^^^^^^^^^^^^^^^^^
  File "/home/pc/ProjectManagerDashboard/.venv/lib/python3.12/site-packages/django/utils/timezone.py", line 197, in localdate
    return localtime(value, timezone).date()
           ^^^^^^^^^^^^^^^^^^^^^^^^^^
  File "/home/pc/ProjectManagerDashboard/.venv/lib/python3.12/site-packages/django/utils/timezone.py", line 183, in localtime
    raise ValueError("localtime() cannot be applied to a naive datetime")
ValueError: localtime() cannot be applied to a naive datetime
ERROR 2026-08-17 14:14:57,372 log 48001 129591238833856 Internal Server Error: /dashboard/dashboard/admin/
Traceback (most recent call last):
  File "/home/pc/ProjectManagerDashboard/.venv/lib/python3.12/site-packages/django/core/handlers/exception.py", line 55, in inner
    response = get_response(request)
               ^^^^^^^^^^^^^^^^^^^^^
  File "/home/pc/ProjectManagerDashboard/.venv/lib/python3.12/site-packages/django/core/handlers/base.py", line 197, in _get_response
    response = wrapped_callback(request, *callback_args, **callback_kwargs)
               ^^^^^^^^^^^^^^^^^^^^^^^^^^^^^^^^^^^^^^^^^^^^^^^^^^^^^^^^^^^^
  File "/home/pc/ProjectManagerDashboard/.venv/lib/python3.12/site-packages/django/contrib/auth/decorators.py", line 59, in _view_wrapper
    return view_func(request, *args, **kwargs)
           ^^^^^^^^^^^^^^^^^^^^^^^^^^^^^^^^^^^
  File "/home/pc/ProjectManagerDashboard/dashboard/views.py", line 135, in admin_dashboard
    today = timezone.localdate()
            ^^^^^^^^^^^^^^^^^^^^
  File "/home/pc/ProjectManagerDashboard/.venv/lib/python3.12/site-packages/django/utils/timezone.py", line 197, in localdate
    return localtime(value, timezone).date()
           ^^^^^^^^^^^^^^^^^^^^^^^^^^
  File "/home/pc/ProjectManagerDashboard/.venv/lib/python3.12/site-packages/django/utils/timezone.py", line 183, in localtime
    raise ValueError("localtime() cannot be applied to a naive datetime")
ValueError: localtime() cannot be applied to a naive datetime
ERROR 2026-08-17 14:14:57,383 basehttp 48001 129591238833856 "GET /dashboard/dashboard/admin/ HTTP/1.1" 500 145
ERROR 2026-08-17 14:14:57,658 log 48001 129591238833856 Internal Server Error: /dashboard/dashboard/admin/
Traceback (most recent call last):
  File "/home/pc/ProjectManagerDashboard/.venv/lib/python3.12/site-packages/django/core/handlers/exception.py", line 55, in inner
    response = get_response(request)
               ^^^^^^^^^^^^^^^^^^^^^
  File "/home/pc/ProjectManagerDashboard/.venv/lib/python3.12/site-packages/django/core/handlers/base.py", line 197, in _get_response
    response = wrapped_callback(request, *callback_args, **callback_kwargs)
               ^^^^^^^^^^^^^^^^^^^^^^^^^^^^^^^^^^^^^^^^^^^^^^^^^^^^^^^^^^^^
  File "/home/pc/ProjectManagerDashboard/.venv/lib/python3.12/site-packages/django/contrib/auth/decorators.py", line 59, in _view_wrapper
    return view_func(request, *args, **kwargs)
           ^^^^^^^^^^^^^^^^^^^^^^^^^^^^^^^^^^^
  File "/home/pc/ProjectManagerDashboard/dashboard/views.py", line 135, in admin_dashboard
    today = timezone.localdate()
            ^^^^^^^^^^^^^^^^^^^^
  File "/home/pc/ProjectManagerDashboard/.venv/lib/python3.12/site-packages/django/utils/timezone.py", line 197, in localdate
    return localtime(value, timezone).date()
           ^^^^^^^^^^^^^^^^^^^^^^^^^^
  File "/home/pc/ProjectManagerDashboard/.venv/lib/python3.12/site-packages/django/utils/timezone.py", line 183, in localtime
    raise ValueError("localtime() cannot be applied to a naive datetime")
ValueError: localtime() cannot be applied to a naive datetime
ERROR 2026-08-17 14:14:57,658 log 48001 129591238833856 Internal Server Error: /dashboard/dashboard/admin/
Traceback (most recent call last):
  File "/home/pc/ProjectManagerDashboard/.venv/lib/python3.12/site-packages/django/core/handlers/exception.py", line 55, in inner
    response = get_response(request)
               ^^^^^^^^^^^^^^^^^^^^^
  File "/home/pc/ProjectManagerDashboard/.venv/lib/python3.12/site-packages/django/core/handlers/base.py", line 197, in _get_response
    response = wrapped_callback(request, *callback_args, **callback_kwargs)
               ^^^^^^^^^^^^^^^^^^^^^^^^^^^^^^^^^^^^^^^^^^^^^^^^^^^^^^^^^^^^
  File "/home/pc/ProjectManagerDashboard/.venv/lib/python3.12/site-packages/django/contrib/auth/decorators.py", line 59, in _view_wrapper
    return view_func(request, *args, **kwargs)
           ^^^^^^^^^^^^^^^^^^^^^^^^^^^^^^^^^^^
  File "/home/pc/ProjectManagerDashboard/dashboard/views.py", line 135, in admin_dashboard
    today = timezone.localdate()
            ^^^^^^^^^^^^^^^^^^^^
  File "/home/pc/ProjectManagerDashboard/.venv/lib/python3.12/site-packages/django/utils/timezone.py", line 197, in localdate
    return localtime(value, timezone).date()
           ^^^^^^^^^^^^^^^^^^^^^^^^^^
  File "/home/pc/ProjectManagerDashboard/.venv/lib/python3.12/site-packages/django/utils/timezone.py", line 183, in localtime
    raise ValueError("localtime() cannot be applied to a naive datetime")
ValueError: localtime() cannot be applied to a naive datetime
ERROR 2026-08-17 14:14:57,671 basehttp 48001 129591238833856 "GET /dashboard/dashboard/admin/ HTTP/1.1" 500 145
ERROR 2026-08-17 14:15:08,441 log 48001 129591238833856 Internal Server Error: /dashboard/dashboard/admin/
Traceback (most recent call last):
  File "/home/pc/ProjectManagerDashboard/.venv/lib/python3.12/site-packages/django/core/handlers/exception.py", line 55, in inner
    response = get_response(request)
               ^^^^^^^^^^^^^^^^^^^^^
  File "/home/pc/ProjectManagerDashboard/.venv/lib/python3.12/site-packages/django/core/handlers/base.py", line 197, in _get_response
    response = wrapped_callback(request, *callback_args, **callback_kwargs)
               ^^^^^^^^^^^^^^^^^^^^^^^^^^^^^^^^^^^^^^^^^^^^^^^^^^^^^^^^^^^^
  File "/home/pc/ProjectManagerDashboard/.venv/lib/python3.12/site-packages/django/contrib/auth/decorators.py", line 59, in _view_wrapper
    return view_func(request, *args, **kwargs)
           ^^^^^^^^^^^^^^^^^^^^^^^^^^^^^^^^^^^
  File "/home/pc/ProjectManagerDashboard/dashboard/views.py", line 135, in admin_dashboard
    today = timezone.localdate()
            ^^^^^^^^^^^^^^^^^^^^
  File "/home/pc/ProjectManagerDashboard/.venv/lib/python3.12/site-packages/django/utils/timezone.py", line 197, in localdate
    return localtime(value, timezone).date()
           ^^^^^^^^^^^^^^^^^^^^^^^^^^
  File "/home/pc/ProjectManagerDashboard/.venv/lib/python3.12/site-packages/django/utils/timezone.py", line 183, in localtime
    raise ValueError("localtime() cannot be applied to a naive datetime")
ValueError: localtime() cannot be applied to a naive datetime
ERROR 2026-08-17 14:15:08,441 log 48001 129591238833856 Internal Server Error: /dashboard/dashboard/admin/
Traceback (most recent call last):
  File "/home/pc/ProjectManagerDashboard/.venv/lib/python3.12/site-packages/django/core/handlers/exception.py", line 55, in inner
    response = get_response(request)
               ^^^^^^^^^^^^^^^^^^^^^
  File "/home/pc/ProjectManagerDashboard/.venv/lib/python3.12/site-packages/django/core/handlers/base.py", line 197, in _get_response
    response = wrapped_callback(request, *callback_args, **callback_kwargs)
               ^^^^^^^^^^^^^^^^^^^^^^^^^^^^^^^^^^^^^^^^^^^^^^^^^^^^^^^^^^^^
  File "/home/pc/ProjectManagerDashboard/.venv/lib/python3.12/site-packages/django/contrib/auth/decorators.py", line 59, in _view_wrapper
    return view_func(request, *args, **kwargs)
           ^^^^^^^^^^^^^^^^^^^^^^^^^^^^^^^^^^^
  File "/home/pc/ProjectManagerDashboard/dashboard/views.py", line 135, in admin_dashboard
    today = timezone.localdate()
            ^^^^^^^^^^^^^^^^^^^^
  File "/home/pc/ProjectManagerDashboard/.venv/lib/python3.12/site-packages/django/utils/timezone.py", line 197, in localdate
    return localtime(value, timezone).date()
           ^^^^^^^^^^^^^^^^^^^^^^^^^^
  File "/home/pc/ProjectManagerDashboard/.venv/lib/python3.12/site-packages/django/utils/timezone.py", line 183, in localtime
    raise ValueError("localtime() cannot be applied to a naive datetime")
ValueError: localtime() cannot be applied to a naive datetime
ERROR 2026-08-17 14:15:08,516 basehttp 48001 129591238833856 "GET /dashboard/dashboard/admin/ HTTP/1.1" 500 145
ERROR 2026-08-17 14:15:09,267 log 48001 129591238833856 Internal Server Error: /dashboard/dashboard/admin/
Traceback (most recent call last):
  File "/home/pc/ProjectManagerDashboard/.venv/lib/python3.12/site-packages/django/core/handlers/exception.py", line 55, in inner
    response = get_response(request)
               ^^^^^^^^^^^^^^^^^^^^^
  File "/home/pc/ProjectManagerDashboard/.venv/lib/python3.12/site-packages/django/core/handlers/base.py", line 197, in _get_response
    response = wrapped_callback(request, *callback_args, **callback_kwargs)
               ^^^^^^^^^^^^^^^^^^^^^^^^^^^^^^^^^^^^^^^^^^^^^^^^^^^^^^^^^^^^
  File "/home/pc/ProjectManagerDashboard/.venv/lib/python3.12/site-packages/django/contrib/auth/decorators.py", line 59, in _view_wrapper
    return view_func(request, *args, **kwargs)
           ^^^^^^^^^^^^^^^^^^^^^^^^^^^^^^^^^^^
  File "/home/pc/ProjectManagerDashboard/dashboard/views.py", line 135, in admin_dashboard
    today = timezone.localdate()
            ^^^^^^^^^^^^^^^^^^^^
  File "/home/pc/ProjectManagerDashboard/.venv/lib/python3.12/site-packages/django/utils/timezone.py", line 197, in localdate
    return localtime(value, timezone).date()
           ^^^^^^^^^^^^^^^^^^^^^^^^^^
  File "/home/pc/ProjectManagerDashboard/.venv/lib/python3.12/site-packages/django/utils/timezone.py", line 183, in localtime
    raise ValueError("localtime() cannot be applied to a naive datetime")
ValueError: localtime() cannot be applied to a naive datetime
ERROR 2026-08-17 14:15:09,267 log 48001 129591238833856 Internal Server Error: /dashboard/dashboard/admin/
Traceback (most recent call last):
  File "/home/pc/ProjectManagerDashboard/.venv/lib/python3.12/site-packages/django/core/handlers/exception.py", line 55, in inner
    response = get_response(request)
               ^^^^^^^^^^^^^^^^^^^^^
  File "/home/pc/ProjectManagerDashboard/.venv/lib/python3.12/site-packages/django/core/handlers/base.py", line 197, in _get_response
    response = wrapped_callback(request, *callback_args, **callback_kwargs)
               ^^^^^^^^^^^^^^^^^^^^^^^^^^^^^^^^^^^^^^^^^^^^^^^^^^^^^^^^^^^^
  File "/home/pc/ProjectManagerDashboard/.venv/lib/python3.12/site-packages/django/contrib/auth/decorators.py", line 59, in _view_wrapper
    return view_func(request, *args, **kwargs)
           ^^^^^^^^^^^^^^^^^^^^^^^^^^^^^^^^^^^
  File "/home/pc/ProjectManagerDashboard/dashboard/views.py", line 135, in admin_dashboard
    today = timezone.localdate()
            ^^^^^^^^^^^^^^^^^^^^
  File "/home/pc/ProjectManagerDashboard/.venv/lib/python3.12/site-packages/django/utils/timezone.py", line 197, in localdate
    return localtime(value, timezone).date()
           ^^^^^^^^^^^^^^^^^^^^^^^^^^
  File "/home/pc/ProjectManagerDashboard/.venv/lib/python3.12/site-packages/django/utils/timezone.py", line 183, in localtime
    raise ValueError("localtime() cannot be applied to a naive datetime")
ValueError: localtime() cannot be applied to a naive datetime
ERROR 2026-08-17 14:15:09,279 basehttp 48001 129591238833856 "GET /dashboard/dashboard/admin/ HTTP/1.1" 500 145
ERROR 2026-08-17 14:15:25,223 log 48010 137956011538112 Internal Server Error: /dashboard/dashboard/admin/
Traceback (most recent call last):
  File "/home/pc/ProjectManagerDashboard/.venv/lib/python3.12/site-packages/django/core/handlers/exception.py", line 55, in inner
    response = get_response(request)
               ^^^^^^^^^^^^^^^^^^^^^
  File "/home/pc/ProjectManagerDashboard/.venv/lib/python3.12/site-packages/django/core/handlers/base.py", line 197, in _get_response
    response = wrapped_callback(request, *callback_args, **callback_kwargs)
               ^^^^^^^^^^^^^^^^^^^^^^^^^^^^^^^^^^^^^^^^^^^^^^^^^^^^^^^^^^^^
  File "/home/pc/ProjectManagerDashboard/.venv/lib/python3.12/site-packages/django/contrib/auth/decorators.py", line 59, in _view_wrapper
    return view_func(request, *args, **kwargs)
           ^^^^^^^^^^^^^^^^^^^^^^^^^^^^^^^^^^^
  File "/home/pc/ProjectManagerDashboard/dashboard/views.py", line 135, in admin_dashboard
    today = timezone.localdate()
            ^^^^^^^^^^^^^^^^^^^^
  File "/home/pc/ProjectManagerDashboard/.venv/lib/python3.12/site-packages/django/utils/timezone.py", line 197, in localdate
    return localtime(value, timezone).date()
           ^^^^^^^^^^^^^^^^^^^^^^^^^^
  File "/home/pc/ProjectManagerDashboard/.venv/lib/python3.12/site-packages/django/utils/timezone.py", line 183, in localtime
    raise ValueError("localtime() cannot be applied to a naive datetime")
ValueError: localtime() cannot be applied to a naive datetime
ERROR 2026-08-17 14:15:25,223 log 48010 137956011538112 Internal Server Error: /dashboard/dashboard/admin/
Traceback (most recent call last):
  File "/home/pc/ProjectManagerDashboard/.venv/lib/python3.12/site-packages/django/core/handlers/exception.py", line 55, in inner
    response = get_response(request)
               ^^^^^^^^^^^^^^^^^^^^^
  File "/home/pc/ProjectManagerDashboard/.venv/lib/python3.12/site-packages/django/core/handlers/base.py", line 197, in _get_response
    response = wrapped_callback(request, *callback_args, **callback_kwargs)
               ^^^^^^^^^^^^^^^^^^^^^^^^^^^^^^^^^^^^^^^^^^^^^^^^^^^^^^^^^^^^
  File "/home/pc/ProjectManagerDashboard/.venv/lib/python3.12/site-packages/django/contrib/auth/decorators.py", line 59, in _view_wrapper
    return view_func(request, *args, **kwargs)
           ^^^^^^^^^^^^^^^^^^^^^^^^^^^^^^^^^^^
  File "/home/pc/ProjectManagerDashboard/dashboard/views.py", line 135, in admin_dashboard
    today = timezone.localdate()
            ^^^^^^^^^^^^^^^^^^^^
  File "/home/pc/ProjectManagerDashboard/.venv/lib/python3.12/site-packages/django/utils/timezone.py", line 197, in localdate
    return localtime(value, timezone).date()
           ^^^^^^^^^^^^^^^^^^^^^^^^^^
  File "/home/pc/ProjectManagerDashboard/.venv/lib/python3.12/site-packages/django/utils/timezone.py", line 183, in localtime
    raise ValueError("localtime() cannot be applied to a naive datetime")
ValueError: localtime() cannot be applied to a naive datetime
ERROR 2026-08-17 14:15:25,235 basehttp 48010 137956011538112 "GET /dashboard/dashboard/admin/ HTTP/1.1" 500 145
ERROR 2026-08-17 14:15:25,539 log 48010 137956011538112 Internal Server Error: /dashboard/dashboard/admin/
Traceback (most recent call last):
  File "/home/pc/ProjectManagerDashboard/.venv/lib/python3.12/site-packages/django/core/handlers/exception.py", line 55, in inner
    response = get_response(request)
               ^^^^^^^^^^^^^^^^^^^^^
  File "/home/pc/ProjectManagerDashboard/.venv/lib/python3.12/site-packages/django/core/handlers/base.py", line 197, in _get_response
    response = wrapped_callback(request, *callback_args, **callback_kwargs)
               ^^^^^^^^^^^^^^^^^^^^^^^^^^^^^^^^^^^^^^^^^^^^^^^^^^^^^^^^^^^^
  File "/home/pc/ProjectManagerDashboard/.venv/lib/python3.12/site-packages/django/contrib/auth/decorators.py", line 59, in _view_wrapper
    return view_func(request, *args, **kwargs)
           ^^^^^^^^^^^^^^^^^^^^^^^^^^^^^^^^^^^
  File "/home/pc/ProjectManagerDashboard/dashboard/views.py", line 135, in admin_dashboard
    today = timezone.localdate()
            ^^^^^^^^^^^^^^^^^^^^
  File "/home/pc/ProjectManagerDashboard/.venv/lib/python3.12/site-packages/django/utils/timezone.py", line 197, in localdate
    return localtime(value, timezone).date()
           ^^^^^^^^^^^^^^^^^^^^^^^^^^
  File "/home/pc/ProjectManagerDashboard/.venv/lib/python3.12/site-packages/django/utils/timezone.py", line 183, in localtime
    raise ValueError("localtime() cannot be applied to a naive datetime")
ValueError: localtime() cannot be applied to a naive datetime
ERROR 2026-08-17 14:15:25,539 log 48010 137956011538112 Internal Server Error: /dashboard/dashboard/admin/
Traceback (most recent call last):
  File "/home/pc/ProjectManagerDashboard/.venv/lib/python3.12/site-packages/django/core/handlers/exception.py", line 55, in inner
    response = get_response(request)
               ^^^^^^^^^^^^^^^^^^^^^
  File "/home/pc/ProjectManagerDashboard/.venv/lib/python3.12/site-packages/django/core/handlers/base.py", line 197, in _get_response
    response = wrapped_callback(request, *callback_args, **callback_kwargs)
               ^^^^^^^^^^^^^^^^^^^^^^^^^^^^^^^^^^^^^^^^^^^^^^^^^^^^^^^^^^^^
  File "/home/pc/ProjectManagerDashboard/.venv/lib/python3.12/site-packages/django/contrib/auth/decorators.py", line 59, in _view_wrapper
    return view_func(request, *args, **kwargs)
           ^^^^^^^^^^^^^^^^^^^^^^^^^^^^^^^^^^^
  File "/home/pc/ProjectManagerDashboard/dashboard/views.py", line 135, in admin_dashboard
    today = timezone.localdate()
            ^^^^^^^^^^^^^^^^^^^^
  File "/home/pc/ProjectManagerDashboard/.venv/lib/python3.12/site-packages/django/utils/timezone.py", line 197, in localdate
    return localtime(value, timezone).date()
           ^^^^^^^^^^^^^^^^^^^^^^^^^^
  File "/home/pc/ProjectManagerDashboard/.venv/lib/python3.12/site-packages/django/utils/timezone.py", line 183, in localtime
    raise ValueError("localtime() cannot be applied to a naive datetime")
ValueError: localtime() cannot be applied to a naive datetime
ERROR 2026-08-17 14:15:25,598 basehttp 48010 137956011538112 "GET /dashboard/dashboard/admin/ HTTP/1.1" 500 145
ERROR 2026-08-17 14:15:37,670 log 48010 137955993704128 Internal Server Error: /dashboard/dashboard/admin/
Traceback (most recent call last):
  File "/home/pc/ProjectManagerDashboard/.venv/lib/python3.12/site-packages/django/core/handlers/exception.py", line 55, in inner
    response = get_response(request)
               ^^^^^^^^^^^^^^^^^^^^^
  File "/home/pc/ProjectManagerDashboard/.venv/lib/python3.12/site-packages/django/core/handlers/base.py", line 197, in _get_response
    response = wrapped_callback(request, *callback_args, **callback_kwargs)
               ^^^^^^^^^^^^^^^^^^^^^^^^^^^^^^^^^^^^^^^^^^^^^^^^^^^^^^^^^^^^
  File "/home/pc/ProjectManagerDashboard/.venv/lib/python3.12/site-packages/django/contrib/auth/decorators.py", line 59, in _view_wrapper
    return view_func(request, *args, **kwargs)
           ^^^^^^^^^^^^^^^^^^^^^^^^^^^^^^^^^^^
  File "/home/pc/ProjectManagerDashboard/dashboard/views.py", line 135, in admin_dashboard
    today = timezone.localdate()
            ^^^^^^^^^^^^^^^^^^^^
  File "/home/pc/ProjectManagerDashboard/.venv/lib/python3.12/site-packages/django/utils/timezone.py", line 197, in localdate
    return localtime(value, timezone).date()
           ^^^^^^^^^^^^^^^^^^^^^^^^^^
  File "/home/pc/ProjectManagerDashboard/.venv/lib/python3.12/site-packages/django/utils/timezone.py", line 183, in localtime
    raise ValueError("localtime() cannot be applied to a naive datetime")
ValueError: localtime() cannot be applied to a naive datetime
ERROR 2026-08-17 14:15:37,670 log 48010 137955993704128 Internal Server Error: /dashboard/dashboard/admin/
Traceback (most recent call last):
  File "/home/pc/ProjectManagerDashboard/.venv/lib/python3.12/site-packages/django/core/handlers/exception.py", line 55, in inner
    response = get_response(request)
               ^^^^^^^^^^^^^^^^^^^^^
  File "/home/pc/ProjectManagerDashboard/.venv/lib/python3.12/site-packages/django/core/handlers/base.py", line 197, in _get_response
    response = wrapped_callback(request, *callback_args, **callback_kwargs)
               ^^^^^^^^^^^^^^^^^^^^^^^^^^^^^^^^^^^^^^^^^^^^^^^^^^^^^^^^^^^^
  File "/home/pc/ProjectManagerDashboard/.venv/lib/python3.12/site-packages/django/contrib/auth/decorators.py", line 59, in _view_wrapper
    return view_func(request, *args, **kwargs)
           ^^^^^^^^^^^^^^^^^^^^^^^^^^^^^^^^^^^
  File "/home/pc/ProjectManagerDashboard/dashboard/views.py", line 135, in admin_dashboard
    today = timezone.localdate()
            ^^^^^^^^^^^^^^^^^^^^
  File "/home/pc/ProjectManagerDashboard/.venv/lib/python3.12/site-packages/django/utils/timezone.py", line 197, in localdate
    return localtime(value, timezone).date()
           ^^^^^^^^^^^^^^^^^^^^^^^^^^
  File "/home/pc/ProjectManagerDashboard/.venv/lib/python3.12/site-packages/django/utils/timezone.py", line 183, in localtime
    raise ValueError("localtime() cannot be applied to a naive datetime")
ValueError: localtime() cannot be applied to a naive datetime
ERROR 2026-08-17 14:15:37,726 basehttp 48010 137955993704128 "GET /dashboard/dashboard/admin/ HTTP/1.1" 500 145
ERROR 2026-08-17 14:18:43,787 log 48106 124686199842496 Internal Server Error: /dashboard/dashboard/admin/
Traceback (most recent call last):
  File "/home/pc/ProjectManagerDashboard/.venv/lib/python3.12/site-packages/django/core/handlers/exception.py", line 55, in inner
    response = get_response(request)
               ^^^^^^^^^^^^^^^^^^^^^
  File "/home/pc/ProjectManagerDashboard/.venv/lib/python3.12/site-packages/django/core/handlers/base.py", line 197, in _get_response
    response = wrapped_callback(request, *callback_args, **callback_kwargs)
               ^^^^^^^^^^^^^^^^^^^^^^^^^^^^^^^^^^^^^^^^^^^^^^^^^^^^^^^^^^^^
  File "/home/pc/ProjectManagerDashboard/.venv/lib/python3.12/site-packages/django/contrib/auth/decorators.py", line 59, in _view_wrapper
    return view_func(request, *args, **kwargs)
           ^^^^^^^^^^^^^^^^^^^^^^^^^^^^^^^^^^^
  File "/home/pc/ProjectManagerDashboard/dashboard/views.py", line 135, in admin_dashboard
    today = timezone.localdate()
            ^^^^^^^^^^^^^^^^^^^^
  File "/home/pc/ProjectManagerDashboard/.venv/lib/python3.12/site-packages/django/utils/timezone.py", line 197, in localdate
    return localtime(value, timezone).date()
           ^^^^^^^^^^^^^^^^^^^^^^^^^^
  File "/home/pc/ProjectManagerDashboard/.venv/lib/python3.12/site-packages/django/utils/timezone.py", line 183, in localtime
    raise ValueError("localtime() cannot be applied to a naive datetime")
ValueError: localtime() cannot be applied to a naive datetime
ERROR 2026-08-17 14:18:43,787 log 48106 124686199842496 Internal Server Error: /dashboard/dashboard/admin/
Traceback (most recent call last):
  File "/home/pc/ProjectManagerDashboard/.venv/lib/python3.12/site-packages/django/core/handlers/exception.py", line 55, in inner
    response = get_response(request)
               ^^^^^^^^^^^^^^^^^^^^^
  File "/home/pc/ProjectManagerDashboard/.venv/lib/python3.12/site-packages/django/core/handlers/base.py", line 197, in _get_response
    response = wrapped_callback(request, *callback_args, **callback_kwargs)
               ^^^^^^^^^^^^^^^^^^^^^^^^^^^^^^^^^^^^^^^^^^^^^^^^^^^^^^^^^^^^
  File "/home/pc/ProjectManagerDashboard/.venv/lib/python3.12/site-packages/django/contrib/auth/decorators.py", line 59, in _view_wrapper
    return view_func(request, *args, **kwargs)
           ^^^^^^^^^^^^^^^^^^^^^^^^^^^^^^^^^^^
  File "/home/pc/ProjectManagerDashboard/dashboard/views.py", line 135, in admin_dashboard
    today = timezone.localdate()
            ^^^^^^^^^^^^^^^^^^^^
  File "/home/pc/ProjectManagerDashboard/.venv/lib/python3.12/site-packages/django/utils/timezone.py", line 197, in localdate
    return localtime(value, timezone).date()
           ^^^^^^^^^^^^^^^^^^^^^^^^^^
  File "/home/pc/ProjectManagerDashboard/.venv/lib/python3.12/site-packages/django/utils/timezone.py", line 183, in localtime
    raise ValueError("localtime() cannot be applied to a naive datetime")
ValueError: localtime() cannot be applied to a naive datetime
ERROR 2026-08-17 14:18:43,853 basehttp 48106 124686199842496 "GET /dashboard/dashboard/admin/ HTTP/1.1" 500 145
ERROR 2026-08-17 14:35:45,342 log 50377 128816716412608 Internal Server Error: /dashboard/dashboard/admin/ai/
Traceback (most recent call last):
  File "/home/pc/ProjectManagerDashboard/.venv/lib/python3.12/site-packages/django/core/handlers/exception.py", line 55, in inner
    response = get_response(request)
               ^^^^^^^^^^^^^^^^^^^^^
  File "/home/pc/ProjectManagerDashboard/.venv/lib/python3.12/site-packages/django/core/handlers/base.py", line 197, in _get_response
    response = wrapped_callback(request, *callback_args, **callback_kwargs)
               ^^^^^^^^^^^^^^^^^^^^^^^^^^^^^^^^^^^^^^^^^^^^^^^^^^^^^^^^^^^^
  File "/home/pc/ProjectManagerDashboard/.venv/lib/python3.12/site-packages/django/contrib/auth/decorators.py", line 59, in _view_wrapper
    return view_func(request, *args, **kwargs)
           ^^^^^^^^^^^^^^^^^^^^^^^^^^^^^^^^^^^
  File "/home/pc/ProjectManagerDashboard/dashboard/views.py", line 228, in ai_control_center
    usage_totals = month_usage.aggregate(
                   ^^^^^^^^^^^^^^^^^^^^^^
  File "/home/pc/ProjectManagerDashboard/.venv/lib/python3.12/site-packages/django/db/models/query.py", line 588, in aggregate
    return self.query.chain().get_aggregation(self.db, kwargs)
           ^^^^^^^^^^^^^^^^^^^^^^^^^^^^^^^^^^^^^^^^^^^^^^^^^^^
  File "/home/pc/ProjectManagerDashboard/.venv/lib/python3.12/site-packages/django/db/models/sql/query.py", line 626, in get_aggregation
    result = compiler.execute_sql(SINGLE)
             ^^^^^^^^^^^^^^^^^^^^^^^^^^^^
  File "/home/pc/ProjectManagerDashboard/.venv/lib/python3.12/site-packages/django/db/models/sql/compiler.py", line 1610, in execute_sql
    sql, params = self.as_sql()
                  ^^^^^^^^^^^^^
  File "/home/pc/ProjectManagerDashboard/.venv/lib/python3.12/site-packages/django/db/models/sql/compiler.py", line 766, in as_sql
    extra_select, order_by, group_by = self.pre_sql_setup(
                                       ^^^^^^^^^^^^^^^^^^^
  File "/home/pc/ProjectManagerDashboard/.venv/lib/python3.12/site-packages/django/db/models/sql/compiler.py", line 85, in pre_sql_setup
    self.setup_query(with_col_aliases=with_col_aliases)
  File "/home/pc/ProjectManagerDashboard/.venv/lib/python3.12/site-packages/django/db/models/sql/compiler.py", line 74, in setup_query
    self.select, self.klass_info, self.annotation_col_map = self.get_select(
                                                            ^^^^^^^^^^^^^^^^
  File "/home/pc/ProjectManagerDashboard/.venv/lib/python3.12/site-packages/django/db/models/sql/compiler.py", line 329, in get_select
    sql, params = col.select_format(self, sql, params)
                  ^^^^^^^^^^^^^^^^^^^^^^^^^^^^^^^^^^^^
  File "/home/pc/ProjectManagerDashboard/.venv/lib/python3.12/site-packages/django/db/models/expressions.py", line 498, in select_format
    if hasattr(self.output_field, "select_format"):
               ^^^^^^^^^^^^^^^^^
  File "/home/pc/ProjectManagerDashboard/.venv/lib/python3.12/site-packages/django/utils/functional.py", line 47, in __get__
    res = instance.__dict__[self.name] = self.func(instance)
                                         ^^^^^^^^^^^^^^^^^^^
  File "/home/pc/ProjectManagerDashboard/.venv/lib/python3.12/site-packages/django/db/models/expressions.py", line 327, in output_field
    output_field = self._resolve_output_field()
                   ^^^^^^^^^^^^^^^^^^^^^^^^^^^^
  File "/home/pc/ProjectManagerDashboard/.venv/lib/python3.12/site-packages/django/db/models/expressions.py", line 365, in _resolve_output_field
    raise FieldError(
django.core.exceptions.FieldError: Expression contains mixed types: FloatField, IntegerField. You must set output_field.
ERROR 2026-08-17 14:35:45,342 log 50377 128816716412608 Internal Server Error: /dashboard/dashboard/admin/ai/
Traceback (most recent call last):
  File "/home/pc/ProjectManagerDashboard/.venv/lib/python3.12/site-packages/django/core/handlers/exception.py", line 55, in inner
    response = get_response(request)
               ^^^^^^^^^^^^^^^^^^^^^
  File "/home/pc/ProjectManagerDashboard/.venv/lib/python3.12/site-packages/django/core/handlers/base.py", line 197, in _get_response
    response = wrapped_callback(request, *callback_args, **callback_kwargs)
               ^^^^^^^^^^^^^^^^^^^^^^^^^^^^^^^^^^^^^^^^^^^^^^^^^^^^^^^^^^^^
  File "/home/pc/ProjectManagerDashboard/.venv/lib/python3.12/site-packages/django/contrib/auth/decorators.py", line 59, in _view_wrapper
    return view_func(request, *args, **kwargs)
           ^^^^^^^^^^^^^^^^^^^^^^^^^^^^^^^^^^^
  File "/home/pc/ProjectManagerDashboard/dashboard/views.py", line 228, in ai_control_center
    usage_totals = month_usage.aggregate(
                   ^^^^^^^^^^^^^^^^^^^^^^
  File "/home/pc/ProjectManagerDashboard/.venv/lib/python3.12/site-packages/django/db/models/query.py", line 588, in aggregate
    return self.query.chain().get_aggregation(self.db, kwargs)
           ^^^^^^^^^^^^^^^^^^^^^^^^^^^^^^^^^^^^^^^^^^^^^^^^^^^
  File "/home/pc/ProjectManagerDashboard/.venv/lib/python3.12/site-packages/django/db/models/sql/query.py", line 626, in get_aggregation
    result = compiler.execute_sql(SINGLE)
             ^^^^^^^^^^^^^^^^^^^^^^^^^^^^
  File "/home/pc/ProjectManagerDashboard/.venv/lib/python3.12/site-packages/django/db/models/sql/compiler.py", line 1610, in execute_sql
    sql, params = self.as_sql()
                  ^^^^^^^^^^^^^
  File "/home/pc/ProjectManagerDashboard/.venv/lib/python3.12/site-packages/django/db/models/sql/compiler.py", line 766, in as_sql
    extra_select, order_by, group_by = self.pre_sql_setup(
                                       ^^^^^^^^^^^^^^^^^^^
  File "/home/pc/ProjectManagerDashboard/.venv/lib/python3.12/site-packages/django/db/models/sql/compiler.py", line 85, in pre_sql_setup
    self.setup_query(with_col_aliases=with_col_aliases)
  File "/home/pc/ProjectManagerDashboard/.venv/lib/python3.12/site-packages/django/db/models/sql/compiler.py", line 74, in setup_query
    self.select, self.klass_info, self.annotation_col_map = self.get_select(
                                                            ^^^^^^^^^^^^^^^^
  File "/home/pc/ProjectManagerDashboard/.venv/lib/python3.12/site-packages/django/db/models/sql/compiler.py", line 329, in get_select
    sql, params = col.select_format(self, sql, params)
                  ^^^^^^^^^^^^^^^^^^^^^^^^^^^^^^^^^^^^
  File "/home/pc/ProjectManagerDashboard/.venv/lib/python3.12/site-packages/django/db/models/expressions.py", line 498, in select_format
    if hasattr(self.output_field, "select_format"):
               ^^^^^^^^^^^^^^^^^
  File "/home/pc/ProjectManagerDashboard/.venv/lib/python3.12/site-packages/django/utils/functional.py", line 47, in __get__
    res = instance.__dict__[self.name] = self.func(instance)
                                         ^^^^^^^^^^^^^^^^^^^
  File "/home/pc/ProjectManagerDashboard/.venv/lib/python3.12/site-packages/django/db/models/expressions.py", line 327, in output_field
    output_field = self._resolve_output_field()
                   ^^^^^^^^^^^^^^^^^^^^^^^^^^^^
  File "/home/pc/ProjectManagerDashboard/.venv/lib/python3.12/site-packages/django/db/models/expressions.py", line 365, in _resolve_output_field
    raise FieldError(
django.core.exceptions.FieldError: Expression contains mixed types: FloatField, IntegerField. You must set output_field.
ERROR 2026-08-17 14:35:45,399 basehttp 50377 128816716412608 "GET /dashboard/dashboard/admin/ai/ HTTP/1.1" 500 145
ERROR 2026-08-17 15:13:56,019 log 55783 126328358237888 Bad Gateway: /ai-assistant/chat/
ERROR 2026-08-17 15:13:56,019 log 55783 126328358237888 Bad Gateway: /ai-assistant/chat/
ERROR 2026-08-17 15:13:56,072 basehttp 55783 126328358237888 "POST /ai-assistant/chat/ HTTP/1.1" 502 195
ERROR 2026-08-17 15:21:13,892 log 58185 126080165865152 Bad Gateway: /ai-assistant/chat/
ERROR 2026-08-17 15:21:13,892 log 58185 126080165865152 Bad Gateway: /ai-assistant/chat/
ERROR 2026-08-17 15:21:13,924 basehttp 58185 126080165865152 "POST /ai-assistant/chat/ HTTP/1.1" 502 195
ERROR 2026-08-17 15:29:19,914 provider 59676 135375101818560 GapGPT request failed: status=400 endpoint=https://api.gapgpt.app/v1/chat/completions model=gpt-5.6-luna body={"error":{"message":"An assistant message with 'tool_calls' must be followed by tool messages responding to each 'tool_call_id'. The following tool_call_ids did not have response messages: call_KFXRZrHYtXJObIw57ocB2zBh, call_w2IK4NT6jRwevooSMWlwot6Y, call_e3vz67yCT06eWqF97FsGrnml, call_YoeYuRbp4A7P6s6xzlhuJye9, call_Pu7dQJ8MZqC4HfWBrRkNg5XH, call_MIPDraWVEeHThMCjUGsyqL4v, call_QEfPU0m9uG56dzQBalwy7yHC, call_gxzTNNdViOZU5Hw1Maj4fI9L, call_JK6xMYNw4Hzdt5T36lKaiFff (request id: 20260817115900944117
ERROR 2026-08-17 15:29:20,044 log 59676 135375101818560 Bad Gateway: /ai-assistant/chat/
ERROR 2026-08-17 15:29:20,044 log 59676 135375101818560 Bad Gateway: /ai-assistant/chat/
ERROR 2026-08-17 15:29:20,045 basehttp 59676 135375101818560 "POST /ai-assistant/chat/ HTTP/1.1" 502 231
ERROR 2026-08-17 15:31:56,958 log 59836 128823977948864 Internal Server Error: /ai-assistant/chat/
ERROR 2026-08-17 15:31:56,958 log 59836 128823977948864 Internal Server Error: /ai-assistant/chat/
ERROR 2026-08-17 15:31:56,990 basehttp 59836 128823977948864 "POST /ai-assistant/chat/ HTTP/1.1" 500 370
ERROR 2026-08-17 18:04:35,377 provider 69827 127153066526400 GapGPT request failed: status=401 endpoint=https://api.gapgpt.app/v1/chat/completions model=gpt-5.6-luna body={"error":{"code":"","message":"Invalid token (request id: 202608171434349414793668268d9d68SKNU7cH)","type":"api_provider_error"}}
ERROR 2026-08-17 18:04:35,532 log 69827 127153066526400 Bad Gateway: /ai-assistant/chat/
ERROR 2026-08-17 18:04:35,532 log 69827 127153066526400 Bad Gateway: /ai-assistant/chat/
ERROR 2026-08-17 18:04:35,533 basehttp 69827 127153066526400 "POST /ai-assistant/chat/ HTTP/1.1" 502 349
ERROR 2026-08-17 19:17:22,588 provider 75815 130885521036992 GapGPT request failed: status=401 endpoint=https://api.gapgpt.app/v1/chat/completions model=gpt-5.6-luna body={"error":{"code":"","message":"Invalid token (request id: 202608171547220757800518268d9d6h9zH8ajg)","type":"api_provider_error"}}
ERROR 2026-08-17 19:17:22,656 log 75815 130885521036992 Bad Gateway: /ai-assistant/chat/
ERROR 2026-08-17 19:17:22,656 log 75815 130885521036992 Bad Gateway: /ai-assistant/chat/
ERROR 2026-08-17 19:17:22,656 basehttp 75815 130885521036992 "POST /ai-assistant/chat/ HTTP/1.1" 502 349
ERROR 2026-08-17 19:36:45,812 log 2 130609295425664 Invalid HTTP_HOST header: 'testserver'. You may need to add 'testserver' to ALLOWED_HOSTS.
Traceback (most recent call last):
  File "/home/pc/ProjectManagerDashboard/.venv/lib/python3.12/site-packages/django/core/handlers/exception.py", line 55, in inner
    response = get_response(request)
               ^^^^^^^^^^^^^^^^^^^^^
  File "/home/pc/ProjectManagerDashboard/.venv/lib/python3.12/site-packages/django/utils/deprecation.py", line 119, in __call__
    response = self.process_request(request)
               ^^^^^^^^^^^^^^^^^^^^^^^^^^^^^
  File "/home/pc/ProjectManagerDashboard/.venv/lib/python3.12/site-packages/django/middleware/common.py", line 48, in process_request
    host = request.get_host()
           ^^^^^^^^^^^^^^^^^^
  File "/home/pc/ProjectManagerDashboard/.venv/lib/python3.12/site-packages/django/http/request.py", line 202, in get_host
    raise DisallowedHost(msg)
django.core.exceptions.DisallowedHost: Invalid HTTP_HOST header: 'testserver'. You may need to add 'testserver' to ALLOWED_HOSTS.
ERROR 2026-09-29 14:42:40,214 log 2256 126494516676288 Internal Server Error: /subprojects/subproject/179/allocation/add/
Traceback (most recent call last):
  File "/home/pc/ProjectManagerDashboard/.venv/lib/python3.12/site-packages/django/db/backends/utils.py", line 105, in _execute
    return self.cursor.execute(sql, params)
           ^^^^^^^^^^^^^^^^^^^^^^^^^^^^^^^^
  File "/home/pc/ProjectManagerDashboard/.venv/lib/python3.12/site-packages/django/db/backends/mysql/base.py", line 76, in execute
    return self.cursor.execute(query, args)
           ^^^^^^^^^^^^^^^^^^^^^^^^^^^^^^^^
  File "/home/pc/ProjectManagerDashboard/.venv/lib/python3.12/site-packages/pymysql/cursors.py", line 159, in execute
    result = self._query(query)
             ^^^^^^^^^^^^^^^^^^
  File "/home/pc/ProjectManagerDashboard/.venv/lib/python3.12/site-packages/pymysql/cursors.py", line 330, in _query
    conn.query(q)
  File "/home/pc/ProjectManagerDashboard/.venv/lib/python3.12/site-packages/pymysql/connections.py", line 582, in query
    self._affected_rows = self._read_query_result(unbuffered=unbuffered)
                          ^^^^^^^^^^^^^^^^^^^^^^^^^^^^^^^^^^^^^^^^^^^^^^
  File "/home/pc/ProjectManagerDashboard/.venv/lib/python3.12/site-packages/pymysql/connections.py", line 847, in _read_query_result
    result.read()
  File "/home/pc/ProjectManagerDashboard/.venv/lib/python3.12/site-packages/pymysql/connections.py", line 1245, in read
    first_packet = self.connection._read_packet()
                   ^^^^^^^^^^^^^^^^^^^^^^^^^^^^^^
  File "/home/pc/ProjectManagerDashboard/.venv/lib/python3.12/site-packages/pymysql/connections.py", line 803, in _read_packet
    packet.raise_for_error()
  File "/home/pc/ProjectManagerDashboard/.venv/lib/python3.12/site-packages/pymysql/protocol.py", line 219, in raise_for_error
    err.raise_mysql_exception(self._data)
  File "/home/pc/ProjectManagerDashboard/.venv/lib/python3.12/site-packages/pymysql/err.py", line 154, in raise_mysql_exception
    raise errorclass(errno, errval, sqlstate=sqlstate)
pymysql.err.OperationalError: (1364, "Field 'id' doesn't have a default value")

The above exception was the direct cause of the following exception:

Traceback (most recent call last):
  File "/home/pc/ProjectManagerDashboard/.venv/lib/python3.12/site-packages/django/core/handlers/exception.py", line 55, in inner
    response = get_response(request)
               ^^^^^^^^^^^^^^^^^^^^^
  File "/home/pc/ProjectManagerDashboard/.venv/lib/python3.12/site-packages/django/core/handlers/base.py", line 197, in _get_response
    response = wrapped_callback(request, *callback_args, **callback_kwargs)
               ^^^^^^^^^^^^^^^^^^^^^^^^^^^^^^^^^^^^^^^^^^^^^^^^^^^^^^^^^^^^
  File "/home/pc/ProjectManagerDashboard/.venv/lib/python3.12/site-packages/django/contrib/auth/decorators.py", line 59, in _view_wrapper
    return view_func(request, *args, **kwargs)
           ^^^^^^^^^^^^^^^^^^^^^^^^^^^^^^^^^^^
  File "/home/pc/ProjectManagerDashboard/creator_subproject/views.py", line 1580, in add_financial_document
    document.save()
  File "/home/pc/ProjectManagerDashboard/creator_subproject/models.py", line 1266, in save
    super().save(*args, **kwargs)
  File "/home/pc/ProjectManagerDashboard/.venv/lib/python3.12/site-packages/django/db/models/base.py", line 902, in save
    self.save_base(
  File "/home/pc/ProjectManagerDashboard/.venv/lib/python3.12/site-packages/django/db/models/base.py", line 1008, in save_base
    updated = self._save_table(
              ^^^^^^^^^^^^^^^^^
  File "/home/pc/ProjectManagerDashboard/.venv/lib/python3.12/site-packages/django/db/models/base.py", line 1169, in _save_table
    results = self._do_insert(
              ^^^^^^^^^^^^^^^^
  File "/home/pc/ProjectManagerDashboard/.venv/lib/python3.12/site-packages/django/db/models/base.py", line 1210, in _do_insert
    return manager._insert(
           ^^^^^^^^^^^^^^^^
  File "/home/pc/ProjectManagerDashboard/.venv/lib/python3.12/site-packages/django/db/models/manager.py", line 87, in manager_method
    return getattr(self.get_queryset(), name)(*args, **kwargs)
           ^^^^^^^^^^^^^^^^^^^^^^^^^^^^^^^^^^^^^^^^^^^^^^^^^^^
  File "/home/pc/ProjectManagerDashboard/.venv/lib/python3.12/site-packages/django/db/models/query.py", line 1868, in _insert
    return query.get_compiler(using=using).execute_sql(returning_fields)
           ^^^^^^^^^^^^^^^^^^^^^^^^^^^^^^^^^^^^^^^^^^^^^^^^^^^^^^^^^^^^^
  File "/home/pc/ProjectManagerDashboard/.venv/lib/python3.12/site-packages/django/db/models/sql/compiler.py", line 1882, in execute_sql
    cursor.execute(sql, params)
  File "/home/pc/ProjectManagerDashboard/.venv/lib/python3.12/site-packages/django/db/backends/utils.py", line 79, in execute
    return self._execute_with_wrappers(
           ^^^^^^^^^^^^^^^^^^^^^^^^^^^^
  File "/home/pc/ProjectManagerDashboard/.venv/lib/python3.12/site-packages/django/db/backends/utils.py", line 92, in _execute_with_wrappers
    return executor(sql, params, many, context)
           ^^^^^^^^^^^^^^^^^^^^^^^^^^^^^^^^^^^^
  File "/home/pc/ProjectManagerDashboard/.venv/lib/python3.12/site-packages/django/db/backends/utils.py", line 100, in _execute
    with self.db.wrap_database_errors:
  File "/home/pc/ProjectManagerDashboard/.venv/lib/python3.12/site-packages/django/db/utils.py", line 91, in __exit__
    raise dj_exc_value.with_traceback(traceback) from exc_value
  File "/home/pc/ProjectManagerDashboard/.venv/lib/python3.12/site-packages/django/db/backends/utils.py", line 105, in _execute
    return self.cursor.execute(sql, params)
           ^^^^^^^^^^^^^^^^^^^^^^^^^^^^^^^^
  File "/home/pc/ProjectManagerDashboard/.venv/lib/python3.12/site-packages/django/db/backends/mysql/base.py", line 76, in execute
    return self.cursor.execute(query, args)
           ^^^^^^^^^^^^^^^^^^^^^^^^^^^^^^^^
  File "/home/pc/ProjectManagerDashboard/.venv/lib/python3.12/site-packages/pymysql/cursors.py", line 159, in execute
    result = self._query(query)
             ^^^^^^^^^^^^^^^^^^
  File "/home/pc/ProjectManagerDashboard/.venv/lib/python3.12/site-packages/pymysql/cursors.py", line 330, in _query
    conn.query(q)
  File "/home/pc/ProjectManagerDashboard/.venv/lib/python3.12/site-packages/pymysql/connections.py", line 582, in query
    self._affected_rows = self._read_query_result(unbuffered=unbuffered)
                          ^^^^^^^^^^^^^^^^^^^^^^^^^^^^^^^^^^^^^^^^^^^^^^
  File "/home/pc/ProjectManagerDashboard/.venv/lib/python3.12/site-packages/pymysql/connections.py", line 847, in _read_query_result
    result.read()
  File "/home/pc/ProjectManagerDashboard/.venv/lib/python3.12/site-packages/pymysql/connections.py", line 1245, in read
    first_packet = self.connection._read_packet()
                   ^^^^^^^^^^^^^^^^^^^^^^^^^^^^^^
  File "/home/pc/ProjectManagerDashboard/.venv/lib/python3.12/site-packages/pymysql/connections.py", line 803, in _read_packet
    packet.raise_for_error()
  File "/home/pc/ProjectManagerDashboard/.venv/lib/python3.12/site-packages/pymysql/protocol.py", line 219, in raise_for_error
    err.raise_mysql_exception(self._data)
  File "/home/pc/ProjectManagerDashboard/.venv/lib/python3.12/site-packages/pymysql/err.py", line 154, in raise_mysql_exception
    raise errorclass(errno, errval, sqlstate=sqlstate)
django.db.utils.OperationalError: (1364, "Field 'id' doesn't have a default value")
ERROR 2026-09-29 14:42:40,214 log 2256 126494516676288 Internal Server Error: /subprojects/subproject/179/allocation/add/
Traceback (most recent call last):
  File "/home/pc/ProjectManagerDashboard/.venv/lib/python3.12/site-packages/django/db/backends/utils.py", line 105, in _execute
    return self.cursor.execute(sql, params)
           ^^^^^^^^^^^^^^^^^^^^^^^^^^^^^^^^
  File "/home/pc/ProjectManagerDashboard/.venv/lib/python3.12/site-packages/django/db/backends/mysql/base.py", line 76, in execute
    return self.cursor.execute(query, args)
           ^^^^^^^^^^^^^^^^^^^^^^^^^^^^^^^^
  File "/home/pc/ProjectManagerDashboard/.venv/lib/python3.12/site-packages/pymysql/cursors.py", line 159, in execute
    result = self._query(query)
             ^^^^^^^^^^^^^^^^^^
  File "/home/pc/ProjectManagerDashboard/.venv/lib/python3.12/site-packages/pymysql/cursors.py", line 330, in _query
    conn.query(q)
  File "/home/pc/ProjectManagerDashboard/.venv/lib/python3.12/site-packages/pymysql/connections.py", line 582, in query
    self._affected_rows = self._read_query_result(unbuffered=unbuffered)
                          ^^^^^^^^^^^^^^^^^^^^^^^^^^^^^^^^^^^^^^^^^^^^^^
  File "/home/pc/ProjectManagerDashboard/.venv/lib/python3.12/site-packages/pymysql/connections.py", line 847, in _read_query_result
    result.read()
  File "/home/pc/ProjectManagerDashboard/.venv/lib/python3.12/site-packages/pymysql/connections.py", line 1245, in read
    first_packet = self.connection._read_packet()
                   ^^^^^^^^^^^^^^^^^^^^^^^^^^^^^^
  File "/home/pc/ProjectManagerDashboard/.venv/lib/python3.12/site-packages/pymysql/connections.py", line 803, in _read_packet
    packet.raise_for_error()
  File "/home/pc/ProjectManagerDashboard/.venv/lib/python3.12/site-packages/pymysql/protocol.py", line 219, in raise_for_error
    err.raise_mysql_exception(self._data)
  File "/home/pc/ProjectManagerDashboard/.venv/lib/python3.12/site-packages/pymysql/err.py", line 154, in raise_mysql_exception
    raise errorclass(errno, errval, sqlstate=sqlstate)
pymysql.err.OperationalError: (1364, "Field 'id' doesn't have a default value")

The above exception was the direct cause of the following exception:

Traceback (most recent call last):
  File "/home/pc/ProjectManagerDashboard/.venv/lib/python3.12/site-packages/django/core/handlers/exception.py", line 55, in inner
    response = get_response(request)
               ^^^^^^^^^^^^^^^^^^^^^
  File "/home/pc/ProjectManagerDashboard/.venv/lib/python3.12/site-packages/django/core/handlers/base.py", line 197, in _get_response
    response = wrapped_callback(request, *callback_args, **callback_kwargs)
               ^^^^^^^^^^^^^^^^^^^^^^^^^^^^^^^^^^^^^^^^^^^^^^^^^^^^^^^^^^^^
  File "/home/pc/ProjectManagerDashboard/.venv/lib/python3.12/site-packages/django/contrib/auth/decorators.py", line 59, in _view_wrapper
    return view_func(request, *args, **kwargs)
           ^^^^^^^^^^^^^^^^^^^^^^^^^^^^^^^^^^^
  File "/home/pc/ProjectManagerDashboard/creator_subproject/views.py", line 1580, in add_financial_document
    document.save()
  File "/home/pc/ProjectManagerDashboard/creator_subproject/models.py", line 1266, in save
    super().save(*args, **kwargs)
  File "/home/pc/ProjectManagerDashboard/.venv/lib/python3.12/site-packages/django/db/models/base.py", line 902, in save
    self.save_base(
  File "/home/pc/ProjectManagerDashboard/.venv/lib/python3.12/site-packages/django/db/models/base.py", line 1008, in save_base
    updated = self._save_table(
              ^^^^^^^^^^^^^^^^^
  File "/home/pc/ProjectManagerDashboard/.venv/lib/python3.12/site-packages/django/db/models/base.py", line 1169, in _save_table
    results = self._do_insert(
              ^^^^^^^^^^^^^^^^
  File "/home/pc/ProjectManagerDashboard/.venv/lib/python3.12/site-packages/django/db/models/base.py", line 1210, in _do_insert
    return manager._insert(
           ^^^^^^^^^^^^^^^^
  File "/home/pc/ProjectManagerDashboard/.venv/lib/python3.12/site-packages/django/db/models/manager.py", line 87, in manager_method
    return getattr(self.get_queryset(), name)(*args, **kwargs)
           ^^^^^^^^^^^^^^^^^^^^^^^^^^^^^^^^^^^^^^^^^^^^^^^^^^^
  File "/home/pc/ProjectManagerDashboard/.venv/lib/python3.12/site-packages/django/db/models/query.py", line 1868, in _insert
    return query.get_compiler(using=using).execute_sql(returning_fields)
           ^^^^^^^^^^^^^^^^^^^^^^^^^^^^^^^^^^^^^^^^^^^^^^^^^^^^^^^^^^^^^
  File "/home/pc/ProjectManagerDashboard/.venv/lib/python3.12/site-packages/django/db/models/sql/compiler.py", line 1882, in execute_sql
    cursor.execute(sql, params)
  File "/home/pc/ProjectManagerDashboard/.venv/lib/python3.12/site-packages/django/db/backends/utils.py", line 79, in execute
    return self._execute_with_wrappers(
           ^^^^^^^^^^^^^^^^^^^^^^^^^^^^
  File "/home/pc/ProjectManagerDashboard/.venv/lib/python3.12/site-packages/django/db/backends/utils.py", line 92, in _execute_with_wrappers
    return executor(sql, params, many, context)
           ^^^^^^^^^^^^^^^^^^^^^^^^^^^^^^^^^^^^
  File "/home/pc/ProjectManagerDashboard/.venv/lib/python3.12/site-packages/django/db/backends/utils.py", line 100, in _execute
    with self.db.wrap_database_errors:
  File "/home/pc/ProjectManagerDashboard/.venv/lib/python3.12/site-packages/django/db/utils.py", line 91, in __exit__
    raise dj_exc_value.with_traceback(traceback) from exc_value
  File "/home/pc/ProjectManagerDashboard/.venv/lib/python3.12/site-packages/django/db/backends/utils.py", line 105, in _execute
    return self.cursor.execute(sql, params)
           ^^^^^^^^^^^^^^^^^^^^^^^^^^^^^^^^
  File "/home/pc/ProjectManagerDashboard/.venv/lib/python3.12/site-packages/django/db/backends/mysql/base.py", line 76, in execute
    return self.cursor.execute(query, args)
           ^^^^^^^^^^^^^^^^^^^^^^^^^^^^^^^^
  File "/home/pc/ProjectManagerDashboard/.venv/lib/python3.12/site-packages/pymysql/cursors.py", line 159, in execute
    result = self._query(query)
             ^^^^^^^^^^^^^^^^^^
  File "/home/pc/ProjectManagerDashboard/.venv/lib/python3.12/site-packages/pymysql/cursors.py", line 330, in _query
    conn.query(q)
  File "/home/pc/ProjectManagerDashboard/.venv/lib/python3.12/site-packages/pymysql/connections.py", line 582, in query
    self._affected_rows = self._read_query_result(unbuffered=unbuffered)
                          ^^^^^^^^^^^^^^^^^^^^^^^^^^^^^^^^^^^^^^^^^^^^^^
  File "/home/pc/ProjectManagerDashboard/.venv/lib/python3.12/site-packages/pymysql/connections.py", line 847, in _read_query_result
    result.read()
  File "/home/pc/ProjectManagerDashboard/.venv/lib/python3.12/site-packages/pymysql/connections.py", line 1245, in read
    first_packet = self.connection._read_packet()
                   ^^^^^^^^^^^^^^^^^^^^^^^^^^^^^^
  File "/home/pc/ProjectManagerDashboard/.venv/lib/python3.12/site-packages/pymysql/connections.py", line 803, in _read_packet
    packet.raise_for_error()
  File "/home/pc/ProjectManagerDashboard/.venv/lib/python3.12/site-packages/pymysql/protocol.py", line 219, in raise_for_error
    err.raise_mysql_exception(self._data)
  File "/home/pc/ProjectManagerDashboard/.venv/lib/python3.12/site-packages/pymysql/err.py", line 154, in raise_mysql_exception
    raise errorclass(errno, errval, sqlstate=sqlstate)
django.db.utils.OperationalError: (1364, "Field 'id' doesn't have a default value")
ERROR 2026-09-29 14:42:40,355 basehttp 2256 126494516676288 "POST /subprojects/subproject/179/allocation/add/ HTTP/1.1" 500 145
ERROR 2026-09-29 14:43:23,360 log 2256 126494516676288 Internal Server Error: /subprojects/subproject/179/allocation/add/
Traceback (most recent call last):
  File "/home/pc/ProjectManagerDashboard/.venv/lib/python3.12/site-packages/django/db/backends/utils.py", line 105, in _execute
    return self.cursor.execute(sql, params)
           ^^^^^^^^^^^^^^^^^^^^^^^^^^^^^^^^
  File "/home/pc/ProjectManagerDashboard/.venv/lib/python3.12/site-packages/django/db/backends/mysql/base.py", line 76, in execute
    return self.cursor.execute(query, args)
           ^^^^^^^^^^^^^^^^^^^^^^^^^^^^^^^^
  File "/home/pc/ProjectManagerDashboard/.venv/lib/python3.12/site-packages/pymysql/cursors.py", line 159, in execute
    result = self._query(query)
             ^^^^^^^^^^^^^^^^^^
  File "/home/pc/ProjectManagerDashboard/.venv/lib/python3.12/site-packages/pymysql/cursors.py", line 330, in _query
    conn.query(q)
  File "/home/pc/ProjectManagerDashboard/.venv/lib/python3.12/site-packages/pymysql/connections.py", line 582, in query
    self._affected_rows = self._read_query_result(unbuffered=unbuffered)
                          ^^^^^^^^^^^^^^^^^^^^^^^^^^^^^^^^^^^^^^^^^^^^^^
  File "/home/pc/ProjectManagerDashboard/.venv/lib/python3.12/site-packages/pymysql/connections.py", line 847, in _read_query_result
    result.read()
  File "/home/pc/ProjectManagerDashboard/.venv/lib/python3.12/site-packages/pymysql/connections.py", line 1245, in read
    first_packet = self.connection._read_packet()
                   ^^^^^^^^^^^^^^^^^^^^^^^^^^^^^^
  File "/home/pc/ProjectManagerDashboard/.venv/lib/python3.12/site-packages/pymysql/connections.py", line 803, in _read_packet
    packet.raise_for_error()
  File "/home/pc/ProjectManagerDashboard/.venv/lib/python3.12/site-packages/pymysql/protocol.py", line 219, in raise_for_error
    err.raise_mysql_exception(self._data)
  File "/home/pc/ProjectManagerDashboard/.venv/lib/python3.12/site-packages/pymysql/err.py", line 154, in raise_mysql_exception
    raise errorclass(errno, errval, sqlstate=sqlstate)
pymysql.err.OperationalError: (1364, "Field 'id' doesn't have a default value")

The above exception was the direct cause of the following exception:

Traceback (most recent call last):
  File "/home/pc/ProjectManagerDashboard/.venv/lib/python3.12/site-packages/django/core/handlers/exception.py", line 55, in inner
    response = get_response(request)
               ^^^^^^^^^^^^^^^^^^^^^
  File "/home/pc/ProjectManagerDashboard/.venv/lib/python3.12/site-packages/django/core/handlers/base.py", line 197, in _get_response
    response = wrapped_callback(request, *callback_args, **callback_kwargs)
               ^^^^^^^^^^^^^^^^^^^^^^^^^^^^^^^^^^^^^^^^^^^^^^^^^^^^^^^^^^^^
  File "/home/pc/ProjectManagerDashboard/.venv/lib/python3.12/site-packages/django/contrib/auth/decorators.py", line 59, in _view_wrapper
    return view_func(request, *args, **kwargs)
           ^^^^^^^^^^^^^^^^^^^^^^^^^^^^^^^^^^^
  File "/home/pc/ProjectManagerDashboard/creator_subproject/views.py", line 1580, in add_financial_document
    document.save()
  File "/home/pc/ProjectManagerDashboard/creator_subproject/models.py", line 1266, in save
    super().save(*args, **kwargs)
  File "/home/pc/ProjectManagerDashboard/.venv/lib/python3.12/site-packages/django/db/models/base.py", line 902, in save
    self.save_base(
  File "/home/pc/ProjectManagerDashboard/.venv/lib/python3.12/site-packages/django/db/models/base.py", line 1008, in save_base
    updated = self._save_table(
              ^^^^^^^^^^^^^^^^^
  File "/home/pc/ProjectManagerDashboard/.venv/lib/python3.12/site-packages/django/db/models/base.py", line 1169, in _save_table
    results = self._do_insert(
              ^^^^^^^^^^^^^^^^
  File "/home/pc/ProjectManagerDashboard/.venv/lib/python3.12/site-packages/django/db/models/base.py", line 1210, in _do_insert
    return manager._insert(
           ^^^^^^^^^^^^^^^^
  File "/home/pc/ProjectManagerDashboard/.venv/lib/python3.12/site-packages/django/db/models/manager.py", line 87, in manager_method
    return getattr(self.get_queryset(), name)(*args, **kwargs)
           ^^^^^^^^^^^^^^^^^^^^^^^^^^^^^^^^^^^^^^^^^^^^^^^^^^^
  File "/home/pc/ProjectManagerDashboard/.venv/lib/python3.12/site-packages/django/db/models/query.py", line 1868, in _insert
    return query.get_compiler(using=using).execute_sql(returning_fields)
           ^^^^^^^^^^^^^^^^^^^^^^^^^^^^^^^^^^^^^^^^^^^^^^^^^^^^^^^^^^^^^
  File "/home/pc/ProjectManagerDashboard/.venv/lib/python3.12/site-packages/django/db/models/sql/compiler.py", line 1882, in execute_sql
    cursor.execute(sql, params)
  File "/home/pc/ProjectManagerDashboard/.venv/lib/python3.12/site-packages/django/db/backends/utils.py", line 79, in execute
    return self._execute_with_wrappers(
           ^^^^^^^^^^^^^^^^^^^^^^^^^^^^
  File "/home/pc/ProjectManagerDashboard/.venv/lib/python3.12/site-packages/django/db/backends/utils.py", line 92, in _execute_with_wrappers
    return executor(sql, params, many, context)
           ^^^^^^^^^^^^^^^^^^^^^^^^^^^^^^^^^^^^
  File "/home/pc/ProjectManagerDashboard/.venv/lib/python3.12/site-packages/django/db/backends/utils.py", line 100, in _execute
    with self.db.wrap_database_errors:
  File "/home/pc/ProjectManagerDashboard/.venv/lib/python3.12/site-packages/django/db/utils.py", line 91, in __exit__
    raise dj_exc_value.with_traceback(traceback) from exc_value
  File "/home/pc/ProjectManagerDashboard/.venv/lib/python3.12/site-packages/django/db/backends/utils.py", line 105, in _execute
    return self.cursor.execute(sql, params)
           ^^^^^^^^^^^^^^^^^^^^^^^^^^^^^^^^
  File "/home/pc/ProjectManagerDashboard/.venv/lib/python3.12/site-packages/django/db/backends/mysql/base.py", line 76, in execute
    return self.cursor.execute(query, args)
           ^^^^^^^^^^^^^^^^^^^^^^^^^^^^^^^^
  File "/home/pc/ProjectManagerDashboard/.venv/lib/python3.12/site-packages/pymysql/cursors.py", line 159, in execute
    result = self._query(query)
             ^^^^^^^^^^^^^^^^^^
  File "/home/pc/ProjectManagerDashboard/.venv/lib/python3.12/site-packages/pymysql/cursors.py", line 330, in _query
    conn.query(q)
  File "/home/pc/ProjectManagerDashboard/.venv/lib/python3.12/site-packages/pymysql/connections.py", line 582, in query
    self._affected_rows = self._read_query_result(unbuffered=unbuffered)
                          ^^^^^^^^^^^^^^^^^^^^^^^^^^^^^^^^^^^^^^^^^^^^^^
  File "/home/pc/ProjectManagerDashboard/.venv/lib/python3.12/site-packages/pymysql/connections.py", line 847, in _read_query_result
    result.read()
  File "/home/pc/ProjectManagerDashboard/.venv/lib/python3.12/site-packages/pymysql/connections.py", line 1245, in read
    first_packet = self.connection._read_packet()
                   ^^^^^^^^^^^^^^^^^^^^^^^^^^^^^^
  File "/home/pc/ProjectManagerDashboard/.venv/lib/python3.12/site-packages/pymysql/connections.py", line 803, in _read_packet
    packet.raise_for_error()
  File "/home/pc/ProjectManagerDashboard/.venv/lib/python3.12/site-packages/pymysql/protocol.py", line 219, in raise_for_error
    err.raise_mysql_exception(self._data)
  File "/home/pc/ProjectManagerDashboard/.venv/lib/python3.12/site-packages/pymysql/err.py", line 154, in raise_mysql_exception
    raise errorclass(errno, errval, sqlstate=sqlstate)
django.db.utils.OperationalError: (1364, "Field 'id' doesn't have a default value")
ERROR 2026-09-29 14:43:23,360 log 2256 126494516676288 Internal Server Error: /subprojects/subproject/179/allocation/add/
Traceback (most recent call last):
  File "/home/pc/ProjectManagerDashboard/.venv/lib/python3.12/site-packages/django/db/backends/utils.py", line 105, in _execute
    return self.cursor.execute(sql, params)
           ^^^^^^^^^^^^^^^^^^^^^^^^^^^^^^^^
  File "/home/pc/ProjectManagerDashboard/.venv/lib/python3.12/site-packages/django/db/backends/mysql/base.py", line 76, in execute
    return self.cursor.execute(query, args)
           ^^^^^^^^^^^^^^^^^^^^^^^^^^^^^^^^
  File "/home/pc/ProjectManagerDashboard/.venv/lib/python3.12/site-packages/pymysql/cursors.py", line 159, in execute
    result = self._query(query)
             ^^^^^^^^^^^^^^^^^^
  File "/home/pc/ProjectManagerDashboard/.venv/lib/python3.12/site-packages/pymysql/cursors.py", line 330, in _query
    conn.query(q)
  File "/home/pc/ProjectManagerDashboard/.venv/lib/python3.12/site-packages/pymysql/connections.py", line 582, in query
    self._affected_rows = self._read_query_result(unbuffered=unbuffered)
                          ^^^^^^^^^^^^^^^^^^^^^^^^^^^^^^^^^^^^^^^^^^^^^^
  File "/home/pc/ProjectManagerDashboard/.venv/lib/python3.12/site-packages/pymysql/connections.py", line 847, in _read_query_result
    result.read()
  File "/home/pc/ProjectManagerDashboard/.venv/lib/python3.12/site-packages/pymysql/connections.py", line 1245, in read
    first_packet = self.connection._read_packet()
                   ^^^^^^^^^^^^^^^^^^^^^^^^^^^^^^
  File "/home/pc/ProjectManagerDashboard/.venv/lib/python3.12/site-packages/pymysql/connections.py", line 803, in _read_packet
    packet.raise_for_error()
  File "/home/pc/ProjectManagerDashboard/.venv/lib/python3.12/site-packages/pymysql/protocol.py", line 219, in raise_for_error
    err.raise_mysql_exception(self._data)
  File "/home/pc/ProjectManagerDashboard/.venv/lib/python3.12/site-packages/pymysql/err.py", line 154, in raise_mysql_exception
    raise errorclass(errno, errval, sqlstate=sqlstate)
pymysql.err.OperationalError: (1364, "Field 'id' doesn't have a default value")

The above exception was the direct cause of the following exception:

Traceback (most recent call last):
  File "/home/pc/ProjectManagerDashboard/.venv/lib/python3.12/site-packages/django/core/handlers/exception.py", line 55, in inner
    response = get_response(request)
               ^^^^^^^^^^^^^^^^^^^^^
  File "/home/pc/ProjectManagerDashboard/.venv/lib/python3.12/site-packages/django/core/handlers/base.py", line 197, in _get_response
    response = wrapped_callback(request, *callback_args, **callback_kwargs)
               ^^^^^^^^^^^^^^^^^^^^^^^^^^^^^^^^^^^^^^^^^^^^^^^^^^^^^^^^^^^^
  File "/home/pc/ProjectManagerDashboard/.venv/lib/python3.12/site-packages/django/contrib/auth/decorators.py", line 59, in _view_wrapper
    return view_func(request, *args, **kwargs)
           ^^^^^^^^^^^^^^^^^^^^^^^^^^^^^^^^^^^
  File "/home/pc/ProjectManagerDashboard/creator_subproject/views.py", line 1580, in add_financial_document
    document.save()
  File "/home/pc/ProjectManagerDashboard/creator_subproject/models.py", line 1266, in save
    super().save(*args, **kwargs)
  File "/home/pc/ProjectManagerDashboard/.venv/lib/python3.12/site-packages/django/db/models/base.py", line 902, in save
    self.save_base(
  File "/home/pc/ProjectManagerDashboard/.venv/lib/python3.12/site-packages/django/db/models/base.py", line 1008, in save_base
    updated = self._save_table(
              ^^^^^^^^^^^^^^^^^
  File "/home/pc/ProjectManagerDashboard/.venv/lib/python3.12/site-packages/django/db/models/base.py", line 1169, in _save_table
    results = self._do_insert(
              ^^^^^^^^^^^^^^^^
  File "/home/pc/ProjectManagerDashboard/.venv/lib/python3.12/site-packages/django/db/models/base.py", line 1210, in _do_insert
    return manager._insert(
           ^^^^^^^^^^^^^^^^
  File "/home/pc/ProjectManagerDashboard/.venv/lib/python3.12/site-packages/django/db/models/manager.py", line 87, in manager_method
    return getattr(self.get_queryset(), name)(*args, **kwargs)
           ^^^^^^^^^^^^^^^^^^^^^^^^^^^^^^^^^^^^^^^^^^^^^^^^^^^
  File "/home/pc/ProjectManagerDashboard/.venv/lib/python3.12/site-packages/django/db/models/query.py", line 1868, in _insert
    return query.get_compiler(using=using).execute_sql(returning_fields)
           ^^^^^^^^^^^^^^^^^^^^^^^^^^^^^^^^^^^^^^^^^^^^^^^^^^^^^^^^^^^^^
  File "/home/pc/ProjectManagerDashboard/.venv/lib/python3.12/site-packages/django/db/models/sql/compiler.py", line 1882, in execute_sql
    cursor.execute(sql, params)
  File "/home/pc/ProjectManagerDashboard/.venv/lib/python3.12/site-packages/django/db/backends/utils.py", line 79, in execute
    return self._execute_with_wrappers(
           ^^^^^^^^^^^^^^^^^^^^^^^^^^^^
  File "/home/pc/ProjectManagerDashboard/.venv/lib/python3.12/site-packages/django/db/backends/utils.py", line 92, in _execute_with_wrappers
    return executor(sql, params, many, context)
           ^^^^^^^^^^^^^^^^^^^^^^^^^^^^^^^^^^^^
  File "/home/pc/ProjectManagerDashboard/.venv/lib/python3.12/site-packages/django/db/backends/utils.py", line 100, in _execute
    with self.db.wrap_database_errors:
  File "/home/pc/ProjectManagerDashboard/.venv/lib/python3.12/site-packages/django/db/utils.py", line 91, in __exit__
    raise dj_exc_value.with_traceback(traceback) from exc_value
  File "/home/pc/ProjectManagerDashboard/.venv/lib/python3.12/site-packages/django/db/backends/utils.py", line 105, in _execute
    return self.cursor.execute(sql, params)
           ^^^^^^^^^^^^^^^^^^^^^^^^^^^^^^^^
  File "/home/pc/ProjectManagerDashboard/.venv/lib/python3.12/site-packages/django/db/backends/mysql/base.py", line 76, in execute
    return self.cursor.execute(query, args)
           ^^^^^^^^^^^^^^^^^^^^^^^^^^^^^^^^
  File "/home/pc/ProjectManagerDashboard/.venv/lib/python3.12/site-packages/pymysql/cursors.py", line 159, in execute
    result = self._query(query)
             ^^^^^^^^^^^^^^^^^^
  File "/home/pc/ProjectManagerDashboard/.venv/lib/python3.12/site-packages/pymysql/cursors.py", line 330, in _query
    conn.query(q)
  File "/home/pc/ProjectManagerDashboard/.venv/lib/python3.12/site-packages/pymysql/connections.py", line 582, in query
    self._affected_rows = self._read_query_result(unbuffered=unbuffered)
                          ^^^^^^^^^^^^^^^^^^^^^^^^^^^^^^^^^^^^^^^^^^^^^^
  File "/home/pc/ProjectManagerDashboard/.venv/lib/python3.12/site-packages/pymysql/connections.py", line 847, in _read_query_result
    result.read()
  File "/home/pc/ProjectManagerDashboard/.venv/lib/python3.12/site-packages/pymysql/connections.py", line 1245, in read
    first_packet = self.connection._read_packet()
                   ^^^^^^^^^^^^^^^^^^^^^^^^^^^^^^
  File "/home/pc/ProjectManagerDashboard/.venv/lib/python3.12/site-packages/pymysql/connections.py", line 803, in _read_packet
    packet.raise_for_error()
  File "/home/pc/ProjectManagerDashboard/.venv/lib/python3.12/site-packages/pymysql/protocol.py", line 219, in raise_for_error
    err.raise_mysql_exception(self._data)
  File "/home/pc/ProjectManagerDashboard/.venv/lib/python3.12/site-packages/pymysql/err.py", line 154, in raise_mysql_exception
    raise errorclass(errno, errval, sqlstate=sqlstate)
django.db.utils.OperationalError: (1364, "Field 'id' doesn't have a default value")
ERROR 2026-09-29 14:43:23,374 basehttp 2256 126494516676288 "POST /subprojects/subproject/179/allocation/add/ HTTP/1.1" 500 145
ERROR 2026-09-29 14:55:25,610 log 2765 134180348360384 Internal Server Error: /subprojects/subproject/179/payment/add/
Traceback (most recent call last):
  File "/home/pc/ProjectManagerDashboard/.venv/lib/python3.12/site-packages/django/db/backends/utils.py", line 105, in _execute
    return self.cursor.execute(sql, params)
           ^^^^^^^^^^^^^^^^^^^^^^^^^^^^^^^^
  File "/home/pc/ProjectManagerDashboard/.venv/lib/python3.12/site-packages/django/db/backends/mysql/base.py", line 76, in execute
    return self.cursor.execute(query, args)
           ^^^^^^^^^^^^^^^^^^^^^^^^^^^^^^^^
  File "/home/pc/ProjectManagerDashboard/.venv/lib/python3.12/site-packages/pymysql/cursors.py", line 159, in execute
    result = self._query(query)
             ^^^^^^^^^^^^^^^^^^
  File "/home/pc/ProjectManagerDashboard/.venv/lib/python3.12/site-packages/pymysql/cursors.py", line 330, in _query
    conn.query(q)
  File "/home/pc/ProjectManagerDashboard/.venv/lib/python3.12/site-packages/pymysql/connections.py", line 582, in query
    self._affected_rows = self._read_query_result(unbuffered=unbuffered)
                          ^^^^^^^^^^^^^^^^^^^^^^^^^^^^^^^^^^^^^^^^^^^^^^
  File "/home/pc/ProjectManagerDashboard/.venv/lib/python3.12/site-packages/pymysql/connections.py", line 847, in _read_query_result
    result.read()
  File "/home/pc/ProjectManagerDashboard/.venv/lib/python3.12/site-packages/pymysql/connections.py", line 1245, in read
    first_packet = self.connection._read_packet()
                   ^^^^^^^^^^^^^^^^^^^^^^^^^^^^^^
  File "/home/pc/ProjectManagerDashboard/.venv/lib/python3.12/site-packages/pymysql/connections.py", line 803, in _read_packet
    packet.raise_for_error()
  File "/home/pc/ProjectManagerDashboard/.venv/lib/python3.12/site-packages/pymysql/protocol.py", line 219, in raise_for_error
    err.raise_mysql_exception(self._data)
  File "/home/pc/ProjectManagerDashboard/.venv/lib/python3.12/site-packages/pymysql/err.py", line 154, in raise_mysql_exception
    raise errorclass(errno, errval, sqlstate=sqlstate)
pymysql.err.OperationalError: (1364, "Field 'id' doesn't have a default value")

The above exception was the direct cause of the following exception:

Traceback (most recent call last):
  File "/home/pc/ProjectManagerDashboard/.venv/lib/python3.12/site-packages/django/core/handlers/exception.py", line 55, in inner
    response = get_response(request)
               ^^^^^^^^^^^^^^^^^^^^^
  File "/home/pc/ProjectManagerDashboard/.venv/lib/python3.12/site-packages/django/core/handlers/base.py", line 197, in _get_response
    response = wrapped_callback(request, *callback_args, **callback_kwargs)
               ^^^^^^^^^^^^^^^^^^^^^^^^^^^^^^^^^^^^^^^^^^^^^^^^^^^^^^^^^^^^
  File "/home/pc/ProjectManagerDashboard/.venv/lib/python3.12/site-packages/django/contrib/auth/decorators.py", line 59, in _view_wrapper
    return view_func(request, *args, **kwargs)
           ^^^^^^^^^^^^^^^^^^^^^^^^^^^^^^^^^^^
  File "/home/pc/ProjectManagerDashboard/creator_subproject/views.py", line 1248, in add_payment
    payment.save()
  File "/home/pc/ProjectManagerDashboard/.venv/lib/python3.12/site-packages/django/db/models/base.py", line 902, in save
    self.save_base(
  File "/home/pc/ProjectManagerDashboard/.venv/lib/python3.12/site-packages/django/db/models/base.py", line 1008, in save_base
    updated = self._save_table(
              ^^^^^^^^^^^^^^^^^
  File "/home/pc/ProjectManagerDashboard/.venv/lib/python3.12/site-packages/django/db/models/base.py", line 1169, in _save_table
    results = self._do_insert(
              ^^^^^^^^^^^^^^^^
  File "/home/pc/ProjectManagerDashboard/.venv/lib/python3.12/site-packages/django/db/models/base.py", line 1210, in _do_insert
    return manager._insert(
           ^^^^^^^^^^^^^^^^
  File "/home/pc/ProjectManagerDashboard/.venv/lib/python3.12/site-packages/django/db/models/manager.py", line 87, in manager_method
    return getattr(self.get_queryset(), name)(*args, **kwargs)
           ^^^^^^^^^^^^^^^^^^^^^^^^^^^^^^^^^^^^^^^^^^^^^^^^^^^
  File "/home/pc/ProjectManagerDashboard/.venv/lib/python3.12/site-packages/django/db/models/query.py", line 1868, in _insert
    return query.get_compiler(using=using).execute_sql(returning_fields)
           ^^^^^^^^^^^^^^^^^^^^^^^^^^^^^^^^^^^^^^^^^^^^^^^^^^^^^^^^^^^^^
  File "/home/pc/ProjectManagerDashboard/.venv/lib/python3.12/site-packages/django/db/models/sql/compiler.py", line 1882, in execute_sql
    cursor.execute(sql, params)
  File "/home/pc/ProjectManagerDashboard/.venv/lib/python3.12/site-packages/django/db/backends/utils.py", line 79, in execute
    return self._execute_with_wrappers(
           ^^^^^^^^^^^^^^^^^^^^^^^^^^^^
  File "/home/pc/ProjectManagerDashboard/.venv/lib/python3.12/site-packages/django/db/backends/utils.py", line 92, in _execute_with_wrappers
    return executor(sql, params, many, context)
           ^^^^^^^^^^^^^^^^^^^^^^^^^^^^^^^^^^^^
  File "/home/pc/ProjectManagerDashboard/.venv/lib/python3.12/site-packages/django/db/backends/utils.py", line 100, in _execute
    with self.db.wrap_database_errors:
  File "/home/pc/ProjectManagerDashboard/.venv/lib/python3.12/site-packages/django/db/utils.py", line 91, in __exit__
    raise dj_exc_value.with_traceback(traceback) from exc_value
  File "/home/pc/ProjectManagerDashboard/.venv/lib/python3.12/site-packages/django/db/backends/utils.py", line 105, in _execute
    return self.cursor.execute(sql, params)
           ^^^^^^^^^^^^^^^^^^^^^^^^^^^^^^^^
  File "/home/pc/ProjectManagerDashboard/.venv/lib/python3.12/site-packages/django/db/backends/mysql/base.py", line 76, in execute
    return self.cursor.execute(query, args)
           ^^^^^^^^^^^^^^^^^^^^^^^^^^^^^^^^
  File "/home/pc/ProjectManagerDashboard/.venv/lib/python3.12/site-packages/pymysql/cursors.py", line 159, in execute
    result = self._query(query)
             ^^^^^^^^^^^^^^^^^^
  File "/home/pc/ProjectManagerDashboard/.venv/lib/python3.12/site-packages/pymysql/cursors.py", line 330, in _query
    conn.query(q)
  File "/home/pc/ProjectManagerDashboard/.venv/lib/python3.12/site-packages/pymysql/connections.py", line 582, in query
    self._affected_rows = self._read_query_result(unbuffered=unbuffered)
                          ^^^^^^^^^^^^^^^^^^^^^^^^^^^^^^^^^^^^^^^^^^^^^^
  File "/home/pc/ProjectManagerDashboard/.venv/lib/python3.12/site-packages/pymysql/connections.py", line 847, in _read_query_result
    result.read()
  File "/home/pc/ProjectManagerDashboard/.venv/lib/python3.12/site-packages/pymysql/connections.py", line 1245, in read
    first_packet = self.connection._read_packet()
                   ^^^^^^^^^^^^^^^^^^^^^^^^^^^^^^
  File "/home/pc/ProjectManagerDashboard/.venv/lib/python3.12/site-packages/pymysql/connections.py", line 803, in _read_packet
    packet.raise_for_error()
  File "/home/pc/ProjectManagerDashboard/.venv/lib/python3.12/site-packages/pymysql/protocol.py", line 219, in raise_for_error
    err.raise_mysql_exception(self._data)
  File "/home/pc/ProjectManagerDashboard/.venv/lib/python3.12/site-packages/pymysql/err.py", line 154, in raise_mysql_exception
    raise errorclass(errno, errval, sqlstate=sqlstate)
django.db.utils.OperationalError: (1364, "Field 'id' doesn't have a default value")
ERROR 2026-09-29 14:55:25,610 log 2765 134180348360384 Internal Server Error: /subprojects/subproject/179/payment/add/
Traceback (most recent call last):
  File "/home/pc/ProjectManagerDashboard/.venv/lib/python3.12/site-packages/django/db/backends/utils.py", line 105, in _execute
    return self.cursor.execute(sql, params)
           ^^^^^^^^^^^^^^^^^^^^^^^^^^^^^^^^
  File "/home/pc/ProjectManagerDashboard/.venv/lib/python3.12/site-packages/django/db/backends/mysql/base.py", line 76, in execute
    return self.cursor.execute(query, args)
           ^^^^^^^^^^^^^^^^^^^^^^^^^^^^^^^^
  File "/home/pc/ProjectManagerDashboard/.venv/lib/python3.12/site-packages/pymysql/cursors.py", line 159, in execute
    result = self._query(query)
             ^^^^^^^^^^^^^^^^^^
  File "/home/pc/ProjectManagerDashboard/.venv/lib/python3.12/site-packages/pymysql/cursors.py", line 330, in _query
    conn.query(q)
  File "/home/pc/ProjectManagerDashboard/.venv/lib/python3.12/site-packages/pymysql/connections.py", line 582, in query
    self._affected_rows = self._read_query_result(unbuffered=unbuffered)
                          ^^^^^^^^^^^^^^^^^^^^^^^^^^^^^^^^^^^^^^^^^^^^^^
  File "/home/pc/ProjectManagerDashboard/.venv/lib/python3.12/site-packages/pymysql/connections.py", line 847, in _read_query_result
    result.read()
  File "/home/pc/ProjectManagerDashboard/.venv/lib/python3.12/site-packages/pymysql/connections.py", line 1245, in read
    first_packet = self.connection._read_packet()
                   ^^^^^^^^^^^^^^^^^^^^^^^^^^^^^^
  File "/home/pc/ProjectManagerDashboard/.venv/lib/python3.12/site-packages/pymysql/connections.py", line 803, in _read_packet
    packet.raise_for_error()
  File "/home/pc/ProjectManagerDashboard/.venv/lib/python3.12/site-packages/pymysql/protocol.py", line 219, in raise_for_error
    err.raise_mysql_exception(self._data)
  File "/home/pc/ProjectManagerDashboard/.venv/lib/python3.12/site-packages/pymysql/err.py", line 154, in raise_mysql_exception
    raise errorclass(errno, errval, sqlstate=sqlstate)
pymysql.err.OperationalError: (1364, "Field 'id' doesn't have a default value")

The above exception was the direct cause of the following exception:

Traceback (most recent call last):
  File "/home/pc/ProjectManagerDashboard/.venv/lib/python3.12/site-packages/django/core/handlers/exception.py", line 55, in inner
    response = get_response(request)
               ^^^^^^^^^^^^^^^^^^^^^
  File "/home/pc/ProjectManagerDashboard/.venv/lib/python3.12/site-packages/django/core/handlers/base.py", line 197, in _get_response
    response = wrapped_callback(request, *callback_args, **callback_kwargs)
               ^^^^^^^^^^^^^^^^^^^^^^^^^^^^^^^^^^^^^^^^^^^^^^^^^^^^^^^^^^^^
  File "/home/pc/ProjectManagerDashboard/.venv/lib/python3.12/site-packages/django/contrib/auth/decorators.py", line 59, in _view_wrapper
    return view_func(request, *args, **kwargs)
           ^^^^^^^^^^^^^^^^^^^^^^^^^^^^^^^^^^^
  File "/home/pc/ProjectManagerDashboard/creator_subproject/views.py", line 1248, in add_payment
    payment.save()
  File "/home/pc/ProjectManagerDashboard/.venv/lib/python3.12/site-packages/django/db/models/base.py", line 902, in save
    self.save_base(
  File "/home/pc/ProjectManagerDashboard/.venv/lib/python3.12/site-packages/django/db/models/base.py", line 1008, in save_base
    updated = self._save_table(
              ^^^^^^^^^^^^^^^^^
  File "/home/pc/ProjectManagerDashboard/.venv/lib/python3.12/site-packages/django/db/models/base.py", line 1169, in _save_table
    results = self._do_insert(
              ^^^^^^^^^^^^^^^^
  File "/home/pc/ProjectManagerDashboard/.venv/lib/python3.12/site-packages/django/db/models/base.py", line 1210, in _do_insert
    return manager._insert(
           ^^^^^^^^^^^^^^^^
  File "/home/pc/ProjectManagerDashboard/.venv/lib/python3.12/site-packages/django/db/models/manager.py", line 87, in manager_method
    return getattr(self.get_queryset(), name)(*args, **kwargs)
           ^^^^^^^^^^^^^^^^^^^^^^^^^^^^^^^^^^^^^^^^^^^^^^^^^^^
  File "/home/pc/ProjectManagerDashboard/.venv/lib/python3.12/site-packages/django/db/models/query.py", line 1868, in _insert
    return query.get_compiler(using=using).execute_sql(returning_fields)
           ^^^^^^^^^^^^^^^^^^^^^^^^^^^^^^^^^^^^^^^^^^^^^^^^^^^^^^^^^^^^^
  File "/home/pc/ProjectManagerDashboard/.venv/lib/python3.12/site-packages/django/db/models/sql/compiler.py", line 1882, in execute_sql
    cursor.execute(sql, params)
  File "/home/pc/ProjectManagerDashboard/.venv/lib/python3.12/site-packages/django/db/backends/utils.py", line 79, in execute
    return self._execute_with_wrappers(
           ^^^^^^^^^^^^^^^^^^^^^^^^^^^^
  File "/home/pc/ProjectManagerDashboard/.venv/lib/python3.12/site-packages/django/db/backends/utils.py", line 92, in _execute_with_wrappers
    return executor(sql, params, many, context)
           ^^^^^^^^^^^^^^^^^^^^^^^^^^^^^^^^^^^^
  File "/home/pc/ProjectManagerDashboard/.venv/lib/python3.12/site-packages/django/db/backends/utils.py", line 100, in _execute
    with self.db.wrap_database_errors:
  File "/home/pc/ProjectManagerDashboard/.venv/lib/python3.12/site-packages/django/db/utils.py", line 91, in __exit__
    raise dj_exc_value.with_traceback(traceback) from exc_value
  File "/home/pc/ProjectManagerDashboard/.venv/lib/python3.12/site-packages/django/db/backends/utils.py", line 105, in _execute
    return self.cursor.execute(sql, params)
           ^^^^^^^^^^^^^^^^^^^^^^^^^^^^^^^^
  File "/home/pc/ProjectManagerDashboard/.venv/lib/python3.12/site-packages/django/db/backends/mysql/base.py", line 76, in execute
    return self.cursor.execute(query, args)
           ^^^^^^^^^^^^^^^^^^^^^^^^^^^^^^^^
  File "/home/pc/ProjectManagerDashboard/.venv/lib/python3.12/site-packages/pymysql/cursors.py", line 159, in execute
    result = self._query(query)
             ^^^^^^^^^^^^^^^^^^
  File "/home/pc/ProjectManagerDashboard/.venv/lib/python3.12/site-packages/pymysql/cursors.py", line 330, in _query
    conn.query(q)
  File "/home/pc/ProjectManagerDashboard/.venv/lib/python3.12/site-packages/pymysql/connections.py", line 582, in query
    self._affected_rows = self._read_query_result(unbuffered=unbuffered)
                          ^^^^^^^^^^^^^^^^^^^^^^^^^^^^^^^^^^^^^^^^^^^^^^
  File "/home/pc/ProjectManagerDashboard/.venv/lib/python3.12/site-packages/pymysql/connections.py", line 847, in _read_query_result
    result.read()
  File "/home/pc/ProjectManagerDashboard/.venv/lib/python3.12/site-packages/pymysql/connections.py", line 1245, in read
    first_packet = self.connection._read_packet()
                   ^^^^^^^^^^^^^^^^^^^^^^^^^^^^^^
  File "/home/pc/ProjectManagerDashboard/.venv/lib/python3.12/site-packages/pymysql/connections.py", line 803, in _read_packet
    packet.raise_for_error()
  File "/home/pc/ProjectManagerDashboard/.venv/lib/python3.12/site-packages/pymysql/protocol.py", line 219, in raise_for_error
    err.raise_mysql_exception(self._data)
  File "/home/pc/ProjectManagerDashboard/.venv/lib/python3.12/site-packages/pymysql/err.py", line 154, in raise_mysql_exception
    raise errorclass(errno, errval, sqlstate=sqlstate)
django.db.utils.OperationalError: (1364, "Field 'id' doesn't have a default value")
ERROR 2026-09-29 14:55:25,674 basehttp 2765 134180348360384 "POST /subprojects/subproject/179/payment/add/ HTTP/1.1" 500 145
ERROR 2026-09-29 16:32:55,269 log 5621 135817770768064 Internal Server Error: /dashboard/dashboard/province-manager/
Traceback (most recent call last):
  File "/home/pc/ProjectManagerDashboard/.venv/lib/python3.12/site-packages/django/core/handlers/exception.py", line 55, in inner
    response = get_response(request)
               ^^^^^^^^^^^^^^^^^^^^^
  File "/home/pc/ProjectManagerDashboard/.venv/lib/python3.12/site-packages/django/core/handlers/base.py", line 197, in _get_response
    response = wrapped_callback(request, *callback_args, **callback_kwargs)
               ^^^^^^^^^^^^^^^^^^^^^^^^^^^^^^^^^^^^^^^^^^^^^^^^^^^^^^^^^^^^
  File "/home/pc/ProjectManagerDashboard/.venv/lib/python3.12/site-packages/django/contrib/auth/decorators.py", line 59, in _view_wrapper
    return view_func(request, *args, **kwargs)
           ^^^^^^^^^^^^^^^^^^^^^^^^^^^^^^^^^^^
  File "/home/pc/ProjectManagerDashboard/dashboard/views.py", line 591, in province_manager_dashboard
    project_stats = user_projects.aggregate(
                    ^^^^^^^^^^^^^^^^^^^^^^^^
  File "/home/pc/ProjectManagerDashboard/.venv/lib/python3.12/site-packages/django/db/models/query.py", line 588, in aggregate
    return self.query.chain().get_aggregation(self.db, kwargs)
           ^^^^^^^^^^^^^^^^^^^^^^^^^^^^^^^^^^^^^^^^^^^^^^^^^^^
  File "/home/pc/ProjectManagerDashboard/.venv/lib/python3.12/site-packages/django/db/models/sql/query.py", line 460, in get_aggregation
    aggregate = aggregate_expr.resolve_expression(
                ^^^^^^^^^^^^^^^^^^^^^^^^^^^^^^^^^^
  File "/home/pc/ProjectManagerDashboard/.venv/lib/python3.12/site-packages/django/db/models/aggregates.py", line 63, in resolve_expression
    c = super().resolve_expression(query, allow_joins, reuse, summarize)
        ^^^^^^^^^^^^^^^^^^^^^^^^^^^^^^^^^^^^^^^^^^^^^^^^^^^^^^^^^^^^^^^^
  File "/home/pc/ProjectManagerDashboard/.venv/lib/python3.12/site-packages/django/db/models/expressions.py", line 300, in resolve_expression
    expr.resolve_expression(query, allow_joins, reuse, summarize, for_save)
  File "/home/pc/ProjectManagerDashboard/.venv/lib/python3.12/site-packages/django/db/models/expressions.py", line 902, in resolve_expression
    return query.resolve_ref(self.name, allow_joins, reuse, summarize)
           ^^^^^^^^^^^^^^^^^^^^^^^^^^^^^^^^^^^^^^^^^^^^^^^^^^^^^^^^^^^
  File "/home/pc/ProjectManagerDashboard/.venv/lib/python3.12/site-packages/django/db/models/sql/query.py", line 2049, in resolve_ref
    join_info = self.setup_joins(
                ^^^^^^^^^^^^^^^^^
  File "/home/pc/ProjectManagerDashboard/.venv/lib/python3.12/site-packages/django/db/models/sql/query.py", line 1900, in setup_joins
    path, final_field, targets, rest = self.names_to_path(
                                       ^^^^^^^^^^^^^^^^^^^
  File "/home/pc/ProjectManagerDashboard/.venv/lib/python3.12/site-packages/django/db/models/sql/query.py", line 1805, in names_to_path
    raise FieldError(
django.core.exceptions.FieldError: Cannot resolve keyword 'total_budget' into field. Choices are: allocation_credit_cash_charity, allocation_credit_cash_national, allocation_credit_cash_province, allocation_credit_cash_travel, allocation_credit_treasury_national, allocation_credit_treasury_province, allocation_credit_treasury_travel, allocations, area_size, cached_required_credit_contracts, cached_required_credit_project, cached_total_debt, cash_allocations, city, created_at, created_by, created_by_id, debt, estimated_opening_time, expert_reviews, financial_allocations, floor, funding_requests, gallery_images, id, is_approved, is_expert_approved, is_submitted, name, notables, overall_status, physical_progress, program, program_id, project_id, project_type, province, rejection_comments, reports, site_area, situations, subprojects, summary, treasury_allocations, update_history, updated_at, wall_length
ERROR 2026-09-29 16:32:55,269 log 5621 135817770768064 Internal Server Error: /dashboard/dashboard/province-manager/
Traceback (most recent call last):
  File "/home/pc/ProjectManagerDashboard/.venv/lib/python3.12/site-packages/django/core/handlers/exception.py", line 55, in inner
    response = get_response(request)
               ^^^^^^^^^^^^^^^^^^^^^
  File "/home/pc/ProjectManagerDashboard/.venv/lib/python3.12/site-packages/django/core/handlers/base.py", line 197, in _get_response
    response = wrapped_callback(request, *callback_args, **callback_kwargs)
               ^^^^^^^^^^^^^^^^^^^^^^^^^^^^^^^^^^^^^^^^^^^^^^^^^^^^^^^^^^^^
  File "/home/pc/ProjectManagerDashboard/.venv/lib/python3.12/site-packages/django/contrib/auth/decorators.py", line 59, in _view_wrapper
    return view_func(request, *args, **kwargs)
           ^^^^^^^^^^^^^^^^^^^^^^^^^^^^^^^^^^^
  File "/home/pc/ProjectManagerDashboard/dashboard/views.py", line 591, in province_manager_dashboard
    project_stats = user_projects.aggregate(
                    ^^^^^^^^^^^^^^^^^^^^^^^^
  File "/home/pc/ProjectManagerDashboard/.venv/lib/python3.12/site-packages/django/db/models/query.py", line 588, in aggregate
    return self.query.chain().get_aggregation(self.db, kwargs)
           ^^^^^^^^^^^^^^^^^^^^^^^^^^^^^^^^^^^^^^^^^^^^^^^^^^^
  File "/home/pc/ProjectManagerDashboard/.venv/lib/python3.12/site-packages/django/db/models/sql/query.py", line 460, in get_aggregation
    aggregate = aggregate_expr.resolve_expression(
                ^^^^^^^^^^^^^^^^^^^^^^^^^^^^^^^^^^
  File "/home/pc/ProjectManagerDashboard/.venv/lib/python3.12/site-packages/django/db/models/aggregates.py", line 63, in resolve_expression
    c = super().resolve_expression(query, allow_joins, reuse, summarize)
        ^^^^^^^^^^^^^^^^^^^^^^^^^^^^^^^^^^^^^^^^^^^^^^^^^^^^^^^^^^^^^^^^
  File "/home/pc/ProjectManagerDashboard/.venv/lib/python3.12/site-packages/django/db/models/expressions.py", line 300, in resolve_expression
    expr.resolve_expression(query, allow_joins, reuse, summarize, for_save)
  File "/home/pc/ProjectManagerDashboard/.venv/lib/python3.12/site-packages/django/db/models/expressions.py", line 902, in resolve_expression
    return query.resolve_ref(self.name, allow_joins, reuse, summarize)
           ^^^^^^^^^^^^^^^^^^^^^^^^^^^^^^^^^^^^^^^^^^^^^^^^^^^^^^^^^^^
  File "/home/pc/ProjectManagerDashboard/.venv/lib/python3.12/site-packages/django/db/models/sql/query.py", line 2049, in resolve_ref
    join_info = self.setup_joins(
                ^^^^^^^^^^^^^^^^^
  File "/home/pc/ProjectManagerDashboard/.venv/lib/python3.12/site-packages/django/db/models/sql/query.py", line 1900, in setup_joins
    path, final_field, targets, rest = self.names_to_path(
                                       ^^^^^^^^^^^^^^^^^^^
  File "/home/pc/ProjectManagerDashboard/.venv/lib/python3.12/site-packages/django/db/models/sql/query.py", line 1805, in names_to_path
    raise FieldError(
django.core.exceptions.FieldError: Cannot resolve keyword 'total_budget' into field. Choices are: allocation_credit_cash_charity, allocation_credit_cash_national, allocation_credit_cash_province, allocation_credit_cash_travel, allocation_credit_treasury_national, allocation_credit_treasury_province, allocation_credit_treasury_travel, allocations, area_size, cached_required_credit_contracts, cached_required_credit_project, cached_total_debt, cash_allocations, city, created_at, created_by, created_by_id, debt, estimated_opening_time, expert_reviews, financial_allocations, floor, funding_requests, gallery_images, id, is_approved, is_expert_approved, is_submitted, name, notables, overall_status, physical_progress, program, program_id, project_id, project_type, province, rejection_comments, reports, site_area, situations, subprojects, summary, treasury_allocations, update_history, updated_at, wall_length
ERROR 2026-09-29 16:32:55,355 basehttp 5621 135817770768064 "GET /dashboard/dashboard/province-manager/ HTTP/1.1" 500 145
ERROR 2026-09-29 16:33:32,712 log 5679 127335298758336 Internal Server Error: /dashboard/dashboard/province-manager/
Traceback (most recent call last):
  File "/home/pc/ProjectManagerDashboard/.venv/lib/python3.12/site-packages/django/core/handlers/exception.py", line 55, in inner
    response = get_response(request)
               ^^^^^^^^^^^^^^^^^^^^^
  File "/home/pc/ProjectManagerDashboard/.venv/lib/python3.12/site-packages/django/core/handlers/base.py", line 197, in _get_response
    response = wrapped_callback(request, *callback_args, **callback_kwargs)
               ^^^^^^^^^^^^^^^^^^^^^^^^^^^^^^^^^^^^^^^^^^^^^^^^^^^^^^^^^^^^
  File "/home/pc/ProjectManagerDashboard/.venv/lib/python3.12/site-packages/django/contrib/auth/decorators.py", line 59, in _view_wrapper
    return view_func(request, *args, **kwargs)
           ^^^^^^^^^^^^^^^^^^^^^^^^^^^^^^^^^^^
  File "/home/pc/ProjectManagerDashboard/dashboard/views.py", line 591, in province_manager_dashboard
    project_stats = user_projects.aggregate(
                    ^^^^^^^^^^^^^^^^^^^^^^^^
  File "/home/pc/ProjectManagerDashboard/.venv/lib/python3.12/site-packages/django/db/models/query.py", line 588, in aggregate
    return self.query.chain().get_aggregation(self.db, kwargs)
           ^^^^^^^^^^^^^^^^^^^^^^^^^^^^^^^^^^^^^^^^^^^^^^^^^^^
  File "/home/pc/ProjectManagerDashboard/.venv/lib/python3.12/site-packages/django/db/models/sql/query.py", line 460, in get_aggregation
    aggregate = aggregate_expr.resolve_expression(
                ^^^^^^^^^^^^^^^^^^^^^^^^^^^^^^^^^^
  File "/home/pc/ProjectManagerDashboard/.venv/lib/python3.12/site-packages/django/db/models/aggregates.py", line 63, in resolve_expression
    c = super().resolve_expression(query, allow_joins, reuse, summarize)
        ^^^^^^^^^^^^^^^^^^^^^^^^^^^^^^^^^^^^^^^^^^^^^^^^^^^^^^^^^^^^^^^^
  File "/home/pc/ProjectManagerDashboard/.venv/lib/python3.12/site-packages/django/db/models/expressions.py", line 300, in resolve_expression
    expr.resolve_expression(query, allow_joins, reuse, summarize, for_save)
  File "/home/pc/ProjectManagerDashboard/.venv/lib/python3.12/site-packages/django/db/models/expressions.py", line 902, in resolve_expression
    return query.resolve_ref(self.name, allow_joins, reuse, summarize)
           ^^^^^^^^^^^^^^^^^^^^^^^^^^^^^^^^^^^^^^^^^^^^^^^^^^^^^^^^^^^
  File "/home/pc/ProjectManagerDashboard/.venv/lib/python3.12/site-packages/django/db/models/sql/query.py", line 2049, in resolve_ref
    join_info = self.setup_joins(
                ^^^^^^^^^^^^^^^^^
  File "/home/pc/ProjectManagerDashboard/.venv/lib/python3.12/site-packages/django/db/models/sql/query.py", line 1900, in setup_joins
    path, final_field, targets, rest = self.names_to_path(
                                       ^^^^^^^^^^^^^^^^^^^
  File "/home/pc/ProjectManagerDashboard/.venv/lib/python3.12/site-packages/django/db/models/sql/query.py", line 1805, in names_to_path
    raise FieldError(
django.core.exceptions.FieldError: Cannot resolve keyword 'total_budget' into field. Choices are: allocation_credit_cash_charity, allocation_credit_cash_national, allocation_credit_cash_province, allocation_credit_cash_travel, allocation_credit_treasury_national, allocation_credit_treasury_province, allocation_credit_treasury_travel, allocations, area_size, cached_required_credit_contracts, cached_required_credit_project, cached_total_debt, cash_allocations, city, created_at, created_by, created_by_id, debt, estimated_opening_time, expert_reviews, financial_allocations, floor, funding_requests, gallery_images, id, is_approved, is_expert_approved, is_submitted, name, notables, overall_status, physical_progress, program, program_id, project_id, project_type, province, rejection_comments, reports, site_area, situations, subprojects, summary, treasury_allocations, update_history, updated_at, wall_length
ERROR 2026-09-29 16:33:32,712 log 5679 127335298758336 Internal Server Error: /dashboard/dashboard/province-manager/
Traceback (most recent call last):
  File "/home/pc/ProjectManagerDashboard/.venv/lib/python3.12/site-packages/django/core/handlers/exception.py", line 55, in inner
    response = get_response(request)
               ^^^^^^^^^^^^^^^^^^^^^
  File "/home/pc/ProjectManagerDashboard/.venv/lib/python3.12/site-packages/django/core/handlers/base.py", line 197, in _get_response
    response = wrapped_callback(request, *callback_args, **callback_kwargs)
               ^^^^^^^^^^^^^^^^^^^^^^^^^^^^^^^^^^^^^^^^^^^^^^^^^^^^^^^^^^^^
  File "/home/pc/ProjectManagerDashboard/.venv/lib/python3.12/site-packages/django/contrib/auth/decorators.py", line 59, in _view_wrapper
    return view_func(request, *args, **kwargs)
           ^^^^^^^^^^^^^^^^^^^^^^^^^^^^^^^^^^^
  File "/home/pc/ProjectManagerDashboard/dashboard/views.py", line 591, in province_manager_dashboard
    project_stats = user_projects.aggregate(
                    ^^^^^^^^^^^^^^^^^^^^^^^^
  File "/home/pc/ProjectManagerDashboard/.venv/lib/python3.12/site-packages/django/db/models/query.py", line 588, in aggregate
    return self.query.chain().get_aggregation(self.db, kwargs)
           ^^^^^^^^^^^^^^^^^^^^^^^^^^^^^^^^^^^^^^^^^^^^^^^^^^^
  File "/home/pc/ProjectManagerDashboard/.venv/lib/python3.12/site-packages/django/db/models/sql/query.py", line 460, in get_aggregation
    aggregate = aggregate_expr.resolve_expression(
                ^^^^^^^^^^^^^^^^^^^^^^^^^^^^^^^^^^
  File "/home/pc/ProjectManagerDashboard/.venv/lib/python3.12/site-packages/django/db/models/aggregates.py", line 63, in resolve_expression
    c = super().resolve_expression(query, allow_joins, reuse, summarize)
        ^^^^^^^^^^^^^^^^^^^^^^^^^^^^^^^^^^^^^^^^^^^^^^^^^^^^^^^^^^^^^^^^
  File "/home/pc/ProjectManagerDashboard/.venv/lib/python3.12/site-packages/django/db/models/expressions.py", line 300, in resolve_expression
    expr.resolve_expression(query, allow_joins, reuse, summarize, for_save)
  File "/home/pc/ProjectManagerDashboard/.venv/lib/python3.12/site-packages/django/db/models/expressions.py", line 902, in resolve_expression
    return query.resolve_ref(self.name, allow_joins, reuse, summarize)
           ^^^^^^^^^^^^^^^^^^^^^^^^^^^^^^^^^^^^^^^^^^^^^^^^^^^^^^^^^^^
  File "/home/pc/ProjectManagerDashboard/.venv/lib/python3.12/site-packages/django/db/models/sql/query.py", line 2049, in resolve_ref
    join_info = self.setup_joins(
                ^^^^^^^^^^^^^^^^^
  File "/home/pc/ProjectManagerDashboard/.venv/lib/python3.12/site-packages/django/db/models/sql/query.py", line 1900, in setup_joins
    path, final_field, targets, rest = self.names_to_path(
                                       ^^^^^^^^^^^^^^^^^^^
  File "/home/pc/ProjectManagerDashboard/.venv/lib/python3.12/site-packages/django/db/models/sql/query.py", line 1805, in names_to_path
    raise FieldError(
django.core.exceptions.FieldError: Cannot resolve keyword 'total_budget' into field. Choices are: allocation_credit_cash_charity, allocation_credit_cash_national, allocation_credit_cash_province, allocation_credit_cash_travel, allocation_credit_treasury_national, allocation_credit_treasury_province, allocation_credit_treasury_travel, allocations, area_size, cached_required_credit_contracts, cached_required_credit_project, cached_total_debt, cash_allocations, city, created_at, created_by, created_by_id, debt, estimated_opening_time, expert_reviews, financial_allocations, floor, funding_requests, gallery_images, id, is_approved, is_expert_approved, is_submitted, name, notables, overall_status, physical_progress, program, program_id, project_id, project_type, province, rejection_comments, reports, site_area, situations, subprojects, summary, treasury_allocations, update_history, updated_at, wall_length
ERROR 2026-09-29 16:33:32,786 basehttp 5679 127335298758336 "GET /dashboard/dashboard/province-manager/ HTTP/1.1" 500 145
ERROR 2026-09-29 16:33:42,993 log 5679 127335298758336 Internal Server Error: /dashboard/dashboard/province-manager/
Traceback (most recent call last):
  File "/home/pc/ProjectManagerDashboard/.venv/lib/python3.12/site-packages/django/core/handlers/exception.py", line 55, in inner
    response = get_response(request)
               ^^^^^^^^^^^^^^^^^^^^^
  File "/home/pc/ProjectManagerDashboard/.venv/lib/python3.12/site-packages/django/core/handlers/base.py", line 197, in _get_response
    response = wrapped_callback(request, *callback_args, **callback_kwargs)
               ^^^^^^^^^^^^^^^^^^^^^^^^^^^^^^^^^^^^^^^^^^^^^^^^^^^^^^^^^^^^
  File "/home/pc/ProjectManagerDashboard/.venv/lib/python3.12/site-packages/django/contrib/auth/decorators.py", line 59, in _view_wrapper
    return view_func(request, *args, **kwargs)
           ^^^^^^^^^^^^^^^^^^^^^^^^^^^^^^^^^^^
  File "/home/pc/ProjectManagerDashboard/dashboard/views.py", line 591, in province_manager_dashboard
    project_stats = user_projects.aggregate(
                    ^^^^^^^^^^^^^^^^^^^^^^^^
  File "/home/pc/ProjectManagerDashboard/.venv/lib/python3.12/site-packages/django/db/models/query.py", line 588, in aggregate
    return self.query.chain().get_aggregation(self.db, kwargs)
           ^^^^^^^^^^^^^^^^^^^^^^^^^^^^^^^^^^^^^^^^^^^^^^^^^^^
  File "/home/pc/ProjectManagerDashboard/.venv/lib/python3.12/site-packages/django/db/models/sql/query.py", line 460, in get_aggregation
    aggregate = aggregate_expr.resolve_expression(
                ^^^^^^^^^^^^^^^^^^^^^^^^^^^^^^^^^^
  File "/home/pc/ProjectManagerDashboard/.venv/lib/python3.12/site-packages/django/db/models/aggregates.py", line 63, in resolve_expression
    c = super().resolve_expression(query, allow_joins, reuse, summarize)
        ^^^^^^^^^^^^^^^^^^^^^^^^^^^^^^^^^^^^^^^^^^^^^^^^^^^^^^^^^^^^^^^^
  File "/home/pc/ProjectManagerDashboard/.venv/lib/python3.12/site-packages/django/db/models/expressions.py", line 300, in resolve_expression
    expr.resolve_expression(query, allow_joins, reuse, summarize, for_save)
  File "/home/pc/ProjectManagerDashboard/.venv/lib/python3.12/site-packages/django/db/models/expressions.py", line 902, in resolve_expression
    return query.resolve_ref(self.name, allow_joins, reuse, summarize)
           ^^^^^^^^^^^^^^^^^^^^^^^^^^^^^^^^^^^^^^^^^^^^^^^^^^^^^^^^^^^
  File "/home/pc/ProjectManagerDashboard/.venv/lib/python3.12/site-packages/django/db/models/sql/query.py", line 2049, in resolve_ref
    join_info = self.setup_joins(
                ^^^^^^^^^^^^^^^^^
  File "/home/pc/ProjectManagerDashboard/.venv/lib/python3.12/site-packages/django/db/models/sql/query.py", line 1900, in setup_joins
    path, final_field, targets, rest = self.names_to_path(
                                       ^^^^^^^^^^^^^^^^^^^
  File "/home/pc/ProjectManagerDashboard/.venv/lib/python3.12/site-packages/django/db/models/sql/query.py", line 1805, in names_to_path
    raise FieldError(
django.core.exceptions.FieldError: Cannot resolve keyword 'total_budget' into field. Choices are: allocation_credit_cash_charity, allocation_credit_cash_national, allocation_credit_cash_province, allocation_credit_cash_travel, allocation_credit_treasury_national, allocation_credit_treasury_province, allocation_credit_treasury_travel, allocations, area_size, cached_required_credit_contracts, cached_required_credit_project, cached_total_debt, cash_allocations, city, created_at, created_by, created_by_id, debt, estimated_opening_time, expert_reviews, financial_allocations, floor, funding_requests, gallery_images, id, is_approved, is_expert_approved, is_submitted, name, notables, overall_status, physical_progress, program, program_id, project_id, project_type, province, rejection_comments, reports, site_area, situations, subprojects, summary, treasury_allocations, update_history, updated_at, wall_length
ERROR 2026-09-29 16:33:42,993 log 5679 127335298758336 Internal Server Error: /dashboard/dashboard/province-manager/
Traceback (most recent call last):
  File "/home/pc/ProjectManagerDashboard/.venv/lib/python3.12/site-packages/django/core/handlers/exception.py", line 55, in inner
    response = get_response(request)
               ^^^^^^^^^^^^^^^^^^^^^
  File "/home/pc/ProjectManagerDashboard/.venv/lib/python3.12/site-packages/django/core/handlers/base.py", line 197, in _get_response
    response = wrapped_callback(request, *callback_args, **callback_kwargs)
               ^^^^^^^^^^^^^^^^^^^^^^^^^^^^^^^^^^^^^^^^^^^^^^^^^^^^^^^^^^^^
  File "/home/pc/ProjectManagerDashboard/.venv/lib/python3.12/site-packages/django/contrib/auth/decorators.py", line 59, in _view_wrapper
    return view_func(request, *args, **kwargs)
           ^^^^^^^^^^^^^^^^^^^^^^^^^^^^^^^^^^^
  File "/home/pc/ProjectManagerDashboard/dashboard/views.py", line 591, in province_manager_dashboard
    project_stats = user_projects.aggregate(
                    ^^^^^^^^^^^^^^^^^^^^^^^^
  File "/home/pc/ProjectManagerDashboard/.venv/lib/python3.12/site-packages/django/db/models/query.py", line 588, in aggregate
    return self.query.chain().get_aggregation(self.db, kwargs)
           ^^^^^^^^^^^^^^^^^^^^^^^^^^^^^^^^^^^^^^^^^^^^^^^^^^^
  File "/home/pc/ProjectManagerDashboard/.venv/lib/python3.12/site-packages/django/db/models/sql/query.py", line 460, in get_aggregation
    aggregate = aggregate_expr.resolve_expression(
                ^^^^^^^^^^^^^^^^^^^^^^^^^^^^^^^^^^
  File "/home/pc/ProjectManagerDashboard/.venv/lib/python3.12/site-packages/django/db/models/aggregates.py", line 63, in resolve_expression
    c = super().resolve_expression(query, allow_joins, reuse, summarize)
        ^^^^^^^^^^^^^^^^^^^^^^^^^^^^^^^^^^^^^^^^^^^^^^^^^^^^^^^^^^^^^^^^
  File "/home/pc/ProjectManagerDashboard/.venv/lib/python3.12/site-packages/django/db/models/expressions.py", line 300, in resolve_expression
    expr.resolve_expression(query, allow_joins, reuse, summarize, for_save)
  File "/home/pc/ProjectManagerDashboard/.venv/lib/python3.12/site-packages/django/db/models/expressions.py", line 902, in resolve_expression
    return query.resolve_ref(self.name, allow_joins, reuse, summarize)
           ^^^^^^^^^^^^^^^^^^^^^^^^^^^^^^^^^^^^^^^^^^^^^^^^^^^^^^^^^^^
  File "/home/pc/ProjectManagerDashboard/.venv/lib/python3.12/site-packages/django/db/models/sql/query.py", line 2049, in resolve_ref
    join_info = self.setup_joins(
                ^^^^^^^^^^^^^^^^^
  File "/home/pc/ProjectManagerDashboard/.venv/lib/python3.12/site-packages/django/db/models/sql/query.py", line 1900, in setup_joins
    path, final_field, targets, rest = self.names_to_path(
                                       ^^^^^^^^^^^^^^^^^^^
  File "/home/pc/ProjectManagerDashboard/.venv/lib/python3.12/site-packages/django/db/models/sql/query.py", line 1805, in names_to_path
    raise FieldError(
django.core.exceptions.FieldError: Cannot resolve keyword 'total_budget' into field. Choices are: allocation_credit_cash_charity, allocation_credit_cash_national, allocation_credit_cash_province, allocation_credit_cash_travel, allocation_credit_treasury_national, allocation_credit_treasury_province, allocation_credit_treasury_travel, allocations, area_size, cached_required_credit_contracts, cached_required_credit_project, cached_total_debt, cash_allocations, city, created_at, created_by, created_by_id, debt, estimated_opening_time, expert_reviews, financial_allocations, floor, funding_requests, gallery_images, id, is_approved, is_expert_approved, is_submitted, name, notables, overall_status, physical_progress, program, program_id, project_id, project_type, province, rejection_comments, reports, site_area, situations, subprojects, summary, treasury_allocations, update_history, updated_at, wall_length
ERROR 2026-09-29 16:33:43,073 basehttp 5679 127335298758336 "GET /dashboard/dashboard/province-manager/ HTTP/1.1" 500 145
ERROR 2026-09-29 16:33:43,479 log 5679 127335298758336 Internal Server Error: /dashboard/dashboard/province-manager/
Traceback (most recent call last):
  File "/home/pc/ProjectManagerDashboard/.venv/lib/python3.12/site-packages/django/core/handlers/exception.py", line 55, in inner
    response = get_response(request)
               ^^^^^^^^^^^^^^^^^^^^^
  File "/home/pc/ProjectManagerDashboard/.venv/lib/python3.12/site-packages/django/core/handlers/base.py", line 197, in _get_response
    response = wrapped_callback(request, *callback_args, **callback_kwargs)
               ^^^^^^^^^^^^^^^^^^^^^^^^^^^^^^^^^^^^^^^^^^^^^^^^^^^^^^^^^^^^
  File "/home/pc/ProjectManagerDashboard/.venv/lib/python3.12/site-packages/django/contrib/auth/decorators.py", line 59, in _view_wrapper
    return view_func(request, *args, **kwargs)
           ^^^^^^^^^^^^^^^^^^^^^^^^^^^^^^^^^^^
  File "/home/pc/ProjectManagerDashboard/dashboard/views.py", line 591, in province_manager_dashboard
    project_stats = user_projects.aggregate(
                    ^^^^^^^^^^^^^^^^^^^^^^^^
  File "/home/pc/ProjectManagerDashboard/.venv/lib/python3.12/site-packages/django/db/models/query.py", line 588, in aggregate
    return self.query.chain().get_aggregation(self.db, kwargs)
           ^^^^^^^^^^^^^^^^^^^^^^^^^^^^^^^^^^^^^^^^^^^^^^^^^^^
  File "/home/pc/ProjectManagerDashboard/.venv/lib/python3.12/site-packages/django/db/models/sql/query.py", line 460, in get_aggregation
    aggregate = aggregate_expr.resolve_expression(
                ^^^^^^^^^^^^^^^^^^^^^^^^^^^^^^^^^^
  File "/home/pc/ProjectManagerDashboard/.venv/lib/python3.12/site-packages/django/db/models/aggregates.py", line 63, in resolve_expression
    c = super().resolve_expression(query, allow_joins, reuse, summarize)
        ^^^^^^^^^^^^^^^^^^^^^^^^^^^^^^^^^^^^^^^^^^^^^^^^^^^^^^^^^^^^^^^^
  File "/home/pc/ProjectManagerDashboard/.venv/lib/python3.12/site-packages/django/db/models/expressions.py", line 300, in resolve_expression
    expr.resolve_expression(query, allow_joins, reuse, summarize, for_save)
  File "/home/pc/ProjectManagerDashboard/.venv/lib/python3.12/site-packages/django/db/models/expressions.py", line 902, in resolve_expression
    return query.resolve_ref(self.name, allow_joins, reuse, summarize)
           ^^^^^^^^^^^^^^^^^^^^^^^^^^^^^^^^^^^^^^^^^^^^^^^^^^^^^^^^^^^
  File "/home/pc/ProjectManagerDashboard/.venv/lib/python3.12/site-packages/django/db/models/sql/query.py", line 2049, in resolve_ref
    join_info = self.setup_joins(
                ^^^^^^^^^^^^^^^^^
  File "/home/pc/ProjectManagerDashboard/.venv/lib/python3.12/site-packages/django/db/models/sql/query.py", line 1900, in setup_joins
    path, final_field, targets, rest = self.names_to_path(
                                       ^^^^^^^^^^^^^^^^^^^
  File "/home/pc/ProjectManagerDashboard/.venv/lib/python3.12/site-packages/django/db/models/sql/query.py", line 1805, in names_to_path
    raise FieldError(
django.core.exceptions.FieldError: Cannot resolve keyword 'total_budget' into field. Choices are: allocation_credit_cash_charity, allocation_credit_cash_national, allocation_credit_cash_province, allocation_credit_cash_travel, allocation_credit_treasury_national, allocation_credit_treasury_province, allocation_credit_treasury_travel, allocations, area_size, cached_required_credit_contracts, cached_required_credit_project, cached_total_debt, cash_allocations, city, created_at, created_by, created_by_id, debt, estimated_opening_time, expert_reviews, financial_allocations, floor, funding_requests, gallery_images, id, is_approved, is_expert_approved, is_submitted, name, notables, overall_status, physical_progress, program, program_id, project_id, project_type, province, rejection_comments, reports, site_area, situations, subprojects, summary, treasury_allocations, update_history, updated_at, wall_length
ERROR 2026-09-29 16:33:43,479 log 5679 127335298758336 Internal Server Error: /dashboard/dashboard/province-manager/
Traceback (most recent call last):
  File "/home/pc/ProjectManagerDashboard/.venv/lib/python3.12/site-packages/django/core/handlers/exception.py", line 55, in inner
    response = get_response(request)
               ^^^^^^^^^^^^^^^^^^^^^
  File "/home/pc/ProjectManagerDashboard/.venv/lib/python3.12/site-packages/django/core/handlers/base.py", line 197, in _get_response
    response = wrapped_callback(request, *callback_args, **callback_kwargs)
               ^^^^^^^^^^^^^^^^^^^^^^^^^^^^^^^^^^^^^^^^^^^^^^^^^^^^^^^^^^^^
  File "/home/pc/ProjectManagerDashboard/.venv/lib/python3.12/site-packages/django/contrib/auth/decorators.py", line 59, in _view_wrapper
    return view_func(request, *args, **kwargs)
           ^^^^^^^^^^^^^^^^^^^^^^^^^^^^^^^^^^^
  File "/home/pc/ProjectManagerDashboard/dashboard/views.py", line 591, in province_manager_dashboard
    project_stats = user_projects.aggregate(
                    ^^^^^^^^^^^^^^^^^^^^^^^^
  File "/home/pc/ProjectManagerDashboard/.venv/lib/python3.12/site-packages/django/db/models/query.py", line 588, in aggregate
    return self.query.chain().get_aggregation(self.db, kwargs)
           ^^^^^^^^^^^^^^^^^^^^^^^^^^^^^^^^^^^^^^^^^^^^^^^^^^^
  File "/home/pc/ProjectManagerDashboard/.venv/lib/python3.12/site-packages/django/db/models/sql/query.py", line 460, in get_aggregation
    aggregate = aggregate_expr.resolve_expression(
                ^^^^^^^^^^^^^^^^^^^^^^^^^^^^^^^^^^
  File "/home/pc/ProjectManagerDashboard/.venv/lib/python3.12/site-packages/django/db/models/aggregates.py", line 63, in resolve_expression
    c = super().resolve_expression(query, allow_joins, reuse, summarize)
        ^^^^^^^^^^^^^^^^^^^^^^^^^^^^^^^^^^^^^^^^^^^^^^^^^^^^^^^^^^^^^^^^
  File "/home/pc/ProjectManagerDashboard/.venv/lib/python3.12/site-packages/django/db/models/expressions.py", line 300, in resolve_expression
    expr.resolve_expression(query, allow_joins, reuse, summarize, for_save)
  File "/home/pc/ProjectManagerDashboard/.venv/lib/python3.12/site-packages/django/db/models/expressions.py", line 902, in resolve_expression
    return query.resolve_ref(self.name, allow_joins, reuse, summarize)
           ^^^^^^^^^^^^^^^^^^^^^^^^^^^^^^^^^^^^^^^^^^^^^^^^^^^^^^^^^^^
  File "/home/pc/ProjectManagerDashboard/.venv/lib/python3.12/site-packages/django/db/models/sql/query.py", line 2049, in resolve_ref
    join_info = self.setup_joins(
                ^^^^^^^^^^^^^^^^^
  File "/home/pc/ProjectManagerDashboard/.venv/lib/python3.12/site-packages/django/db/models/sql/query.py", line 1900, in setup_joins
    path, final_field, targets, rest = self.names_to_path(
                                       ^^^^^^^^^^^^^^^^^^^
  File "/home/pc/ProjectManagerDashboard/.venv/lib/python3.12/site-packages/django/db/models/sql/query.py", line 1805, in names_to_path
    raise FieldError(
django.core.exceptions.FieldError: Cannot resolve keyword 'total_budget' into field. Choices are: allocation_credit_cash_charity, allocation_credit_cash_national, allocation_credit_cash_province, allocation_credit_cash_travel, allocation_credit_treasury_national, allocation_credit_treasury_province, allocation_credit_treasury_travel, allocations, area_size, cached_required_credit_contracts, cached_required_credit_project, cached_total_debt, cash_allocations, city, created_at, created_by, created_by_id, debt, estimated_opening_time, expert_reviews, financial_allocations, floor, funding_requests, gallery_images, id, is_approved, is_expert_approved, is_submitted, name, notables, overall_status, physical_progress, program, program_id, project_id, project_type, province, rejection_comments, reports, site_area, situations, subprojects, summary, treasury_allocations, update_history, updated_at, wall_length
ERROR 2026-09-29 16:33:43,553 basehttp 5679 127335298758336 "GET /dashboard/dashboard/province-manager/ HTTP/1.1" 500 145
ERROR 2026-09-29 16:33:50,734 log 5679 127335298758336 Internal Server Error: /dashboard/dashboard/province-manager/
Traceback (most recent call last):
  File "/home/pc/ProjectManagerDashboard/.venv/lib/python3.12/site-packages/django/core/handlers/exception.py", line 55, in inner
    response = get_response(request)
               ^^^^^^^^^^^^^^^^^^^^^
  File "/home/pc/ProjectManagerDashboard/.venv/lib/python3.12/site-packages/django/core/handlers/base.py", line 197, in _get_response
    response = wrapped_callback(request, *callback_args, **callback_kwargs)
               ^^^^^^^^^^^^^^^^^^^^^^^^^^^^^^^^^^^^^^^^^^^^^^^^^^^^^^^^^^^^
  File "/home/pc/ProjectManagerDashboard/.venv/lib/python3.12/site-packages/django/contrib/auth/decorators.py", line 59, in _view_wrapper
    return view_func(request, *args, **kwargs)
           ^^^^^^^^^^^^^^^^^^^^^^^^^^^^^^^^^^^
  File "/home/pc/ProjectManagerDashboard/dashboard/views.py", line 591, in province_manager_dashboard
    project_stats = user_projects.aggregate(
                    ^^^^^^^^^^^^^^^^^^^^^^^^
  File "/home/pc/ProjectManagerDashboard/.venv/lib/python3.12/site-packages/django/db/models/query.py", line 588, in aggregate
    return self.query.chain().get_aggregation(self.db, kwargs)
           ^^^^^^^^^^^^^^^^^^^^^^^^^^^^^^^^^^^^^^^^^^^^^^^^^^^
  File "/home/pc/ProjectManagerDashboard/.venv/lib/python3.12/site-packages/django/db/models/sql/query.py", line 460, in get_aggregation
    aggregate = aggregate_expr.resolve_expression(
                ^^^^^^^^^^^^^^^^^^^^^^^^^^^^^^^^^^
  File "/home/pc/ProjectManagerDashboard/.venv/lib/python3.12/site-packages/django/db/models/aggregates.py", line 63, in resolve_expression
    c = super().resolve_expression(query, allow_joins, reuse, summarize)
        ^^^^^^^^^^^^^^^^^^^^^^^^^^^^^^^^^^^^^^^^^^^^^^^^^^^^^^^^^^^^^^^^
  File "/home/pc/ProjectManagerDashboard/.venv/lib/python3.12/site-packages/django/db/models/expressions.py", line 300, in resolve_expression
    expr.resolve_expression(query, allow_joins, reuse, summarize, for_save)
  File "/home/pc/ProjectManagerDashboard/.venv/lib/python3.12/site-packages/django/db/models/expressions.py", line 902, in resolve_expression
    return query.resolve_ref(self.name, allow_joins, reuse, summarize)
           ^^^^^^^^^^^^^^^^^^^^^^^^^^^^^^^^^^^^^^^^^^^^^^^^^^^^^^^^^^^
  File "/home/pc/ProjectManagerDashboard/.venv/lib/python3.12/site-packages/django/db/models/sql/query.py", line 2049, in resolve_ref
    join_info = self.setup_joins(
                ^^^^^^^^^^^^^^^^^
  File "/home/pc/ProjectManagerDashboard/.venv/lib/python3.12/site-packages/django/db/models/sql/query.py", line 1900, in setup_joins
    path, final_field, targets, rest = self.names_to_path(
                                       ^^^^^^^^^^^^^^^^^^^
  File "/home/pc/ProjectManagerDashboard/.venv/lib/python3.12/site-packages/django/db/models/sql/query.py", line 1805, in names_to_path
    raise FieldError(
django.core.exceptions.FieldError: Cannot resolve keyword 'total_budget' into field. Choices are: allocation_credit_cash_charity, allocation_credit_cash_national, allocation_credit_cash_province, allocation_credit_cash_travel, allocation_credit_treasury_national, allocation_credit_treasury_province, allocation_credit_treasury_travel, allocations, area_size, cached_required_credit_contracts, cached_required_credit_project, cached_total_debt, cash_allocations, city, created_at, created_by, created_by_id, debt, estimated_opening_time, expert_reviews, financial_allocations, floor, funding_requests, gallery_images, id, is_approved, is_expert_approved, is_submitted, name, notables, overall_status, physical_progress, program, program_id, project_id, project_type, province, rejection_comments, reports, site_area, situations, subprojects, summary, treasury_allocations, update_history, updated_at, wall_length
ERROR 2026-09-29 16:33:50,734 log 5679 127335298758336 Internal Server Error: /dashboard/dashboard/province-manager/
Traceback (most recent call last):
  File "/home/pc/ProjectManagerDashboard/.venv/lib/python3.12/site-packages/django/core/handlers/exception.py", line 55, in inner
    response = get_response(request)
               ^^^^^^^^^^^^^^^^^^^^^
  File "/home/pc/ProjectManagerDashboard/.venv/lib/python3.12/site-packages/django/core/handlers/base.py", line 197, in _get_response
    response = wrapped_callback(request, *callback_args, **callback_kwargs)
               ^^^^^^^^^^^^^^^^^^^^^^^^^^^^^^^^^^^^^^^^^^^^^^^^^^^^^^^^^^^^
  File "/home/pc/ProjectManagerDashboard/.venv/lib/python3.12/site-packages/django/contrib/auth/decorators.py", line 59, in _view_wrapper
    return view_func(request, *args, **kwargs)
           ^^^^^^^^^^^^^^^^^^^^^^^^^^^^^^^^^^^
  File "/home/pc/ProjectManagerDashboard/dashboard/views.py", line 591, in province_manager_dashboard
    project_stats = user_projects.aggregate(
                    ^^^^^^^^^^^^^^^^^^^^^^^^
  File "/home/pc/ProjectManagerDashboard/.venv/lib/python3.12/site-packages/django/db/models/query.py", line 588, in aggregate
    return self.query.chain().get_aggregation(self.db, kwargs)
           ^^^^^^^^^^^^^^^^^^^^^^^^^^^^^^^^^^^^^^^^^^^^^^^^^^^
  File "/home/pc/ProjectManagerDashboard/.venv/lib/python3.12/site-packages/django/db/models/sql/query.py", line 460, in get_aggregation
    aggregate = aggregate_expr.resolve_expression(
                ^^^^^^^^^^^^^^^^^^^^^^^^^^^^^^^^^^
  File "/home/pc/ProjectManagerDashboard/.venv/lib/python3.12/site-packages/django/db/models/aggregates.py", line 63, in resolve_expression
    c = super().resolve_expression(query, allow_joins, reuse, summarize)
        ^^^^^^^^^^^^^^^^^^^^^^^^^^^^^^^^^^^^^^^^^^^^^^^^^^^^^^^^^^^^^^^^
  File "/home/pc/ProjectManagerDashboard/.venv/lib/python3.12/site-packages/django/db/models/expressions.py", line 300, in resolve_expression
    expr.resolve_expression(query, allow_joins, reuse, summarize, for_save)
  File "/home/pc/ProjectManagerDashboard/.venv/lib/python3.12/site-packages/django/db/models/expressions.py", line 902, in resolve_expression
    return query.resolve_ref(self.name, allow_joins, reuse, summarize)
           ^^^^^^^^^^^^^^^^^^^^^^^^^^^^^^^^^^^^^^^^^^^^^^^^^^^^^^^^^^^
  File "/home/pc/ProjectManagerDashboard/.venv/lib/python3.12/site-packages/django/db/models/sql/query.py", line 2049, in resolve_ref
    join_info = self.setup_joins(
                ^^^^^^^^^^^^^^^^^
  File "/home/pc/ProjectManagerDashboard/.venv/lib/python3.12/site-packages/django/db/models/sql/query.py", line 1900, in setup_joins
    path, final_field, targets, rest = self.names_to_path(
                                       ^^^^^^^^^^^^^^^^^^^
  File "/home/pc/ProjectManagerDashboard/.venv/lib/python3.12/site-packages/django/db/models/sql/query.py", line 1805, in names_to_path
    raise FieldError(
django.core.exceptions.FieldError: Cannot resolve keyword 'total_budget' into field. Choices are: allocation_credit_cash_charity, allocation_credit_cash_national, allocation_credit_cash_province, allocation_credit_cash_travel, allocation_credit_treasury_national, allocation_credit_treasury_province, allocation_credit_treasury_travel, allocations, area_size, cached_required_credit_contracts, cached_required_credit_project, cached_total_debt, cash_allocations, city, created_at, created_by, created_by_id, debt, estimated_opening_time, expert_reviews, financial_allocations, floor, funding_requests, gallery_images, id, is_approved, is_expert_approved, is_submitted, name, notables, overall_status, physical_progress, program, program_id, project_id, project_type, province, rejection_comments, reports, site_area, situations, subprojects, summary, treasury_allocations, update_history, updated_at, wall_length
ERROR 2026-09-29 16:33:50,746 basehttp 5679 127335298758336 "GET /dashboard/dashboard/province-manager/ HTTP/1.1" 500 145
ERROR 2026-09-29 16:34:32,622 log 5691 125561489848000 Internal Server Error: /dashboard/dashboard/province-manager/
Traceback (most recent call last):
  File "/home/pc/ProjectManagerDashboard/.venv/lib/python3.12/site-packages/django/core/handlers/exception.py", line 55, in inner
    response = get_response(request)
               ^^^^^^^^^^^^^^^^^^^^^
  File "/home/pc/ProjectManagerDashboard/.venv/lib/python3.12/site-packages/django/core/handlers/base.py", line 197, in _get_response
    response = wrapped_callback(request, *callback_args, **callback_kwargs)
               ^^^^^^^^^^^^^^^^^^^^^^^^^^^^^^^^^^^^^^^^^^^^^^^^^^^^^^^^^^^^
  File "/home/pc/ProjectManagerDashboard/.venv/lib/python3.12/site-packages/django/contrib/auth/decorators.py", line 59, in _view_wrapper
    return view_func(request, *args, **kwargs)
           ^^^^^^^^^^^^^^^^^^^^^^^^^^^^^^^^^^^
  File "/home/pc/ProjectManagerDashboard/dashboard/views.py", line 591, in province_manager_dashboard
    project_stats = user_projects.aggregate(
                    ^^^^^^^^^^^^^^^^^^^^^^^^
  File "/home/pc/ProjectManagerDashboard/.venv/lib/python3.12/site-packages/django/db/models/query.py", line 588, in aggregate
    return self.query.chain().get_aggregation(self.db, kwargs)
           ^^^^^^^^^^^^^^^^^^^^^^^^^^^^^^^^^^^^^^^^^^^^^^^^^^^
  File "/home/pc/ProjectManagerDashboard/.venv/lib/python3.12/site-packages/django/db/models/sql/query.py", line 460, in get_aggregation
    aggregate = aggregate_expr.resolve_expression(
                ^^^^^^^^^^^^^^^^^^^^^^^^^^^^^^^^^^
  File "/home/pc/ProjectManagerDashboard/.venv/lib/python3.12/site-packages/django/db/models/aggregates.py", line 63, in resolve_expression
    c = super().resolve_expression(query, allow_joins, reuse, summarize)
        ^^^^^^^^^^^^^^^^^^^^^^^^^^^^^^^^^^^^^^^^^^^^^^^^^^^^^^^^^^^^^^^^
  File "/home/pc/ProjectManagerDashboard/.venv/lib/python3.12/site-packages/django/db/models/expressions.py", line 300, in resolve_expression
    expr.resolve_expression(query, allow_joins, reuse, summarize, for_save)
  File "/home/pc/ProjectManagerDashboard/.venv/lib/python3.12/site-packages/django/db/models/expressions.py", line 902, in resolve_expression
    return query.resolve_ref(self.name, allow_joins, reuse, summarize)
           ^^^^^^^^^^^^^^^^^^^^^^^^^^^^^^^^^^^^^^^^^^^^^^^^^^^^^^^^^^^
  File "/home/pc/ProjectManagerDashboard/.venv/lib/python3.12/site-packages/django/db/models/sql/query.py", line 2049, in resolve_ref
    join_info = self.setup_joins(
                ^^^^^^^^^^^^^^^^^
  File "/home/pc/ProjectManagerDashboard/.venv/lib/python3.12/site-packages/django/db/models/sql/query.py", line 1900, in setup_joins
    path, final_field, targets, rest = self.names_to_path(
                                       ^^^^^^^^^^^^^^^^^^^
  File "/home/pc/ProjectManagerDashboard/.venv/lib/python3.12/site-packages/django/db/models/sql/query.py", line 1805, in names_to_path
    raise FieldError(
django.core.exceptions.FieldError: Cannot resolve keyword 'total_budget' into field. Choices are: allocation_credit_cash_charity, allocation_credit_cash_national, allocation_credit_cash_province, allocation_credit_cash_travel, allocation_credit_treasury_national, allocation_credit_treasury_province, allocation_credit_treasury_travel, allocations, area_size, cached_required_credit_contracts, cached_required_credit_project, cached_total_debt, cash_allocations, city, created_at, created_by, created_by_id, debt, estimated_opening_time, expert_reviews, financial_allocations, floor, funding_requests, gallery_images, id, is_approved, is_expert_approved, is_submitted, name, notables, overall_status, physical_progress, program, program_id, project_id, project_type, province, rejection_comments, reports, site_area, situations, subprojects, summary, treasury_allocations, update_history, updated_at, wall_length
ERROR 2026-09-29 16:34:32,622 log 5691 125561489848000 Internal Server Error: /dashboard/dashboard/province-manager/
Traceback (most recent call last):
  File "/home/pc/ProjectManagerDashboard/.venv/lib/python3.12/site-packages/django/core/handlers/exception.py", line 55, in inner
    response = get_response(request)
               ^^^^^^^^^^^^^^^^^^^^^
  File "/home/pc/ProjectManagerDashboard/.venv/lib/python3.12/site-packages/django/core/handlers/base.py", line 197, in _get_response
    response = wrapped_callback(request, *callback_args, **callback_kwargs)
               ^^^^^^^^^^^^^^^^^^^^^^^^^^^^^^^^^^^^^^^^^^^^^^^^^^^^^^^^^^^^
  File "/home/pc/ProjectManagerDashboard/.venv/lib/python3.12/site-packages/django/contrib/auth/decorators.py", line 59, in _view_wrapper
    return view_func(request, *args, **kwargs)
           ^^^^^^^^^^^^^^^^^^^^^^^^^^^^^^^^^^^
  File "/home/pc/ProjectManagerDashboard/dashboard/views.py", line 591, in province_manager_dashboard
    project_stats = user_projects.aggregate(
                    ^^^^^^^^^^^^^^^^^^^^^^^^
  File "/home/pc/ProjectManagerDashboard/.venv/lib/python3.12/site-packages/django/db/models/query.py", line 588, in aggregate
    return self.query.chain().get_aggregation(self.db, kwargs)
           ^^^^^^^^^^^^^^^^^^^^^^^^^^^^^^^^^^^^^^^^^^^^^^^^^^^
  File "/home/pc/ProjectManagerDashboard/.venv/lib/python3.12/site-packages/django/db/models/sql/query.py", line 460, in get_aggregation
    aggregate = aggregate_expr.resolve_expression(
                ^^^^^^^^^^^^^^^^^^^^^^^^^^^^^^^^^^
  File "/home/pc/ProjectManagerDashboard/.venv/lib/python3.12/site-packages/django/db/models/aggregates.py", line 63, in resolve_expression
    c = super().resolve_expression(query, allow_joins, reuse, summarize)
        ^^^^^^^^^^^^^^^^^^^^^^^^^^^^^^^^^^^^^^^^^^^^^^^^^^^^^^^^^^^^^^^^
  File "/home/pc/ProjectManagerDashboard/.venv/lib/python3.12/site-packages/django/db/models/expressions.py", line 300, in resolve_expression
    expr.resolve_expression(query, allow_joins, reuse, summarize, for_save)
  File "/home/pc/ProjectManagerDashboard/.venv/lib/python3.12/site-packages/django/db/models/expressions.py", line 902, in resolve_expression
    return query.resolve_ref(self.name, allow_joins, reuse, summarize)
           ^^^^^^^^^^^^^^^^^^^^^^^^^^^^^^^^^^^^^^^^^^^^^^^^^^^^^^^^^^^
  File "/home/pc/ProjectManagerDashboard/.venv/lib/python3.12/site-packages/django/db/models/sql/query.py", line 2049, in resolve_ref
    join_info = self.setup_joins(
                ^^^^^^^^^^^^^^^^^
  File "/home/pc/ProjectManagerDashboard/.venv/lib/python3.12/site-packages/django/db/models/sql/query.py", line 1900, in setup_joins
    path, final_field, targets, rest = self.names_to_path(
                                       ^^^^^^^^^^^^^^^^^^^
  File "/home/pc/ProjectManagerDashboard/.venv/lib/python3.12/site-packages/django/db/models/sql/query.py", line 1805, in names_to_path
    raise FieldError(
django.core.exceptions.FieldError: Cannot resolve keyword 'total_budget' into field. Choices are: allocation_credit_cash_charity, allocation_credit_cash_national, allocation_credit_cash_province, allocation_credit_cash_travel, allocation_credit_treasury_national, allocation_credit_treasury_province, allocation_credit_treasury_travel, allocations, area_size, cached_required_credit_contracts, cached_required_credit_project, cached_total_debt, cash_allocations, city, created_at, created_by, created_by_id, debt, estimated_opening_time, expert_reviews, financial_allocations, floor, funding_requests, gallery_images, id, is_approved, is_expert_approved, is_submitted, name, notables, overall_status, physical_progress, program, program_id, project_id, project_type, province, rejection_comments, reports, site_area, situations, subprojects, summary, treasury_allocations, update_history, updated_at, wall_length
ERROR 2026-09-29 16:34:32,635 basehttp 5691 125561489848000 "GET /dashboard/dashboard/province-manager/ HTTP/1.1" 500 145
ERROR 2026-09-29 16:34:36,763 log 5691 125561489848000 Internal Server Error: /dashboard/dashboard/province-manager/
Traceback (most recent call last):
  File "/home/pc/ProjectManagerDashboard/.venv/lib/python3.12/site-packages/django/core/handlers/exception.py", line 55, in inner
    response = get_response(request)
               ^^^^^^^^^^^^^^^^^^^^^
  File "/home/pc/ProjectManagerDashboard/.venv/lib/python3.12/site-packages/django/core/handlers/base.py", line 197, in _get_response
    response = wrapped_callback(request, *callback_args, **callback_kwargs)
               ^^^^^^^^^^^^^^^^^^^^^^^^^^^^^^^^^^^^^^^^^^^^^^^^^^^^^^^^^^^^
  File "/home/pc/ProjectManagerDashboard/.venv/lib/python3.12/site-packages/django/contrib/auth/decorators.py", line 59, in _view_wrapper
    return view_func(request, *args, **kwargs)
           ^^^^^^^^^^^^^^^^^^^^^^^^^^^^^^^^^^^
  File "/home/pc/ProjectManagerDashboard/dashboard/views.py", line 591, in province_manager_dashboard
    project_stats = user_projects.aggregate(
                    ^^^^^^^^^^^^^^^^^^^^^^^^
  File "/home/pc/ProjectManagerDashboard/.venv/lib/python3.12/site-packages/django/db/models/query.py", line 588, in aggregate
    return self.query.chain().get_aggregation(self.db, kwargs)
           ^^^^^^^^^^^^^^^^^^^^^^^^^^^^^^^^^^^^^^^^^^^^^^^^^^^
  File "/home/pc/ProjectManagerDashboard/.venv/lib/python3.12/site-packages/django/db/models/sql/query.py", line 460, in get_aggregation
    aggregate = aggregate_expr.resolve_expression(
                ^^^^^^^^^^^^^^^^^^^^^^^^^^^^^^^^^^
  File "/home/pc/ProjectManagerDashboard/.venv/lib/python3.12/site-packages/django/db/models/aggregates.py", line 63, in resolve_expression
    c = super().resolve_expression(query, allow_joins, reuse, summarize)
        ^^^^^^^^^^^^^^^^^^^^^^^^^^^^^^^^^^^^^^^^^^^^^^^^^^^^^^^^^^^^^^^^
  File "/home/pc/ProjectManagerDashboard/.venv/lib/python3.12/site-packages/django/db/models/expressions.py", line 300, in resolve_expression
    expr.resolve_expression(query, allow_joins, reuse, summarize, for_save)
  File "/home/pc/ProjectManagerDashboard/.venv/lib/python3.12/site-packages/django/db/models/expressions.py", line 902, in resolve_expression
    return query.resolve_ref(self.name, allow_joins, reuse, summarize)
           ^^^^^^^^^^^^^^^^^^^^^^^^^^^^^^^^^^^^^^^^^^^^^^^^^^^^^^^^^^^
  File "/home/pc/ProjectManagerDashboard/.venv/lib/python3.12/site-packages/django/db/models/sql/query.py", line 2049, in resolve_ref
    join_info = self.setup_joins(
                ^^^^^^^^^^^^^^^^^
  File "/home/pc/ProjectManagerDashboard/.venv/lib/python3.12/site-packages/django/db/models/sql/query.py", line 1900, in setup_joins
    path, final_field, targets, rest = self.names_to_path(
                                       ^^^^^^^^^^^^^^^^^^^
  File "/home/pc/ProjectManagerDashboard/.venv/lib/python3.12/site-packages/django/db/models/sql/query.py", line 1805, in names_to_path
    raise FieldError(
django.core.exceptions.FieldError: Cannot resolve keyword 'total_budget' into field. Choices are: allocation_credit_cash_charity, allocation_credit_cash_national, allocation_credit_cash_province, allocation_credit_cash_travel, allocation_credit_treasury_national, allocation_credit_treasury_province, allocation_credit_treasury_travel, allocations, area_size, cached_required_credit_contracts, cached_required_credit_project, cached_total_debt, cash_allocations, city, created_at, created_by, created_by_id, debt, estimated_opening_time, expert_reviews, financial_allocations, floor, funding_requests, gallery_images, id, is_approved, is_expert_approved, is_submitted, name, notables, overall_status, physical_progress, program, program_id, project_id, project_type, province, rejection_comments, reports, site_area, situations, subprojects, summary, treasury_allocations, update_history, updated_at, wall_length
ERROR 2026-09-29 16:34:36,763 log 5691 125561489848000 Internal Server Error: /dashboard/dashboard/province-manager/
Traceback (most recent call last):
  File "/home/pc/ProjectManagerDashboard/.venv/lib/python3.12/site-packages/django/core/handlers/exception.py", line 55, in inner
    response = get_response(request)
               ^^^^^^^^^^^^^^^^^^^^^
  File "/home/pc/ProjectManagerDashboard/.venv/lib/python3.12/site-packages/django/core/handlers/base.py", line 197, in _get_response
    response = wrapped_callback(request, *callback_args, **callback_kwargs)
               ^^^^^^^^^^^^^^^^^^^^^^^^^^^^^^^^^^^^^^^^^^^^^^^^^^^^^^^^^^^^
  File "/home/pc/ProjectManagerDashboard/.venv/lib/python3.12/site-packages/django/contrib/auth/decorators.py", line 59, in _view_wrapper
    return view_func(request, *args, **kwargs)
           ^^^^^^^^^^^^^^^^^^^^^^^^^^^^^^^^^^^
  File "/home/pc/ProjectManagerDashboard/dashboard/views.py", line 591, in province_manager_dashboard
    project_stats = user_projects.aggregate(
                    ^^^^^^^^^^^^^^^^^^^^^^^^
  File "/home/pc/ProjectManagerDashboard/.venv/lib/python3.12/site-packages/django/db/models/query.py", line 588, in aggregate
    return self.query.chain().get_aggregation(self.db, kwargs)
           ^^^^^^^^^^^^^^^^^^^^^^^^^^^^^^^^^^^^^^^^^^^^^^^^^^^
  File "/home/pc/ProjectManagerDashboard/.venv/lib/python3.12/site-packages/django/db/models/sql/query.py", line 460, in get_aggregation
    aggregate = aggregate_expr.resolve_expression(
                ^^^^^^^^^^^^^^^^^^^^^^^^^^^^^^^^^^
  File "/home/pc/ProjectManagerDashboard/.venv/lib/python3.12/site-packages/django/db/models/aggregates.py", line 63, in resolve_expression
    c = super().resolve_expression(query, allow_joins, reuse, summarize)
        ^^^^^^^^^^^^^^^^^^^^^^^^^^^^^^^^^^^^^^^^^^^^^^^^^^^^^^^^^^^^^^^^
  File "/home/pc/ProjectManagerDashboard/.venv/lib/python3.12/site-packages/django/db/models/expressions.py", line 300, in resolve_expression
    expr.resolve_expression(query, allow_joins, reuse, summarize, for_save)
  File "/home/pc/ProjectManagerDashboard/.venv/lib/python3.12/site-packages/django/db/models/expressions.py", line 902, in resolve_expression
    return query.resolve_ref(self.name, allow_joins, reuse, summarize)
           ^^^^^^^^^^^^^^^^^^^^^^^^^^^^^^^^^^^^^^^^^^^^^^^^^^^^^^^^^^^
  File "/home/pc/ProjectManagerDashboard/.venv/lib/python3.12/site-packages/django/db/models/sql/query.py", line 2049, in resolve_ref
    join_info = self.setup_joins(
                ^^^^^^^^^^^^^^^^^
  File "/home/pc/ProjectManagerDashboard/.venv/lib/python3.12/site-packages/django/db/models/sql/query.py", line 1900, in setup_joins
    path, final_field, targets, rest = self.names_to_path(
                                       ^^^^^^^^^^^^^^^^^^^
  File "/home/pc/ProjectManagerDashboard/.venv/lib/python3.12/site-packages/django/db/models/sql/query.py", line 1805, in names_to_path
    raise FieldError(
django.core.exceptions.FieldError: Cannot resolve keyword 'total_budget' into field. Choices are: allocation_credit_cash_charity, allocation_credit_cash_national, allocation_credit_cash_province, allocation_credit_cash_travel, allocation_credit_treasury_national, allocation_credit_treasury_province, allocation_credit_treasury_travel, allocations, area_size, cached_required_credit_contracts, cached_required_credit_project, cached_total_debt, cash_allocations, city, created_at, created_by, created_by_id, debt, estimated_opening_time, expert_reviews, financial_allocations, floor, funding_requests, gallery_images, id, is_approved, is_expert_approved, is_submitted, name, notables, overall_status, physical_progress, program, program_id, project_id, project_type, province, rejection_comments, reports, site_area, situations, subprojects, summary, treasury_allocations, update_history, updated_at, wall_length
ERROR 2026-09-29 16:34:36,874 basehttp 5691 125561489848000 "GET /dashboard/dashboard/province-manager/ HTTP/1.1" 500 145
ERROR 2026-09-29 17:13:59,166 log 5775 133408663533248 Internal Server Error: /dashboard/dashboard/province-manager/
Traceback (most recent call last):
  File "/home/pc/ProjectManagerDashboard/.venv/lib/python3.12/site-packages/django/core/handlers/exception.py", line 55, in inner
    response = get_response(request)
               ^^^^^^^^^^^^^^^^^^^^^
  File "/home/pc/ProjectManagerDashboard/.venv/lib/python3.12/site-packages/django/core/handlers/base.py", line 197, in _get_response
    response = wrapped_callback(request, *callback_args, **callback_kwargs)
               ^^^^^^^^^^^^^^^^^^^^^^^^^^^^^^^^^^^^^^^^^^^^^^^^^^^^^^^^^^^^
  File "/home/pc/ProjectManagerDashboard/.venv/lib/python3.12/site-packages/django/contrib/auth/decorators.py", line 59, in _view_wrapper
    return view_func(request, *args, **kwargs)
           ^^^^^^^^^^^^^^^^^^^^^^^^^^^^^^^^^^^
  File "/home/pc/ProjectManagerDashboard/dashboard/views.py", line 610, in province_manager_dashboard
    'avg': round(sum(project_progress_data) / len(project_progress_data), 1) if project_progress_data else 0,
                 ^^^^^^^^^^^^^^^^^^^^^^^^^^
TypeError: unsupported operand type(s) for +: 'int' and 'str'
ERROR 2026-09-29 17:13:59,166 log 5775 133408663533248 Internal Server Error: /dashboard/dashboard/province-manager/
Traceback (most recent call last):
  File "/home/pc/ProjectManagerDashboard/.venv/lib/python3.12/site-packages/django/core/handlers/exception.py", line 55, in inner
    response = get_response(request)
               ^^^^^^^^^^^^^^^^^^^^^
  File "/home/pc/ProjectManagerDashboard/.venv/lib/python3.12/site-packages/django/core/handlers/base.py", line 197, in _get_response
    response = wrapped_callback(request, *callback_args, **callback_kwargs)
               ^^^^^^^^^^^^^^^^^^^^^^^^^^^^^^^^^^^^^^^^^^^^^^^^^^^^^^^^^^^^
  File "/home/pc/ProjectManagerDashboard/.venv/lib/python3.12/site-packages/django/contrib/auth/decorators.py", line 59, in _view_wrapper
    return view_func(request, *args, **kwargs)
           ^^^^^^^^^^^^^^^^^^^^^^^^^^^^^^^^^^^
  File "/home/pc/ProjectManagerDashboard/dashboard/views.py", line 610, in province_manager_dashboard
    'avg': round(sum(project_progress_data) / len(project_progress_data), 1) if project_progress_data else 0,
                 ^^^^^^^^^^^^^^^^^^^^^^^^^^
TypeError: unsupported operand type(s) for +: 'int' and 'str'
ERROR 2026-09-29 17:13:59,228 basehttp 5775 133408663533248 "GET /dashboard/dashboard/province-manager/ HTTP/1.1" 500 145
ERROR 2026-09-29 17:13:59,638 log 5775 133408663533248 Internal Server Error: /dashboard/dashboard/province-manager/
Traceback (most recent call last):
  File "/home/pc/ProjectManagerDashboard/.venv/lib/python3.12/site-packages/django/core/handlers/exception.py", line 55, in inner
    response = get_response(request)
               ^^^^^^^^^^^^^^^^^^^^^
  File "/home/pc/ProjectManagerDashboard/.venv/lib/python3.12/site-packages/django/core/handlers/base.py", line 197, in _get_response
    response = wrapped_callback(request, *callback_args, **callback_kwargs)
               ^^^^^^^^^^^^^^^^^^^^^^^^^^^^^^^^^^^^^^^^^^^^^^^^^^^^^^^^^^^^
  File "/home/pc/ProjectManagerDashboard/.venv/lib/python3.12/site-packages/django/contrib/auth/decorators.py", line 59, in _view_wrapper
    return view_func(request, *args, **kwargs)
           ^^^^^^^^^^^^^^^^^^^^^^^^^^^^^^^^^^^
  File "/home/pc/ProjectManagerDashboard/dashboard/views.py", line 610, in province_manager_dashboard
    'avg': round(sum(project_progress_data) / len(project_progress_data), 1) if project_progress_data else 0,
                 ^^^^^^^^^^^^^^^^^^^^^^^^^^
TypeError: unsupported operand type(s) for +: 'int' and 'str'
ERROR 2026-09-29 17:13:59,638 log 5775 133408663533248 Internal Server Error: /dashboard/dashboard/province-manager/
Traceback (most recent call last):
  File "/home/pc/ProjectManagerDashboard/.venv/lib/python3.12/site-packages/django/core/handlers/exception.py", line 55, in inner
    response = get_response(request)
               ^^^^^^^^^^^^^^^^^^^^^
  File "/home/pc/ProjectManagerDashboard/.venv/lib/python3.12/site-packages/django/core/handlers/base.py", line 197, in _get_response
    response = wrapped_callback(request, *callback_args, **callback_kwargs)
               ^^^^^^^^^^^^^^^^^^^^^^^^^^^^^^^^^^^^^^^^^^^^^^^^^^^^^^^^^^^^
  File "/home/pc/ProjectManagerDashboard/.venv/lib/python3.12/site-packages/django/contrib/auth/decorators.py", line 59, in _view_wrapper
    return view_func(request, *args, **kwargs)
           ^^^^^^^^^^^^^^^^^^^^^^^^^^^^^^^^^^^
  File "/home/pc/ProjectManagerDashboard/dashboard/views.py", line 610, in province_manager_dashboard
    'avg': round(sum(project_progress_data) / len(project_progress_data), 1) if project_progress_data else 0,
                 ^^^^^^^^^^^^^^^^^^^^^^^^^^
TypeError: unsupported operand type(s) for +: 'int' and 'str'
ERROR 2026-09-29 17:13:59,650 basehttp 5775 133408663533248 "GET /dashboard/dashboard/province-manager/ HTTP/1.1" 500 145
ERROR 2026-09-29 17:38:52,012 log 7362 127967029479104 Internal Server Error: /dashboard/dashboard/province-manager/
Traceback (most recent call last):
  File "/home/pc/ProjectManagerDashboard/.venv/lib/python3.12/site-packages/django/core/handlers/exception.py", line 55, in inner
    response = get_response(request)
               ^^^^^^^^^^^^^^^^^^^^^
  File "/home/pc/ProjectManagerDashboard/.venv/lib/python3.12/site-packages/django/core/handlers/base.py", line 197, in _get_response
    response = wrapped_callback(request, *callback_args, **callback_kwargs)
               ^^^^^^^^^^^^^^^^^^^^^^^^^^^^^^^^^^^^^^^^^^^^^^^^^^^^^^^^^^^^
  File "/home/pc/ProjectManagerDashboard/.venv/lib/python3.12/site-packages/django/contrib/auth/decorators.py", line 59, in _view_wrapper
    return view_func(request, *args, **kwargs)
           ^^^^^^^^^^^^^^^^^^^^^^^^^^^^^^^^^^^
  File "/home/pc/ProjectManagerDashboard/dashboard/views.py", line 598, in province_manager_dashboard
    total_contract=Sum('contract_amount'),
                   ^^^
UnboundLocalError: cannot access local variable 'Sum' where it is not associated with a value
ERROR 2026-09-29 17:38:52,012 log 7362 127967029479104 Internal Server Error: /dashboard/dashboard/province-manager/
Traceback (most recent call last):
  File "/home/pc/ProjectManagerDashboard/.venv/lib/python3.12/site-packages/django/core/handlers/exception.py", line 55, in inner
    response = get_response(request)
               ^^^^^^^^^^^^^^^^^^^^^
  File "/home/pc/ProjectManagerDashboard/.venv/lib/python3.12/site-packages/django/core/handlers/base.py", line 197, in _get_response
    response = wrapped_callback(request, *callback_args, **callback_kwargs)
               ^^^^^^^^^^^^^^^^^^^^^^^^^^^^^^^^^^^^^^^^^^^^^^^^^^^^^^^^^^^^
  File "/home/pc/ProjectManagerDashboard/.venv/lib/python3.12/site-packages/django/contrib/auth/decorators.py", line 59, in _view_wrapper
    return view_func(request, *args, **kwargs)
           ^^^^^^^^^^^^^^^^^^^^^^^^^^^^^^^^^^^
  File "/home/pc/ProjectManagerDashboard/dashboard/views.py", line 598, in province_manager_dashboard
    total_contract=Sum('contract_amount'),
                   ^^^
UnboundLocalError: cannot access local variable 'Sum' where it is not associated with a value
ERROR 2026-09-29 17:38:52,151 basehttp 7362 127967029479104 "GET /dashboard/dashboard/province-manager/ HTTP/1.1" 500 145
ERROR 2026-09-29 17:38:58,012 log 7362 127967029479104 Internal Server Error: /dashboard/dashboard/province-manager/
Traceback (most recent call last):
  File "/home/pc/ProjectManagerDashboard/.venv/lib/python3.12/site-packages/django/core/handlers/exception.py", line 55, in inner
    response = get_response(request)
               ^^^^^^^^^^^^^^^^^^^^^
  File "/home/pc/ProjectManagerDashboard/.venv/lib/python3.12/site-packages/django/core/handlers/base.py", line 197, in _get_response
    response = wrapped_callback(request, *callback_args, **callback_kwargs)
               ^^^^^^^^^^^^^^^^^^^^^^^^^^^^^^^^^^^^^^^^^^^^^^^^^^^^^^^^^^^^
  File "/home/pc/ProjectManagerDashboard/.venv/lib/python3.12/site-packages/django/contrib/auth/decorators.py", line 59, in _view_wrapper
    return view_func(request, *args, **kwargs)
           ^^^^^^^^^^^^^^^^^^^^^^^^^^^^^^^^^^^
  File "/home/pc/ProjectManagerDashboard/dashboard/views.py", line 598, in province_manager_dashboard
    total_contract=Sum('contract_amount'),
                   ^^^
UnboundLocalError: cannot access local variable 'Sum' where it is not associated with a value
ERROR 2026-09-29 17:38:58,012 log 7362 127967029479104 Internal Server Error: /dashboard/dashboard/province-manager/
Traceback (most recent call last):
  File "/home/pc/ProjectManagerDashboard/.venv/lib/python3.12/site-packages/django/core/handlers/exception.py", line 55, in inner
    response = get_response(request)
               ^^^^^^^^^^^^^^^^^^^^^
  File "/home/pc/ProjectManagerDashboard/.venv/lib/python3.12/site-packages/django/core/handlers/base.py", line 197, in _get_response
    response = wrapped_callback(request, *callback_args, **callback_kwargs)
               ^^^^^^^^^^^^^^^^^^^^^^^^^^^^^^^^^^^^^^^^^^^^^^^^^^^^^^^^^^^^
  File "/home/pc/ProjectManagerDashboard/.venv/lib/python3.12/site-packages/django/contrib/auth/decorators.py", line 59, in _view_wrapper
    return view_func(request, *args, **kwargs)
           ^^^^^^^^^^^^^^^^^^^^^^^^^^^^^^^^^^^
  File "/home/pc/ProjectManagerDashboard/dashboard/views.py", line 598, in province_manager_dashboard
    total_contract=Sum('contract_amount'),
                   ^^^
UnboundLocalError: cannot access local variable 'Sum' where it is not associated with a value
ERROR 2026-09-29 17:38:58,090 basehttp 7362 127967029479104 "GET /dashboard/dashboard/province-manager/ HTTP/1.1" 500 145
ERROR 2026-09-29 17:38:58,553 log 7362 127967029479104 Internal Server Error: /dashboard/dashboard/province-manager/
Traceback (most recent call last):
  File "/home/pc/ProjectManagerDashboard/.venv/lib/python3.12/site-packages/django/core/handlers/exception.py", line 55, in inner
    response = get_response(request)
               ^^^^^^^^^^^^^^^^^^^^^
  File "/home/pc/ProjectManagerDashboard/.venv/lib/python3.12/site-packages/django/core/handlers/base.py", line 197, in _get_response
    response = wrapped_callback(request, *callback_args, **callback_kwargs)
               ^^^^^^^^^^^^^^^^^^^^^^^^^^^^^^^^^^^^^^^^^^^^^^^^^^^^^^^^^^^^
  File "/home/pc/ProjectManagerDashboard/.venv/lib/python3.12/site-packages/django/contrib/auth/decorators.py", line 59, in _view_wrapper
    return view_func(request, *args, **kwargs)
           ^^^^^^^^^^^^^^^^^^^^^^^^^^^^^^^^^^^
  File "/home/pc/ProjectManagerDashboard/dashboard/views.py", line 598, in province_manager_dashboard
    total_contract=Sum('contract_amount'),
                   ^^^
UnboundLocalError: cannot access local variable 'Sum' where it is not associated with a value
ERROR 2026-09-29 17:38:58,553 log 7362 127967029479104 Internal Server Error: /dashboard/dashboard/province-manager/
Traceback (most recent call last):
  File "/home/pc/ProjectManagerDashboard/.venv/lib/python3.12/site-packages/django/core/handlers/exception.py", line 55, in inner
    response = get_response(request)
               ^^^^^^^^^^^^^^^^^^^^^
  File "/home/pc/ProjectManagerDashboard/.venv/lib/python3.12/site-packages/django/core/handlers/base.py", line 197, in _get_response
    response = wrapped_callback(request, *callback_args, **callback_kwargs)
               ^^^^^^^^^^^^^^^^^^^^^^^^^^^^^^^^^^^^^^^^^^^^^^^^^^^^^^^^^^^^
  File "/home/pc/ProjectManagerDashboard/.venv/lib/python3.12/site-packages/django/contrib/auth/decorators.py", line 59, in _view_wrapper
    return view_func(request, *args, **kwargs)
           ^^^^^^^^^^^^^^^^^^^^^^^^^^^^^^^^^^^
  File "/home/pc/ProjectManagerDashboard/dashboard/views.py", line 598, in province_manager_dashboard
    total_contract=Sum('contract_amount'),
                   ^^^
UnboundLocalError: cannot access local variable 'Sum' where it is not associated with a value
ERROR 2026-09-29 17:38:58,683 basehttp 7362 127967029479104 "GET /dashboard/dashboard/province-manager/ HTTP/1.1" 500 145
ERROR 2026-09-29 17:39:24,517 log 7362 127966805751488 Internal Server Error: /dashboard/dashboard/province-manager/
Traceback (most recent call last):
  File "/home/pc/ProjectManagerDashboard/.venv/lib/python3.12/site-packages/django/core/handlers/exception.py", line 55, in inner
    response = get_response(request)
               ^^^^^^^^^^^^^^^^^^^^^
  File "/home/pc/ProjectManagerDashboard/.venv/lib/python3.12/site-packages/django/core/handlers/base.py", line 197, in _get_response
    response = wrapped_callback(request, *callback_args, **callback_kwargs)
               ^^^^^^^^^^^^^^^^^^^^^^^^^^^^^^^^^^^^^^^^^^^^^^^^^^^^^^^^^^^^
  File "/home/pc/ProjectManagerDashboard/.venv/lib/python3.12/site-packages/django/contrib/auth/decorators.py", line 59, in _view_wrapper
    return view_func(request, *args, **kwargs)
           ^^^^^^^^^^^^^^^^^^^^^^^^^^^^^^^^^^^
  File "/home/pc/ProjectManagerDashboard/dashboard/views.py", line 598, in province_manager_dashboard
    total_contract=Sum('contract_amount'),
                   ^^^
UnboundLocalError: cannot access local variable 'Sum' where it is not associated with a value
ERROR 2026-09-29 17:39:24,517 log 7362 127966805751488 Internal Server Error: /dashboard/dashboard/province-manager/
Traceback (most recent call last):
  File "/home/pc/ProjectManagerDashboard/.venv/lib/python3.12/site-packages/django/core/handlers/exception.py", line 55, in inner
    response = get_response(request)
               ^^^^^^^^^^^^^^^^^^^^^
  File "/home/pc/ProjectManagerDashboard/.venv/lib/python3.12/site-packages/django/core/handlers/base.py", line 197, in _get_response
    response = wrapped_callback(request, *callback_args, **callback_kwargs)
               ^^^^^^^^^^^^^^^^^^^^^^^^^^^^^^^^^^^^^^^^^^^^^^^^^^^^^^^^^^^^
  File "/home/pc/ProjectManagerDashboard/.venv/lib/python3.12/site-packages/django/contrib/auth/decorators.py", line 59, in _view_wrapper
    return view_func(request, *args, **kwargs)
           ^^^^^^^^^^^^^^^^^^^^^^^^^^^^^^^^^^^
  File "/home/pc/ProjectManagerDashboard/dashboard/views.py", line 598, in province_manager_dashboard
    total_contract=Sum('contract_amount'),
                   ^^^
UnboundLocalError: cannot access local variable 'Sum' where it is not associated with a value
ERROR 2026-09-29 17:39:24,590 basehttp 7362 127966805751488 "GET /dashboard/dashboard/province-manager/ HTTP/1.1" 500 145
ERROR 2026-09-29 17:44:34,866 log 7783 135080857405120 Internal Server Error: /dashboard/dashboard/province-manager/
Traceback (most recent call last):
  File "/home/pc/ProjectManagerDashboard/.venv/lib/python3.12/site-packages/django/core/handlers/exception.py", line 55, in inner
    response = get_response(request)
               ^^^^^^^^^^^^^^^^^^^^^
  File "/home/pc/ProjectManagerDashboard/.venv/lib/python3.12/site-packages/django/core/handlers/base.py", line 197, in _get_response
    response = wrapped_callback(request, *callback_args, **callback_kwargs)
               ^^^^^^^^^^^^^^^^^^^^^^^^^^^^^^^^^^^^^^^^^^^^^^^^^^^^^^^^^^^^
  File "/home/pc/ProjectManagerDashboard/.venv/lib/python3.12/site-packages/django/contrib/auth/decorators.py", line 59, in _view_wrapper
    return view_func(request, *args, **kwargs)
           ^^^^^^^^^^^^^^^^^^^^^^^^^^^^^^^^^^^
  File "/home/pc/ProjectManagerDashboard/dashboard/views.py", line 598, in province_manager_dashboard
    total_contract=Sum('contract_amount'),
                   ^^^
UnboundLocalError: cannot access local variable 'Sum' where it is not associated with a value
ERROR 2026-09-29 17:44:34,866 log 7783 135080857405120 Internal Server Error: /dashboard/dashboard/province-manager/
Traceback (most recent call last):
  File "/home/pc/ProjectManagerDashboard/.venv/lib/python3.12/site-packages/django/core/handlers/exception.py", line 55, in inner
    response = get_response(request)
               ^^^^^^^^^^^^^^^^^^^^^
  File "/home/pc/ProjectManagerDashboard/.venv/lib/python3.12/site-packages/django/core/handlers/base.py", line 197, in _get_response
    response = wrapped_callback(request, *callback_args, **callback_kwargs)
               ^^^^^^^^^^^^^^^^^^^^^^^^^^^^^^^^^^^^^^^^^^^^^^^^^^^^^^^^^^^^
  File "/home/pc/ProjectManagerDashboard/.venv/lib/python3.12/site-packages/django/contrib/auth/decorators.py", line 59, in _view_wrapper
    return view_func(request, *args, **kwargs)
           ^^^^^^^^^^^^^^^^^^^^^^^^^^^^^^^^^^^
  File "/home/pc/ProjectManagerDashboard/dashboard/views.py", line 598, in province_manager_dashboard
    total_contract=Sum('contract_amount'),
                   ^^^
UnboundLocalError: cannot access local variable 'Sum' where it is not associated with a value
ERROR 2026-09-29 17:44:34,988 basehttp 7783 135080857405120 "GET /dashboard/dashboard/province-manager/ HTTP/1.1" 500 145
ERROR 2026-09-29 17:45:36,736 log 7783 135080857405120 Internal Server Error: /dashboard/dashboard/province-manager/
Traceback (most recent call last):
  File "/home/pc/ProjectManagerDashboard/.venv/lib/python3.12/site-packages/django/core/handlers/exception.py", line 55, in inner
    response = get_response(request)
               ^^^^^^^^^^^^^^^^^^^^^
  File "/home/pc/ProjectManagerDashboard/.venv/lib/python3.12/site-packages/django/core/handlers/base.py", line 197, in _get_response
    response = wrapped_callback(request, *callback_args, **callback_kwargs)
               ^^^^^^^^^^^^^^^^^^^^^^^^^^^^^^^^^^^^^^^^^^^^^^^^^^^^^^^^^^^^
  File "/home/pc/ProjectManagerDashboard/.venv/lib/python3.12/site-packages/django/contrib/auth/decorators.py", line 59, in _view_wrapper
    return view_func(request, *args, **kwargs)
           ^^^^^^^^^^^^^^^^^^^^^^^^^^^^^^^^^^^
  File "/home/pc/ProjectManagerDashboard/dashboard/views.py", line 598, in province_manager_dashboard
    total_contract=Sum('contract_amount'),
                   ^^^
UnboundLocalError: cannot access local variable 'Sum' where it is not associated with a value
ERROR 2026-09-29 17:45:36,736 log 7783 135080857405120 Internal Server Error: /dashboard/dashboard/province-manager/
Traceback (most recent call last):
  File "/home/pc/ProjectManagerDashboard/.venv/lib/python3.12/site-packages/django/core/handlers/exception.py", line 55, in inner
    response = get_response(request)
               ^^^^^^^^^^^^^^^^^^^^^
  File "/home/pc/ProjectManagerDashboard/.venv/lib/python3.12/site-packages/django/core/handlers/base.py", line 197, in _get_response
    response = wrapped_callback(request, *callback_args, **callback_kwargs)
               ^^^^^^^^^^^^^^^^^^^^^^^^^^^^^^^^^^^^^^^^^^^^^^^^^^^^^^^^^^^^
  File "/home/pc/ProjectManagerDashboard/.venv/lib/python3.12/site-packages/django/contrib/auth/decorators.py", line 59, in _view_wrapper
    return view_func(request, *args, **kwargs)
           ^^^^^^^^^^^^^^^^^^^^^^^^^^^^^^^^^^^
  File "/home/pc/ProjectManagerDashboard/dashboard/views.py", line 598, in province_manager_dashboard
    total_contract=Sum('contract_amount'),
                   ^^^
UnboundLocalError: cannot access local variable 'Sum' where it is not associated with a value
ERROR 2026-09-29 17:45:36,805 basehttp 7783 135080857405120 "GET /dashboard/dashboard/province-manager/ HTTP/1.1" 500 145
ERROR 2026-09-29 17:45:37,540 log 7783 135080857405120 Internal Server Error: /dashboard/dashboard/province-manager/
Traceback (most recent call last):
  File "/home/pc/ProjectManagerDashboard/.venv/lib/python3.12/site-packages/django/core/handlers/exception.py", line 55, in inner
    response = get_response(request)
               ^^^^^^^^^^^^^^^^^^^^^
  File "/home/pc/ProjectManagerDashboard/.venv/lib/python3.12/site-packages/django/core/handlers/base.py", line 197, in _get_response
    response = wrapped_callback(request, *callback_args, **callback_kwargs)
               ^^^^^^^^^^^^^^^^^^^^^^^^^^^^^^^^^^^^^^^^^^^^^^^^^^^^^^^^^^^^
  File "/home/pc/ProjectManagerDashboard/.venv/lib/python3.12/site-packages/django/contrib/auth/decorators.py", line 59, in _view_wrapper
    return view_func(request, *args, **kwargs)
           ^^^^^^^^^^^^^^^^^^^^^^^^^^^^^^^^^^^
  File "/home/pc/ProjectManagerDashboard/dashboard/views.py", line 598, in province_manager_dashboard
    total_contract=Sum('contract_amount'),
                   ^^^
UnboundLocalError: cannot access local variable 'Sum' where it is not associated with a value
ERROR 2026-09-29 17:45:37,540 log 7783 135080857405120 Internal Server Error: /dashboard/dashboard/province-manager/
Traceback (most recent call last):
  File "/home/pc/ProjectManagerDashboard/.venv/lib/python3.12/site-packages/django/core/handlers/exception.py", line 55, in inner
    response = get_response(request)
               ^^^^^^^^^^^^^^^^^^^^^
  File "/home/pc/ProjectManagerDashboard/.venv/lib/python3.12/site-packages/django/core/handlers/base.py", line 197, in _get_response
    response = wrapped_callback(request, *callback_args, **callback_kwargs)
               ^^^^^^^^^^^^^^^^^^^^^^^^^^^^^^^^^^^^^^^^^^^^^^^^^^^^^^^^^^^^
  File "/home/pc/ProjectManagerDashboard/.venv/lib/python3.12/site-packages/django/contrib/auth/decorators.py", line 59, in _view_wrapper
    return view_func(request, *args, **kwargs)
           ^^^^^^^^^^^^^^^^^^^^^^^^^^^^^^^^^^^
  File "/home/pc/ProjectManagerDashboard/dashboard/views.py", line 598, in province_manager_dashboard
    total_contract=Sum('contract_amount'),
                   ^^^
UnboundLocalError: cannot access local variable 'Sum' where it is not associated with a value
ERROR 2026-09-29 17:45:37,672 basehttp 7783 135080857405120 "GET /dashboard/dashboard/province-manager/ HTTP/1.1" 500 145
ERROR 2026-09-29 17:46:30,484 log 7783 135080857405120 Internal Server Error: /dashboard/dashboard/province-manager/
Traceback (most recent call last):
  File "/home/pc/ProjectManagerDashboard/.venv/lib/python3.12/site-packages/django/core/handlers/exception.py", line 55, in inner
    response = get_response(request)
               ^^^^^^^^^^^^^^^^^^^^^
  File "/home/pc/ProjectManagerDashboard/.venv/lib/python3.12/site-packages/django/core/handlers/base.py", line 197, in _get_response
    response = wrapped_callback(request, *callback_args, **callback_kwargs)
               ^^^^^^^^^^^^^^^^^^^^^^^^^^^^^^^^^^^^^^^^^^^^^^^^^^^^^^^^^^^^
  File "/home/pc/ProjectManagerDashboard/.venv/lib/python3.12/site-packages/django/contrib/auth/decorators.py", line 59, in _view_wrapper
    return view_func(request, *args, **kwargs)
           ^^^^^^^^^^^^^^^^^^^^^^^^^^^^^^^^^^^
  File "/home/pc/ProjectManagerDashboard/dashboard/views.py", line 598, in province_manager_dashboard
    total_contract=Sum('contract_amount'),
                   ^^^
UnboundLocalError: cannot access local variable 'Sum' where it is not associated with a value
ERROR 2026-09-29 17:46:30,484 log 7783 135080857405120 Internal Server Error: /dashboard/dashboard/province-manager/
Traceback (most recent call last):
  File "/home/pc/ProjectManagerDashboard/.venv/lib/python3.12/site-packages/django/core/handlers/exception.py", line 55, in inner
    response = get_response(request)
               ^^^^^^^^^^^^^^^^^^^^^
  File "/home/pc/ProjectManagerDashboard/.venv/lib/python3.12/site-packages/django/core/handlers/base.py", line 197, in _get_response
    response = wrapped_callback(request, *callback_args, **callback_kwargs)
               ^^^^^^^^^^^^^^^^^^^^^^^^^^^^^^^^^^^^^^^^^^^^^^^^^^^^^^^^^^^^
  File "/home/pc/ProjectManagerDashboard/.venv/lib/python3.12/site-packages/django/contrib/auth/decorators.py", line 59, in _view_wrapper
    return view_func(request, *args, **kwargs)
           ^^^^^^^^^^^^^^^^^^^^^^^^^^^^^^^^^^^
  File "/home/pc/ProjectManagerDashboard/dashboard/views.py", line 598, in province_manager_dashboard
    total_contract=Sum('contract_amount'),
                   ^^^
UnboundLocalError: cannot access local variable 'Sum' where it is not associated with a value
ERROR 2026-09-29 17:46:30,563 basehttp 7783 135080857405120 "GET /dashboard/dashboard/province-manager/ HTTP/1.1" 500 145
ERROR 2026-09-29 17:46:31,185 log 7783 135080857405120 Internal Server Error: /dashboard/dashboard/province-manager/
Traceback (most recent call last):
  File "/home/pc/ProjectManagerDashboard/.venv/lib/python3.12/site-packages/django/core/handlers/exception.py", line 55, in inner
    response = get_response(request)
               ^^^^^^^^^^^^^^^^^^^^^
  File "/home/pc/ProjectManagerDashboard/.venv/lib/python3.12/site-packages/django/core/handlers/base.py", line 197, in _get_response
    response = wrapped_callback(request, *callback_args, **callback_kwargs)
               ^^^^^^^^^^^^^^^^^^^^^^^^^^^^^^^^^^^^^^^^^^^^^^^^^^^^^^^^^^^^
  File "/home/pc/ProjectManagerDashboard/.venv/lib/python3.12/site-packages/django/contrib/auth/decorators.py", line 59, in _view_wrapper
    return view_func(request, *args, **kwargs)
           ^^^^^^^^^^^^^^^^^^^^^^^^^^^^^^^^^^^
  File "/home/pc/ProjectManagerDashboard/dashboard/views.py", line 598, in province_manager_dashboard
    total_contract=Sum('contract_amount'),
                   ^^^
UnboundLocalError: cannot access local variable 'Sum' where it is not associated with a value
ERROR 2026-09-29 17:46:31,185 log 7783 135080857405120 Internal Server Error: /dashboard/dashboard/province-manager/
Traceback (most recent call last):
  File "/home/pc/ProjectManagerDashboard/.venv/lib/python3.12/site-packages/django/core/handlers/exception.py", line 55, in inner
    response = get_response(request)
               ^^^^^^^^^^^^^^^^^^^^^
  File "/home/pc/ProjectManagerDashboard/.venv/lib/python3.12/site-packages/django/core/handlers/base.py", line 197, in _get_response
    response = wrapped_callback(request, *callback_args, **callback_kwargs)
               ^^^^^^^^^^^^^^^^^^^^^^^^^^^^^^^^^^^^^^^^^^^^^^^^^^^^^^^^^^^^
  File "/home/pc/ProjectManagerDashboard/.venv/lib/python3.12/site-packages/django/contrib/auth/decorators.py", line 59, in _view_wrapper
    return view_func(request, *args, **kwargs)
           ^^^^^^^^^^^^^^^^^^^^^^^^^^^^^^^^^^^
  File "/home/pc/ProjectManagerDashboard/dashboard/views.py", line 598, in province_manager_dashboard
    total_contract=Sum('contract_amount'),
                   ^^^
UnboundLocalError: cannot access local variable 'Sum' where it is not associated with a value
ERROR 2026-09-29 17:46:31,198 basehttp 7783 135080857405120 "GET /dashboard/dashboard/province-manager/ HTTP/1.1" 500 145
ERROR 2026-09-29 17:46:33,668 log 7783 135080857405120 Internal Server Error: /dashboard/dashboard/province-manager/
Traceback (most recent call last):
  File "/home/pc/ProjectManagerDashboard/.venv/lib/python3.12/site-packages/django/core/handlers/exception.py", line 55, in inner
    response = get_response(request)
               ^^^^^^^^^^^^^^^^^^^^^
  File "/home/pc/ProjectManagerDashboard/.venv/lib/python3.12/site-packages/django/core/handlers/base.py", line 197, in _get_response
    response = wrapped_callback(request, *callback_args, **callback_kwargs)
               ^^^^^^^^^^^^^^^^^^^^^^^^^^^^^^^^^^^^^^^^^^^^^^^^^^^^^^^^^^^^
  File "/home/pc/ProjectManagerDashboard/.venv/lib/python3.12/site-packages/django/contrib/auth/decorators.py", line 59, in _view_wrapper
    return view_func(request, *args, **kwargs)
           ^^^^^^^^^^^^^^^^^^^^^^^^^^^^^^^^^^^
  File "/home/pc/ProjectManagerDashboard/dashboard/views.py", line 598, in province_manager_dashboard
    total_contract=Sum('contract_amount'),
                   ^^^
UnboundLocalError: cannot access local variable 'Sum' where it is not associated with a value
ERROR 2026-09-29 17:46:33,668 log 7783 135080857405120 Internal Server Error: /dashboard/dashboard/province-manager/
Traceback (most recent call last):
  File "/home/pc/ProjectManagerDashboard/.venv/lib/python3.12/site-packages/django/core/handlers/exception.py", line 55, in inner
    response = get_response(request)
               ^^^^^^^^^^^^^^^^^^^^^
  File "/home/pc/ProjectManagerDashboard/.venv/lib/python3.12/site-packages/django/core/handlers/base.py", line 197, in _get_response
    response = wrapped_callback(request, *callback_args, **callback_kwargs)
               ^^^^^^^^^^^^^^^^^^^^^^^^^^^^^^^^^^^^^^^^^^^^^^^^^^^^^^^^^^^^
  File "/home/pc/ProjectManagerDashboard/.venv/lib/python3.12/site-packages/django/contrib/auth/decorators.py", line 59, in _view_wrapper
    return view_func(request, *args, **kwargs)
           ^^^^^^^^^^^^^^^^^^^^^^^^^^^^^^^^^^^
  File "/home/pc/ProjectManagerDashboard/dashboard/views.py", line 598, in province_manager_dashboard
    total_contract=Sum('contract_amount'),
                   ^^^
UnboundLocalError: cannot access local variable 'Sum' where it is not associated with a value
ERROR 2026-09-29 17:46:33,732 basehttp 7783 135080857405120 "GET /dashboard/dashboard/province-manager/ HTTP/1.1" 500 145
ERROR 2026-09-29 17:46:34,071 log 7783 135080857405120 Internal Server Error: /dashboard/dashboard/province-manager/
Traceback (most recent call last):
  File "/home/pc/ProjectManagerDashboard/.venv/lib/python3.12/site-packages/django/core/handlers/exception.py", line 55, in inner
    response = get_response(request)
               ^^^^^^^^^^^^^^^^^^^^^
  File "/home/pc/ProjectManagerDashboard/.venv/lib/python3.12/site-packages/django/core/handlers/base.py", line 197, in _get_response
    response = wrapped_callback(request, *callback_args, **callback_kwargs)
               ^^^^^^^^^^^^^^^^^^^^^^^^^^^^^^^^^^^^^^^^^^^^^^^^^^^^^^^^^^^^
  File "/home/pc/ProjectManagerDashboard/.venv/lib/python3.12/site-packages/django/contrib/auth/decorators.py", line 59, in _view_wrapper
    return view_func(request, *args, **kwargs)
           ^^^^^^^^^^^^^^^^^^^^^^^^^^^^^^^^^^^
  File "/home/pc/ProjectManagerDashboard/dashboard/views.py", line 598, in province_manager_dashboard
    total_contract=Sum('contract_amount'),
                   ^^^
UnboundLocalError: cannot access local variable 'Sum' where it is not associated with a value
ERROR 2026-09-29 17:46:34,071 log 7783 135080857405120 Internal Server Error: /dashboard/dashboard/province-manager/
Traceback (most recent call last):
  File "/home/pc/ProjectManagerDashboard/.venv/lib/python3.12/site-packages/django/core/handlers/exception.py", line 55, in inner
    response = get_response(request)
               ^^^^^^^^^^^^^^^^^^^^^
  File "/home/pc/ProjectManagerDashboard/.venv/lib/python3.12/site-packages/django/core/handlers/base.py", line 197, in _get_response
    response = wrapped_callback(request, *callback_args, **callback_kwargs)
               ^^^^^^^^^^^^^^^^^^^^^^^^^^^^^^^^^^^^^^^^^^^^^^^^^^^^^^^^^^^^
  File "/home/pc/ProjectManagerDashboard/.venv/lib/python3.12/site-packages/django/contrib/auth/decorators.py", line 59, in _view_wrapper
    return view_func(request, *args, **kwargs)
           ^^^^^^^^^^^^^^^^^^^^^^^^^^^^^^^^^^^
  File "/home/pc/ProjectManagerDashboard/dashboard/views.py", line 598, in province_manager_dashboard
    total_contract=Sum('contract_amount'),
                   ^^^
UnboundLocalError: cannot access local variable 'Sum' where it is not associated with a value
ERROR 2026-09-29 17:46:34,085 basehttp 7783 135080857405120 "GET /dashboard/dashboard/province-manager/ HTTP/1.1" 500 145
ERROR 2026-09-29 17:46:37,187 log 7783 135080857405120 Internal Server Error: /dashboard/dashboard/province-manager/
Traceback (most recent call last):
  File "/home/pc/ProjectManagerDashboard/.venv/lib/python3.12/site-packages/django/core/handlers/exception.py", line 55, in inner
    response = get_response(request)
               ^^^^^^^^^^^^^^^^^^^^^
  File "/home/pc/ProjectManagerDashboard/.venv/lib/python3.12/site-packages/django/core/handlers/base.py", line 197, in _get_response
    response = wrapped_callback(request, *callback_args, **callback_kwargs)
               ^^^^^^^^^^^^^^^^^^^^^^^^^^^^^^^^^^^^^^^^^^^^^^^^^^^^^^^^^^^^
  File "/home/pc/ProjectManagerDashboard/.venv/lib/python3.12/site-packages/django/contrib/auth/decorators.py", line 59, in _view_wrapper
    return view_func(request, *args, **kwargs)
           ^^^^^^^^^^^^^^^^^^^^^^^^^^^^^^^^^^^
  File "/home/pc/ProjectManagerDashboard/dashboard/views.py", line 598, in province_manager_dashboard
    total_contract=Sum('contract_amount'),
                   ^^^
UnboundLocalError: cannot access local variable 'Sum' where it is not associated with a value
ERROR 2026-09-29 17:46:37,187 log 7783 135080857405120 Internal Server Error: /dashboard/dashboard/province-manager/
Traceback (most recent call last):
  File "/home/pc/ProjectManagerDashboard/.venv/lib/python3.12/site-packages/django/core/handlers/exception.py", line 55, in inner
    response = get_response(request)
               ^^^^^^^^^^^^^^^^^^^^^
  File "/home/pc/ProjectManagerDashboard/.venv/lib/python3.12/site-packages/django/core/handlers/base.py", line 197, in _get_response
    response = wrapped_callback(request, *callback_args, **callback_kwargs)
               ^^^^^^^^^^^^^^^^^^^^^^^^^^^^^^^^^^^^^^^^^^^^^^^^^^^^^^^^^^^^
  File "/home/pc/ProjectManagerDashboard/.venv/lib/python3.12/site-packages/django/contrib/auth/decorators.py", line 59, in _view_wrapper
    return view_func(request, *args, **kwargs)
           ^^^^^^^^^^^^^^^^^^^^^^^^^^^^^^^^^^^
  File "/home/pc/ProjectManagerDashboard/dashboard/views.py", line 598, in province_manager_dashboard
    total_contract=Sum('contract_amount'),
                   ^^^
UnboundLocalError: cannot access local variable 'Sum' where it is not associated with a value
ERROR 2026-09-29 17:46:37,313 basehttp 7783 135080857405120 "GET /dashboard/dashboard/province-manager/ HTTP/1.1" 500 145
ERROR 2026-09-29 17:46:38,041 log 7783 135080857405120 Internal Server Error: /dashboard/dashboard/province-manager/
Traceback (most recent call last):
  File "/home/pc/ProjectManagerDashboard/.venv/lib/python3.12/site-packages/django/core/handlers/exception.py", line 55, in inner
    response = get_response(request)
               ^^^^^^^^^^^^^^^^^^^^^
  File "/home/pc/ProjectManagerDashboard/.venv/lib/python3.12/site-packages/django/core/handlers/base.py", line 197, in _get_response
    response = wrapped_callback(request, *callback_args, **callback_kwargs)
               ^^^^^^^^^^^^^^^^^^^^^^^^^^^^^^^^^^^^^^^^^^^^^^^^^^^^^^^^^^^^
  File "/home/pc/ProjectManagerDashboard/.venv/lib/python3.12/site-packages/django/contrib/auth/decorators.py", line 59, in _view_wrapper
    return view_func(request, *args, **kwargs)
           ^^^^^^^^^^^^^^^^^^^^^^^^^^^^^^^^^^^
  File "/home/pc/ProjectManagerDashboard/dashboard/views.py", line 598, in province_manager_dashboard
    total_contract=Sum('contract_amount'),
                   ^^^
UnboundLocalError: cannot access local variable 'Sum' where it is not associated with a value
ERROR 2026-09-29 17:46:38,041 log 7783 135080857405120 Internal Server Error: /dashboard/dashboard/province-manager/
Traceback (most recent call last):
  File "/home/pc/ProjectManagerDashboard/.venv/lib/python3.12/site-packages/django/core/handlers/exception.py", line 55, in inner
    response = get_response(request)
               ^^^^^^^^^^^^^^^^^^^^^
  File "/home/pc/ProjectManagerDashboard/.venv/lib/python3.12/site-packages/django/core/handlers/base.py", line 197, in _get_response
    response = wrapped_callback(request, *callback_args, **callback_kwargs)
               ^^^^^^^^^^^^^^^^^^^^^^^^^^^^^^^^^^^^^^^^^^^^^^^^^^^^^^^^^^^^
  File "/home/pc/ProjectManagerDashboard/.venv/lib/python3.12/site-packages/django/contrib/auth/decorators.py", line 59, in _view_wrapper
    return view_func(request, *args, **kwargs)
           ^^^^^^^^^^^^^^^^^^^^^^^^^^^^^^^^^^^
  File "/home/pc/ProjectManagerDashboard/dashboard/views.py", line 598, in province_manager_dashboard
    total_contract=Sum('contract_amount'),
                   ^^^
UnboundLocalError: cannot access local variable 'Sum' where it is not associated with a value
ERROR 2026-09-29 17:46:38,056 basehttp 7783 135080857405120 "GET /dashboard/dashboard/province-manager/ HTTP/1.1" 500 145
ERROR 2026-09-29 17:46:42,849 log 7783 135080857405120 Internal Server Error: /dashboard/dashboard/province-manager/
Traceback (most recent call last):
  File "/home/pc/ProjectManagerDashboard/.venv/lib/python3.12/site-packages/django/core/handlers/exception.py", line 55, in inner
    response = get_response(request)
               ^^^^^^^^^^^^^^^^^^^^^
  File "/home/pc/ProjectManagerDashboard/.venv/lib/python3.12/site-packages/django/core/handlers/base.py", line 197, in _get_response
    response = wrapped_callback(request, *callback_args, **callback_kwargs)
               ^^^^^^^^^^^^^^^^^^^^^^^^^^^^^^^^^^^^^^^^^^^^^^^^^^^^^^^^^^^^
  File "/home/pc/ProjectManagerDashboard/.venv/lib/python3.12/site-packages/django/contrib/auth/decorators.py", line 59, in _view_wrapper
    return view_func(request, *args, **kwargs)
           ^^^^^^^^^^^^^^^^^^^^^^^^^^^^^^^^^^^
  File "/home/pc/ProjectManagerDashboard/dashboard/views.py", line 598, in province_manager_dashboard
    total_contract=Sum('contract_amount'),
                   ^^^
UnboundLocalError: cannot access local variable 'Sum' where it is not associated with a value
ERROR 2026-09-29 17:46:42,849 log 7783 135080857405120 Internal Server Error: /dashboard/dashboard/province-manager/
Traceback (most recent call last):
  File "/home/pc/ProjectManagerDashboard/.venv/lib/python3.12/site-packages/django/core/handlers/exception.py", line 55, in inner
    response = get_response(request)
               ^^^^^^^^^^^^^^^^^^^^^
  File "/home/pc/ProjectManagerDashboard/.venv/lib/python3.12/site-packages/django/core/handlers/base.py", line 197, in _get_response
    response = wrapped_callback(request, *callback_args, **callback_kwargs)
               ^^^^^^^^^^^^^^^^^^^^^^^^^^^^^^^^^^^^^^^^^^^^^^^^^^^^^^^^^^^^
  File "/home/pc/ProjectManagerDashboard/.venv/lib/python3.12/site-packages/django/contrib/auth/decorators.py", line 59, in _view_wrapper
    return view_func(request, *args, **kwargs)
           ^^^^^^^^^^^^^^^^^^^^^^^^^^^^^^^^^^^
  File "/home/pc/ProjectManagerDashboard/dashboard/views.py", line 598, in province_manager_dashboard
    total_contract=Sum('contract_amount'),
                   ^^^
UnboundLocalError: cannot access local variable 'Sum' where it is not associated with a value
ERROR 2026-09-29 17:46:42,863 basehttp 7783 135080857405120 "GET /dashboard/dashboard/province-manager/ HTTP/1.1" 500 145
ERROR 2026-09-29 17:46:43,559 log 7783 135080857405120 Internal Server Error: /dashboard/dashboard/province-manager/
Traceback (most recent call last):
  File "/home/pc/ProjectManagerDashboard/.venv/lib/python3.12/site-packages/django/core/handlers/exception.py", line 55, in inner
    response = get_response(request)
               ^^^^^^^^^^^^^^^^^^^^^
  File "/home/pc/ProjectManagerDashboard/.venv/lib/python3.12/site-packages/django/core/handlers/base.py", line 197, in _get_response
    response = wrapped_callback(request, *callback_args, **callback_kwargs)
               ^^^^^^^^^^^^^^^^^^^^^^^^^^^^^^^^^^^^^^^^^^^^^^^^^^^^^^^^^^^^
  File "/home/pc/ProjectManagerDashboard/.venv/lib/python3.12/site-packages/django/contrib/auth/decorators.py", line 59, in _view_wrapper
    return view_func(request, *args, **kwargs)
           ^^^^^^^^^^^^^^^^^^^^^^^^^^^^^^^^^^^
  File "/home/pc/ProjectManagerDashboard/dashboard/views.py", line 598, in province_manager_dashboard
    total_contract=Sum('contract_amount'),
                   ^^^
UnboundLocalError: cannot access local variable 'Sum' where it is not associated with a value
ERROR 2026-09-29 17:46:43,559 log 7783 135080857405120 Internal Server Error: /dashboard/dashboard/province-manager/
Traceback (most recent call last):
  File "/home/pc/ProjectManagerDashboard/.venv/lib/python3.12/site-packages/django/core/handlers/exception.py", line 55, in inner
    response = get_response(request)
               ^^^^^^^^^^^^^^^^^^^^^
  File "/home/pc/ProjectManagerDashboard/.venv/lib/python3.12/site-packages/django/core/handlers/base.py", line 197, in _get_response
    response = wrapped_callback(request, *callback_args, **callback_kwargs)
               ^^^^^^^^^^^^^^^^^^^^^^^^^^^^^^^^^^^^^^^^^^^^^^^^^^^^^^^^^^^^
  File "/home/pc/ProjectManagerDashboard/.venv/lib/python3.12/site-packages/django/contrib/auth/decorators.py", line 59, in _view_wrapper
    return view_func(request, *args, **kwargs)
           ^^^^^^^^^^^^^^^^^^^^^^^^^^^^^^^^^^^
  File "/home/pc/ProjectManagerDashboard/dashboard/views.py", line 598, in province_manager_dashboard
    total_contract=Sum('contract_amount'),
                   ^^^
UnboundLocalError: cannot access local variable 'Sum' where it is not associated with a value
ERROR 2026-09-29 17:46:43,619 basehttp 7783 135080857405120 "GET /dashboard/dashboard/province-manager/ HTTP/1.1" 500 145
ERROR 2026-09-29 17:50:25,626 log 7783 135080857405120 Internal Server Error: /dashboard/dashboard/province-manager/
Traceback (most recent call last):
  File "/home/pc/ProjectManagerDashboard/.venv/lib/python3.12/site-packages/django/core/handlers/exception.py", line 55, in inner
    response = get_response(request)
               ^^^^^^^^^^^^^^^^^^^^^
  File "/home/pc/ProjectManagerDashboard/.venv/lib/python3.12/site-packages/django/core/handlers/base.py", line 197, in _get_response
    response = wrapped_callback(request, *callback_args, **callback_kwargs)
               ^^^^^^^^^^^^^^^^^^^^^^^^^^^^^^^^^^^^^^^^^^^^^^^^^^^^^^^^^^^^
  File "/home/pc/ProjectManagerDashboard/.venv/lib/python3.12/site-packages/django/contrib/auth/decorators.py", line 59, in _view_wrapper
    return view_func(request, *args, **kwargs)
           ^^^^^^^^^^^^^^^^^^^^^^^^^^^^^^^^^^^
  File "/home/pc/ProjectManagerDashboard/dashboard/views.py", line 598, in province_manager_dashboard
    total_contract=Sum('contract_amount'),
                   ^^^
UnboundLocalError: cannot access local variable 'Sum' where it is not associated with a value
ERROR 2026-09-29 17:50:25,626 log 7783 135080857405120 Internal Server Error: /dashboard/dashboard/province-manager/
Traceback (most recent call last):
  File "/home/pc/ProjectManagerDashboard/.venv/lib/python3.12/site-packages/django/core/handlers/exception.py", line 55, in inner
    response = get_response(request)
               ^^^^^^^^^^^^^^^^^^^^^
  File "/home/pc/ProjectManagerDashboard/.venv/lib/python3.12/site-packages/django/core/handlers/base.py", line 197, in _get_response
    response = wrapped_callback(request, *callback_args, **callback_kwargs)
               ^^^^^^^^^^^^^^^^^^^^^^^^^^^^^^^^^^^^^^^^^^^^^^^^^^^^^^^^^^^^
  File "/home/pc/ProjectManagerDashboard/.venv/lib/python3.12/site-packages/django/contrib/auth/decorators.py", line 59, in _view_wrapper
    return view_func(request, *args, **kwargs)
           ^^^^^^^^^^^^^^^^^^^^^^^^^^^^^^^^^^^
  File "/home/pc/ProjectManagerDashboard/dashboard/views.py", line 598, in province_manager_dashboard
    total_contract=Sum('contract_amount'),
                   ^^^
UnboundLocalError: cannot access local variable 'Sum' where it is not associated with a value
ERROR 2026-09-29 17:50:25,705 basehttp 7783 135080857405120 "GET /dashboard/dashboard/province-manager/ HTTP/1.1" 500 145
ERROR 2026-09-29 17:50:43,931 log 8009 139962801608384 Internal Server Error: /dashboard/dashboard/province-manager/
Traceback (most recent call last):
  File "/home/pc/ProjectManagerDashboard/.venv/lib/python3.12/site-packages/django/core/handlers/exception.py", line 55, in inner
    response = get_response(request)
               ^^^^^^^^^^^^^^^^^^^^^
  File "/home/pc/ProjectManagerDashboard/.venv/lib/python3.12/site-packages/django/core/handlers/base.py", line 197, in _get_response
    response = wrapped_callback(request, *callback_args, **callback_kwargs)
               ^^^^^^^^^^^^^^^^^^^^^^^^^^^^^^^^^^^^^^^^^^^^^^^^^^^^^^^^^^^^
  File "/home/pc/ProjectManagerDashboard/.venv/lib/python3.12/site-packages/django/contrib/auth/decorators.py", line 59, in _view_wrapper
    return view_func(request, *args, **kwargs)
           ^^^^^^^^^^^^^^^^^^^^^^^^^^^^^^^^^^^
  File "/home/pc/ProjectManagerDashboard/dashboard/views.py", line 598, in province_manager_dashboard
    total_contract=Sum('contract_amount'),
                   ^^^
UnboundLocalError: cannot access local variable 'Sum' where it is not associated with a value
ERROR 2026-09-29 17:50:43,931 log 8009 139962801608384 Internal Server Error: /dashboard/dashboard/province-manager/
Traceback (most recent call last):
  File "/home/pc/ProjectManagerDashboard/.venv/lib/python3.12/site-packages/django/core/handlers/exception.py", line 55, in inner
    response = get_response(request)
               ^^^^^^^^^^^^^^^^^^^^^
  File "/home/pc/ProjectManagerDashboard/.venv/lib/python3.12/site-packages/django/core/handlers/base.py", line 197, in _get_response
    response = wrapped_callback(request, *callback_args, **callback_kwargs)
               ^^^^^^^^^^^^^^^^^^^^^^^^^^^^^^^^^^^^^^^^^^^^^^^^^^^^^^^^^^^^
  File "/home/pc/ProjectManagerDashboard/.venv/lib/python3.12/site-packages/django/contrib/auth/decorators.py", line 59, in _view_wrapper
    return view_func(request, *args, **kwargs)
           ^^^^^^^^^^^^^^^^^^^^^^^^^^^^^^^^^^^
  File "/home/pc/ProjectManagerDashboard/dashboard/views.py", line 598, in province_manager_dashboard
    total_contract=Sum('contract_amount'),
                   ^^^
UnboundLocalError: cannot access local variable 'Sum' where it is not associated with a value
ERROR 2026-09-29 17:50:44,058 basehttp 8009 139962801608384 "GET /dashboard/dashboard/province-manager/ HTTP/1.1" 500 145
ERROR 2026-09-29 17:50:46,195 log 8009 139962801608384 Internal Server Error: /dashboard/dashboard/province-manager/
Traceback (most recent call last):
  File "/home/pc/ProjectManagerDashboard/.venv/lib/python3.12/site-packages/django/core/handlers/exception.py", line 55, in inner
    response = get_response(request)
               ^^^^^^^^^^^^^^^^^^^^^
  File "/home/pc/ProjectManagerDashboard/.venv/lib/python3.12/site-packages/django/core/handlers/base.py", line 197, in _get_response
    response = wrapped_callback(request, *callback_args, **callback_kwargs)
               ^^^^^^^^^^^^^^^^^^^^^^^^^^^^^^^^^^^^^^^^^^^^^^^^^^^^^^^^^^^^
  File "/home/pc/ProjectManagerDashboard/.venv/lib/python3.12/site-packages/django/contrib/auth/decorators.py", line 59, in _view_wrapper
    return view_func(request, *args, **kwargs)
           ^^^^^^^^^^^^^^^^^^^^^^^^^^^^^^^^^^^
  File "/home/pc/ProjectManagerDashboard/dashboard/views.py", line 598, in province_manager_dashboard
    total_contract=Sum('contract_amount'),
                   ^^^
UnboundLocalError: cannot access local variable 'Sum' where it is not associated with a value
ERROR 2026-09-29 17:50:46,195 log 8009 139962801608384 Internal Server Error: /dashboard/dashboard/province-manager/
Traceback (most recent call last):
  File "/home/pc/ProjectManagerDashboard/.venv/lib/python3.12/site-packages/django/core/handlers/exception.py", line 55, in inner
    response = get_response(request)
               ^^^^^^^^^^^^^^^^^^^^^
  File "/home/pc/ProjectManagerDashboard/.venv/lib/python3.12/site-packages/django/core/handlers/base.py", line 197, in _get_response
    response = wrapped_callback(request, *callback_args, **callback_kwargs)
               ^^^^^^^^^^^^^^^^^^^^^^^^^^^^^^^^^^^^^^^^^^^^^^^^^^^^^^^^^^^^
  File "/home/pc/ProjectManagerDashboard/.venv/lib/python3.12/site-packages/django/contrib/auth/decorators.py", line 59, in _view_wrapper
    return view_func(request, *args, **kwargs)
           ^^^^^^^^^^^^^^^^^^^^^^^^^^^^^^^^^^^
  File "/home/pc/ProjectManagerDashboard/dashboard/views.py", line 598, in province_manager_dashboard
    total_contract=Sum('contract_amount'),
                   ^^^
UnboundLocalError: cannot access local variable 'Sum' where it is not associated with a value
ERROR 2026-09-29 17:50:46,206 basehttp 8009 139962801608384 "GET /dashboard/dashboard/province-manager/ HTTP/1.1" 500 145
ERROR 2026-09-29 17:54:23,770 log 8009 139962801608384 Internal Server Error: /dashboard/dashboard/province-manager/
Traceback (most recent call last):
  File "/home/pc/ProjectManagerDashboard/.venv/lib/python3.12/site-packages/django/core/handlers/exception.py", line 55, in inner
    response = get_response(request)
               ^^^^^^^^^^^^^^^^^^^^^
  File "/home/pc/ProjectManagerDashboard/.venv/lib/python3.12/site-packages/django/core/handlers/base.py", line 197, in _get_response
    response = wrapped_callback(request, *callback_args, **callback_kwargs)
               ^^^^^^^^^^^^^^^^^^^^^^^^^^^^^^^^^^^^^^^^^^^^^^^^^^^^^^^^^^^^
  File "/home/pc/ProjectManagerDashboard/.venv/lib/python3.12/site-packages/django/contrib/auth/decorators.py", line 59, in _view_wrapper
    return view_func(request, *args, **kwargs)
           ^^^^^^^^^^^^^^^^^^^^^^^^^^^^^^^^^^^
  File "/home/pc/ProjectManagerDashboard/dashboard/views.py", line 598, in province_manager_dashboard
    total_contract=Sum('contract_amount'),
                   ^^^
UnboundLocalError: cannot access local variable 'Sum' where it is not associated with a value
ERROR 2026-09-29 17:54:23,770 log 8009 139962801608384 Internal Server Error: /dashboard/dashboard/province-manager/
Traceback (most recent call last):
  File "/home/pc/ProjectManagerDashboard/.venv/lib/python3.12/site-packages/django/core/handlers/exception.py", line 55, in inner
    response = get_response(request)
               ^^^^^^^^^^^^^^^^^^^^^
  File "/home/pc/ProjectManagerDashboard/.venv/lib/python3.12/site-packages/django/core/handlers/base.py", line 197, in _get_response
    response = wrapped_callback(request, *callback_args, **callback_kwargs)
               ^^^^^^^^^^^^^^^^^^^^^^^^^^^^^^^^^^^^^^^^^^^^^^^^^^^^^^^^^^^^
  File "/home/pc/ProjectManagerDashboard/.venv/lib/python3.12/site-packages/django/contrib/auth/decorators.py", line 59, in _view_wrapper
    return view_func(request, *args, **kwargs)
           ^^^^^^^^^^^^^^^^^^^^^^^^^^^^^^^^^^^
  File "/home/pc/ProjectManagerDashboard/dashboard/views.py", line 598, in province_manager_dashboard
    total_contract=Sum('contract_amount'),
                   ^^^
UnboundLocalError: cannot access local variable 'Sum' where it is not associated with a value
ERROR 2026-09-29 17:54:23,781 basehttp 8009 139962801608384 "GET /dashboard/dashboard/province-manager/ HTTP/1.1" 500 145
ERROR 2026-09-29 17:55:15,148 log 8009 139962801608384 Internal Server Error: /dashboard/dashboard/province-manager/
Traceback (most recent call last):
  File "/home/pc/ProjectManagerDashboard/.venv/lib/python3.12/site-packages/django/core/handlers/exception.py", line 55, in inner
    response = get_response(request)
               ^^^^^^^^^^^^^^^^^^^^^
  File "/home/pc/ProjectManagerDashboard/.venv/lib/python3.12/site-packages/django/core/handlers/base.py", line 197, in _get_response
    response = wrapped_callback(request, *callback_args, **callback_kwargs)
               ^^^^^^^^^^^^^^^^^^^^^^^^^^^^^^^^^^^^^^^^^^^^^^^^^^^^^^^^^^^^
  File "/home/pc/ProjectManagerDashboard/.venv/lib/python3.12/site-packages/django/contrib/auth/decorators.py", line 59, in _view_wrapper
    return view_func(request, *args, **kwargs)
           ^^^^^^^^^^^^^^^^^^^^^^^^^^^^^^^^^^^
  File "/home/pc/ProjectManagerDashboard/dashboard/views.py", line 598, in province_manager_dashboard
    total_contract=Sum('contract_amount'),
                   ^^^
UnboundLocalError: cannot access local variable 'Sum' where it is not associated with a value
ERROR 2026-09-29 17:55:15,148 log 8009 139962801608384 Internal Server Error: /dashboard/dashboard/province-manager/
Traceback (most recent call last):
  File "/home/pc/ProjectManagerDashboard/.venv/lib/python3.12/site-packages/django/core/handlers/exception.py", line 55, in inner
    response = get_response(request)
               ^^^^^^^^^^^^^^^^^^^^^
  File "/home/pc/ProjectManagerDashboard/.venv/lib/python3.12/site-packages/django/core/handlers/base.py", line 197, in _get_response
    response = wrapped_callback(request, *callback_args, **callback_kwargs)
               ^^^^^^^^^^^^^^^^^^^^^^^^^^^^^^^^^^^^^^^^^^^^^^^^^^^^^^^^^^^^
  File "/home/pc/ProjectManagerDashboard/.venv/lib/python3.12/site-packages/django/contrib/auth/decorators.py", line 59, in _view_wrapper
    return view_func(request, *args, **kwargs)
           ^^^^^^^^^^^^^^^^^^^^^^^^^^^^^^^^^^^
  File "/home/pc/ProjectManagerDashboard/dashboard/views.py", line 598, in province_manager_dashboard
    total_contract=Sum('contract_amount'),
                   ^^^
UnboundLocalError: cannot access local variable 'Sum' where it is not associated with a value
ERROR 2026-09-29 17:55:15,170 basehttp 8009 139962801608384 "GET /dashboard/dashboard/province-manager/ HTTP/1.1" 500 145
ERROR 2026-09-29 17:59:08,253 log 8349 128595647669952 Internal Server Error: /dashboard/dashboard/province-manager/
Traceback (most recent call last):
  File "/home/pc/ProjectManagerDashboard/.venv/lib/python3.12/site-packages/django/core/handlers/exception.py", line 55, in inner
    response = get_response(request)
               ^^^^^^^^^^^^^^^^^^^^^
  File "/home/pc/ProjectManagerDashboard/.venv/lib/python3.12/site-packages/django/core/handlers/base.py", line 197, in _get_response
    response = wrapped_callback(request, *callback_args, **callback_kwargs)
               ^^^^^^^^^^^^^^^^^^^^^^^^^^^^^^^^^^^^^^^^^^^^^^^^^^^^^^^^^^^^
  File "/home/pc/ProjectManagerDashboard/.venv/lib/python3.12/site-packages/django/contrib/auth/decorators.py", line 59, in _view_wrapper
    return view_func(request, *args, **kwargs)
           ^^^^^^^^^^^^^^^^^^^^^^^^^^^^^^^^^^^
  File "/home/pc/ProjectManagerDashboard/dashboard/views.py", line 597, in province_manager_dashboard
    programs_financial = user_programs.aggregate(
                         ^^^^^^^^^^^^^^^^^^^^^^^^
  File "/home/pc/ProjectManagerDashboard/.venv/lib/python3.12/site-packages/django/db/models/query.py", line 588, in aggregate
    return self.query.chain().get_aggregation(self.db, kwargs)
           ^^^^^^^^^^^^^^^^^^^^^^^^^^^^^^^^^^^^^^^^^^^^^^^^^^^
  File "/home/pc/ProjectManagerDashboard/.venv/lib/python3.12/site-packages/django/db/models/sql/query.py", line 460, in get_aggregation
    aggregate = aggregate_expr.resolve_expression(
                ^^^^^^^^^^^^^^^^^^^^^^^^^^^^^^^^^^
  File "/home/pc/ProjectManagerDashboard/.venv/lib/python3.12/site-packages/django/db/models/aggregates.py", line 63, in resolve_expression
    c = super().resolve_expression(query, allow_joins, reuse, summarize)
        ^^^^^^^^^^^^^^^^^^^^^^^^^^^^^^^^^^^^^^^^^^^^^^^^^^^^^^^^^^^^^^^^
  File "/home/pc/ProjectManagerDashboard/.venv/lib/python3.12/site-packages/django/db/models/expressions.py", line 300, in resolve_expression
    expr.resolve_expression(query, allow_joins, reuse, summarize, for_save)
  File "/home/pc/ProjectManagerDashboard/.venv/lib/python3.12/site-packages/django/db/models/expressions.py", line 902, in resolve_expression
    return query.resolve_ref(self.name, allow_joins, reuse, summarize)
           ^^^^^^^^^^^^^^^^^^^^^^^^^^^^^^^^^^^^^^^^^^^^^^^^^^^^^^^^^^^
  File "/home/pc/ProjectManagerDashboard/.venv/lib/python3.12/site-packages/django/db/models/sql/query.py", line 2049, in resolve_ref
    join_info = self.setup_joins(
                ^^^^^^^^^^^^^^^^^
  File "/home/pc/ProjectManagerDashboard/.venv/lib/python3.12/site-packages/django/db/models/sql/query.py", line 1900, in setup_joins
    path, final_field, targets, rest = self.names_to_path(
                                       ^^^^^^^^^^^^^^^^^^^
  File "/home/pc/ProjectManagerDashboard/.venv/lib/python3.12/site-packages/django/db/models/sql/query.py", line 1805, in names_to_path
    raise FieldError(
django.core.exceptions.FieldError: Cannot resolve keyword 'contract_amount' into field. Choices are: address, city, created_at, created_by, created_by_id, description, id, is_approved, is_expert_approved, is_submitted, latitude, license_code, license_state, longitude, program_id, program_opening_date, program_type, projects, province, rejection_comments, title, update_history, updated_at
ERROR 2026-09-29 17:59:08,253 log 8349 128595647669952 Internal Server Error: /dashboard/dashboard/province-manager/
Traceback (most recent call last):
  File "/home/pc/ProjectManagerDashboard/.venv/lib/python3.12/site-packages/django/core/handlers/exception.py", line 55, in inner
    response = get_response(request)
               ^^^^^^^^^^^^^^^^^^^^^
  File "/home/pc/ProjectManagerDashboard/.venv/lib/python3.12/site-packages/django/core/handlers/base.py", line 197, in _get_response
    response = wrapped_callback(request, *callback_args, **callback_kwargs)
               ^^^^^^^^^^^^^^^^^^^^^^^^^^^^^^^^^^^^^^^^^^^^^^^^^^^^^^^^^^^^
  File "/home/pc/ProjectManagerDashboard/.venv/lib/python3.12/site-packages/django/contrib/auth/decorators.py", line 59, in _view_wrapper
    return view_func(request, *args, **kwargs)
           ^^^^^^^^^^^^^^^^^^^^^^^^^^^^^^^^^^^
  File "/home/pc/ProjectManagerDashboard/dashboard/views.py", line 597, in province_manager_dashboard
    programs_financial = user_programs.aggregate(
                         ^^^^^^^^^^^^^^^^^^^^^^^^
  File "/home/pc/ProjectManagerDashboard/.venv/lib/python3.12/site-packages/django/db/models/query.py", line 588, in aggregate
    return self.query.chain().get_aggregation(self.db, kwargs)
           ^^^^^^^^^^^^^^^^^^^^^^^^^^^^^^^^^^^^^^^^^^^^^^^^^^^
  File "/home/pc/ProjectManagerDashboard/.venv/lib/python3.12/site-packages/django/db/models/sql/query.py", line 460, in get_aggregation
    aggregate = aggregate_expr.resolve_expression(
                ^^^^^^^^^^^^^^^^^^^^^^^^^^^^^^^^^^
  File "/home/pc/ProjectManagerDashboard/.venv/lib/python3.12/site-packages/django/db/models/aggregates.py", line 63, in resolve_expression
    c = super().resolve_expression(query, allow_joins, reuse, summarize)
        ^^^^^^^^^^^^^^^^^^^^^^^^^^^^^^^^^^^^^^^^^^^^^^^^^^^^^^^^^^^^^^^^
  File "/home/pc/ProjectManagerDashboard/.venv/lib/python3.12/site-packages/django/db/models/expressions.py", line 300, in resolve_expression
    expr.resolve_expression(query, allow_joins, reuse, summarize, for_save)
  File "/home/pc/ProjectManagerDashboard/.venv/lib/python3.12/site-packages/django/db/models/expressions.py", line 902, in resolve_expression
    return query.resolve_ref(self.name, allow_joins, reuse, summarize)
           ^^^^^^^^^^^^^^^^^^^^^^^^^^^^^^^^^^^^^^^^^^^^^^^^^^^^^^^^^^^
  File "/home/pc/ProjectManagerDashboard/.venv/lib/python3.12/site-packages/django/db/models/sql/query.py", line 2049, in resolve_ref
    join_info = self.setup_joins(
                ^^^^^^^^^^^^^^^^^
  File "/home/pc/ProjectManagerDashboard/.venv/lib/python3.12/site-packages/django/db/models/sql/query.py", line 1900, in setup_joins
    path, final_field, targets, rest = self.names_to_path(
                                       ^^^^^^^^^^^^^^^^^^^
  File "/home/pc/ProjectManagerDashboard/.venv/lib/python3.12/site-packages/django/db/models/sql/query.py", line 1805, in names_to_path
    raise FieldError(
django.core.exceptions.FieldError: Cannot resolve keyword 'contract_amount' into field. Choices are: address, city, created_at, created_by, created_by_id, description, id, is_approved, is_expert_approved, is_submitted, latitude, license_code, license_state, longitude, program_id, program_opening_date, program_type, projects, province, rejection_comments, title, update_history, updated_at
ERROR 2026-09-29 17:59:08,405 basehttp 8349 128595647669952 "GET /dashboard/dashboard/province-manager/ HTTP/1.1" 500 145
ERROR 2026-09-29 17:59:08,652 log 8349 128595647669952 Internal Server Error: /dashboard/dashboard/province-manager/
Traceback (most recent call last):
  File "/home/pc/ProjectManagerDashboard/.venv/lib/python3.12/site-packages/django/core/handlers/exception.py", line 55, in inner
    response = get_response(request)
               ^^^^^^^^^^^^^^^^^^^^^
  File "/home/pc/ProjectManagerDashboard/.venv/lib/python3.12/site-packages/django/core/handlers/base.py", line 197, in _get_response
    response = wrapped_callback(request, *callback_args, **callback_kwargs)
               ^^^^^^^^^^^^^^^^^^^^^^^^^^^^^^^^^^^^^^^^^^^^^^^^^^^^^^^^^^^^
  File "/home/pc/ProjectManagerDashboard/.venv/lib/python3.12/site-packages/django/contrib/auth/decorators.py", line 59, in _view_wrapper
    return view_func(request, *args, **kwargs)
           ^^^^^^^^^^^^^^^^^^^^^^^^^^^^^^^^^^^
  File "/home/pc/ProjectManagerDashboard/dashboard/views.py", line 597, in province_manager_dashboard
    programs_financial = user_programs.aggregate(
                         ^^^^^^^^^^^^^^^^^^^^^^^^
  File "/home/pc/ProjectManagerDashboard/.venv/lib/python3.12/site-packages/django/db/models/query.py", line 588, in aggregate
    return self.query.chain().get_aggregation(self.db, kwargs)
           ^^^^^^^^^^^^^^^^^^^^^^^^^^^^^^^^^^^^^^^^^^^^^^^^^^^
  File "/home/pc/ProjectManagerDashboard/.venv/lib/python3.12/site-packages/django/db/models/sql/query.py", line 460, in get_aggregation
    aggregate = aggregate_expr.resolve_expression(
                ^^^^^^^^^^^^^^^^^^^^^^^^^^^^^^^^^^
  File "/home/pc/ProjectManagerDashboard/.venv/lib/python3.12/site-packages/django/db/models/aggregates.py", line 63, in resolve_expression
    c = super().resolve_expression(query, allow_joins, reuse, summarize)
        ^^^^^^^^^^^^^^^^^^^^^^^^^^^^^^^^^^^^^^^^^^^^^^^^^^^^^^^^^^^^^^^^
  File "/home/pc/ProjectManagerDashboard/.venv/lib/python3.12/site-packages/django/db/models/expressions.py", line 300, in resolve_expression
    expr.resolve_expression(query, allow_joins, reuse, summarize, for_save)
  File "/home/pc/ProjectManagerDashboard/.venv/lib/python3.12/site-packages/django/db/models/expressions.py", line 902, in resolve_expression
    return query.resolve_ref(self.name, allow_joins, reuse, summarize)
           ^^^^^^^^^^^^^^^^^^^^^^^^^^^^^^^^^^^^^^^^^^^^^^^^^^^^^^^^^^^
  File "/home/pc/ProjectManagerDashboard/.venv/lib/python3.12/site-packages/django/db/models/sql/query.py", line 2049, in resolve_ref
    join_info = self.setup_joins(
                ^^^^^^^^^^^^^^^^^
  File "/home/pc/ProjectManagerDashboard/.venv/lib/python3.12/site-packages/django/db/models/sql/query.py", line 1900, in setup_joins
    path, final_field, targets, rest = self.names_to_path(
                                       ^^^^^^^^^^^^^^^^^^^
  File "/home/pc/ProjectManagerDashboard/.venv/lib/python3.12/site-packages/django/db/models/sql/query.py", line 1805, in names_to_path
    raise FieldError(
django.core.exceptions.FieldError: Cannot resolve keyword 'contract_amount' into field. Choices are: address, city, created_at, created_by, created_by_id, description, id, is_approved, is_expert_approved, is_submitted, latitude, license_code, license_state, longitude, program_id, program_opening_date, program_type, projects, province, rejection_comments, title, update_history, updated_at
ERROR 2026-09-29 17:59:08,652 log 8349 128595647669952 Internal Server Error: /dashboard/dashboard/province-manager/
Traceback (most recent call last):
  File "/home/pc/ProjectManagerDashboard/.venv/lib/python3.12/site-packages/django/core/handlers/exception.py", line 55, in inner
    response = get_response(request)
               ^^^^^^^^^^^^^^^^^^^^^
  File "/home/pc/ProjectManagerDashboard/.venv/lib/python3.12/site-packages/django/core/handlers/base.py", line 197, in _get_response
    response = wrapped_callback(request, *callback_args, **callback_kwargs)
               ^^^^^^^^^^^^^^^^^^^^^^^^^^^^^^^^^^^^^^^^^^^^^^^^^^^^^^^^^^^^
  File "/home/pc/ProjectManagerDashboard/.venv/lib/python3.12/site-packages/django/contrib/auth/decorators.py", line 59, in _view_wrapper
    return view_func(request, *args, **kwargs)
           ^^^^^^^^^^^^^^^^^^^^^^^^^^^^^^^^^^^
  File "/home/pc/ProjectManagerDashboard/dashboard/views.py", line 597, in province_manager_dashboard
    programs_financial = user_programs.aggregate(
                         ^^^^^^^^^^^^^^^^^^^^^^^^
  File "/home/pc/ProjectManagerDashboard/.venv/lib/python3.12/site-packages/django/db/models/query.py", line 588, in aggregate
    return self.query.chain().get_aggregation(self.db, kwargs)
           ^^^^^^^^^^^^^^^^^^^^^^^^^^^^^^^^^^^^^^^^^^^^^^^^^^^
  File "/home/pc/ProjectManagerDashboard/.venv/lib/python3.12/site-packages/django/db/models/sql/query.py", line 460, in get_aggregation
    aggregate = aggregate_expr.resolve_expression(
                ^^^^^^^^^^^^^^^^^^^^^^^^^^^^^^^^^^
  File "/home/pc/ProjectManagerDashboard/.venv/lib/python3.12/site-packages/django/db/models/aggregates.py", line 63, in resolve_expression
    c = super().resolve_expression(query, allow_joins, reuse, summarize)
        ^^^^^^^^^^^^^^^^^^^^^^^^^^^^^^^^^^^^^^^^^^^^^^^^^^^^^^^^^^^^^^^^
  File "/home/pc/ProjectManagerDashboard/.venv/lib/python3.12/site-packages/django/db/models/expressions.py", line 300, in resolve_expression
    expr.resolve_expression(query, allow_joins, reuse, summarize, for_save)
  File "/home/pc/ProjectManagerDashboard/.venv/lib/python3.12/site-packages/django/db/models/expressions.py", line 902, in resolve_expression
    return query.resolve_ref(self.name, allow_joins, reuse, summarize)
           ^^^^^^^^^^^^^^^^^^^^^^^^^^^^^^^^^^^^^^^^^^^^^^^^^^^^^^^^^^^
  File "/home/pc/ProjectManagerDashboard/.venv/lib/python3.12/site-packages/django/db/models/sql/query.py", line 2049, in resolve_ref
    join_info = self.setup_joins(
                ^^^^^^^^^^^^^^^^^
  File "/home/pc/ProjectManagerDashboard/.venv/lib/python3.12/site-packages/django/db/models/sql/query.py", line 1900, in setup_joins
    path, final_field, targets, rest = self.names_to_path(
                                       ^^^^^^^^^^^^^^^^^^^
  File "/home/pc/ProjectManagerDashboard/.venv/lib/python3.12/site-packages/django/db/models/sql/query.py", line 1805, in names_to_path
    raise FieldError(
django.core.exceptions.FieldError: Cannot resolve keyword 'contract_amount' into field. Choices are: address, city, created_at, created_by, created_by_id, description, id, is_approved, is_expert_approved, is_submitted, latitude, license_code, license_state, longitude, program_id, program_opening_date, program_type, projects, province, rejection_comments, title, update_history, updated_at
ERROR 2026-09-29 17:59:08,720 basehttp 8349 128595647669952 "GET /dashboard/dashboard/province-manager/ HTTP/1.1" 500 145
ERROR 2026-09-29 17:59:08,971 log 8349 128595647669952 Internal Server Error: /dashboard/dashboard/province-manager/
Traceback (most recent call last):
  File "/home/pc/ProjectManagerDashboard/.venv/lib/python3.12/site-packages/django/core/handlers/exception.py", line 55, in inner
    response = get_response(request)
               ^^^^^^^^^^^^^^^^^^^^^
  File "/home/pc/ProjectManagerDashboard/.venv/lib/python3.12/site-packages/django/core/handlers/base.py", line 197, in _get_response
    response = wrapped_callback(request, *callback_args, **callback_kwargs)
               ^^^^^^^^^^^^^^^^^^^^^^^^^^^^^^^^^^^^^^^^^^^^^^^^^^^^^^^^^^^^
  File "/home/pc/ProjectManagerDashboard/.venv/lib/python3.12/site-packages/django/contrib/auth/decorators.py", line 59, in _view_wrapper
    return view_func(request, *args, **kwargs)
           ^^^^^^^^^^^^^^^^^^^^^^^^^^^^^^^^^^^
  File "/home/pc/ProjectManagerDashboard/dashboard/views.py", line 597, in province_manager_dashboard
    programs_financial = user_programs.aggregate(
                         ^^^^^^^^^^^^^^^^^^^^^^^^
  File "/home/pc/ProjectManagerDashboard/.venv/lib/python3.12/site-packages/django/db/models/query.py", line 588, in aggregate
    return self.query.chain().get_aggregation(self.db, kwargs)
           ^^^^^^^^^^^^^^^^^^^^^^^^^^^^^^^^^^^^^^^^^^^^^^^^^^^
  File "/home/pc/ProjectManagerDashboard/.venv/lib/python3.12/site-packages/django/db/models/sql/query.py", line 460, in get_aggregation
    aggregate = aggregate_expr.resolve_expression(
                ^^^^^^^^^^^^^^^^^^^^^^^^^^^^^^^^^^
  File "/home/pc/ProjectManagerDashboard/.venv/lib/python3.12/site-packages/django/db/models/aggregates.py", line 63, in resolve_expression
    c = super().resolve_expression(query, allow_joins, reuse, summarize)
        ^^^^^^^^^^^^^^^^^^^^^^^^^^^^^^^^^^^^^^^^^^^^^^^^^^^^^^^^^^^^^^^^
  File "/home/pc/ProjectManagerDashboard/.venv/lib/python3.12/site-packages/django/db/models/expressions.py", line 300, in resolve_expression
    expr.resolve_expression(query, allow_joins, reuse, summarize, for_save)
  File "/home/pc/ProjectManagerDashboard/.venv/lib/python3.12/site-packages/django/db/models/expressions.py", line 902, in resolve_expression
    return query.resolve_ref(self.name, allow_joins, reuse, summarize)
           ^^^^^^^^^^^^^^^^^^^^^^^^^^^^^^^^^^^^^^^^^^^^^^^^^^^^^^^^^^^
  File "/home/pc/ProjectManagerDashboard/.venv/lib/python3.12/site-packages/django/db/models/sql/query.py", line 2049, in resolve_ref
    join_info = self.setup_joins(
                ^^^^^^^^^^^^^^^^^
  File "/home/pc/ProjectManagerDashboard/.venv/lib/python3.12/site-packages/django/db/models/sql/query.py", line 1900, in setup_joins
    path, final_field, targets, rest = self.names_to_path(
                                       ^^^^^^^^^^^^^^^^^^^
  File "/home/pc/ProjectManagerDashboard/.venv/lib/python3.12/site-packages/django/db/models/sql/query.py", line 1805, in names_to_path
    raise FieldError(
django.core.exceptions.FieldError: Cannot resolve keyword 'contract_amount' into field. Choices are: address, city, created_at, created_by, created_by_id, description, id, is_approved, is_expert_approved, is_submitted, latitude, license_code, license_state, longitude, program_id, program_opening_date, program_type, projects, province, rejection_comments, title, update_history, updated_at
ERROR 2026-09-29 17:59:08,971 log 8349 128595647669952 Internal Server Error: /dashboard/dashboard/province-manager/
Traceback (most recent call last):
  File "/home/pc/ProjectManagerDashboard/.venv/lib/python3.12/site-packages/django/core/handlers/exception.py", line 55, in inner
    response = get_response(request)
               ^^^^^^^^^^^^^^^^^^^^^
  File "/home/pc/ProjectManagerDashboard/.venv/lib/python3.12/site-packages/django/core/handlers/base.py", line 197, in _get_response
    response = wrapped_callback(request, *callback_args, **callback_kwargs)
               ^^^^^^^^^^^^^^^^^^^^^^^^^^^^^^^^^^^^^^^^^^^^^^^^^^^^^^^^^^^^
  File "/home/pc/ProjectManagerDashboard/.venv/lib/python3.12/site-packages/django/contrib/auth/decorators.py", line 59, in _view_wrapper
    return view_func(request, *args, **kwargs)
           ^^^^^^^^^^^^^^^^^^^^^^^^^^^^^^^^^^^
  File "/home/pc/ProjectManagerDashboard/dashboard/views.py", line 597, in province_manager_dashboard
    programs_financial = user_programs.aggregate(
                         ^^^^^^^^^^^^^^^^^^^^^^^^
  File "/home/pc/ProjectManagerDashboard/.venv/lib/python3.12/site-packages/django/db/models/query.py", line 588, in aggregate
    return self.query.chain().get_aggregation(self.db, kwargs)
           ^^^^^^^^^^^^^^^^^^^^^^^^^^^^^^^^^^^^^^^^^^^^^^^^^^^
  File "/home/pc/ProjectManagerDashboard/.venv/lib/python3.12/site-packages/django/db/models/sql/query.py", line 460, in get_aggregation
    aggregate = aggregate_expr.resolve_expression(
                ^^^^^^^^^^^^^^^^^^^^^^^^^^^^^^^^^^
  File "/home/pc/ProjectManagerDashboard/.venv/lib/python3.12/site-packages/django/db/models/aggregates.py", line 63, in resolve_expression
    c = super().resolve_expression(query, allow_joins, reuse, summarize)
        ^^^^^^^^^^^^^^^^^^^^^^^^^^^^^^^^^^^^^^^^^^^^^^^^^^^^^^^^^^^^^^^^
  File "/home/pc/ProjectManagerDashboard/.venv/lib/python3.12/site-packages/django/db/models/expressions.py", line 300, in resolve_expression
    expr.resolve_expression(query, allow_joins, reuse, summarize, for_save)
  File "/home/pc/ProjectManagerDashboard/.venv/lib/python3.12/site-packages/django/db/models/expressions.py", line 902, in resolve_expression
    return query.resolve_ref(self.name, allow_joins, reuse, summarize)
           ^^^^^^^^^^^^^^^^^^^^^^^^^^^^^^^^^^^^^^^^^^^^^^^^^^^^^^^^^^^
  File "/home/pc/ProjectManagerDashboard/.venv/lib/python3.12/site-packages/django/db/models/sql/query.py", line 2049, in resolve_ref
    join_info = self.setup_joins(
                ^^^^^^^^^^^^^^^^^
  File "/home/pc/ProjectManagerDashboard/.venv/lib/python3.12/site-packages/django/db/models/sql/query.py", line 1900, in setup_joins
    path, final_field, targets, rest = self.names_to_path(
                                       ^^^^^^^^^^^^^^^^^^^
  File "/home/pc/ProjectManagerDashboard/.venv/lib/python3.12/site-packages/django/db/models/sql/query.py", line 1805, in names_to_path
    raise FieldError(
django.core.exceptions.FieldError: Cannot resolve keyword 'contract_amount' into field. Choices are: address, city, created_at, created_by, created_by_id, description, id, is_approved, is_expert_approved, is_submitted, latitude, license_code, license_state, longitude, program_id, program_opening_date, program_type, projects, province, rejection_comments, title, update_history, updated_at
ERROR 2026-09-29 17:59:09,109 basehttp 8349 128595647669952 "GET /dashboard/dashboard/province-manager/ HTTP/1.1" 500 145
ERROR 2026-09-29 18:00:34,387 log 8952 132451279042240 Internal Server Error: /dashboard/dashboard/province-manager/
Traceback (most recent call last):
  File "/home/pc/ProjectManagerDashboard/.venv/lib/python3.12/site-packages/django/core/handlers/exception.py", line 55, in inner
    response = get_response(request)
               ^^^^^^^^^^^^^^^^^^^^^
  File "/home/pc/ProjectManagerDashboard/.venv/lib/python3.12/site-packages/django/core/handlers/base.py", line 197, in _get_response
    response = wrapped_callback(request, *callback_args, **callback_kwargs)
               ^^^^^^^^^^^^^^^^^^^^^^^^^^^^^^^^^^^^^^^^^^^^^^^^^^^^^^^^^^^^
  File "/home/pc/ProjectManagerDashboard/.venv/lib/python3.12/site-packages/django/contrib/auth/decorators.py", line 59, in _view_wrapper
    return view_func(request, *args, **kwargs)
           ^^^^^^^^^^^^^^^^^^^^^^^^^^^^^^^^^^^
  File "/home/pc/ProjectManagerDashboard/dashboard/views.py", line 597, in province_manager_dashboard
    programs_financial = user_programs.aggregate(
                         ^^^^^^^^^^^^^^^^^^^^^^^^
  File "/home/pc/ProjectManagerDashboard/.venv/lib/python3.12/site-packages/django/db/models/query.py", line 588, in aggregate
    return self.query.chain().get_aggregation(self.db, kwargs)
           ^^^^^^^^^^^^^^^^^^^^^^^^^^^^^^^^^^^^^^^^^^^^^^^^^^^
  File "/home/pc/ProjectManagerDashboard/.venv/lib/python3.12/site-packages/django/db/models/sql/query.py", line 460, in get_aggregation
    aggregate = aggregate_expr.resolve_expression(
                ^^^^^^^^^^^^^^^^^^^^^^^^^^^^^^^^^^
  File "/home/pc/ProjectManagerDashboard/.venv/lib/python3.12/site-packages/django/db/models/aggregates.py", line 63, in resolve_expression
    c = super().resolve_expression(query, allow_joins, reuse, summarize)
        ^^^^^^^^^^^^^^^^^^^^^^^^^^^^^^^^^^^^^^^^^^^^^^^^^^^^^^^^^^^^^^^^
  File "/home/pc/ProjectManagerDashboard/.venv/lib/python3.12/site-packages/django/db/models/expressions.py", line 300, in resolve_expression
    expr.resolve_expression(query, allow_joins, reuse, summarize, for_save)
  File "/home/pc/ProjectManagerDashboard/.venv/lib/python3.12/site-packages/django/db/models/expressions.py", line 902, in resolve_expression
    return query.resolve_ref(self.name, allow_joins, reuse, summarize)
           ^^^^^^^^^^^^^^^^^^^^^^^^^^^^^^^^^^^^^^^^^^^^^^^^^^^^^^^^^^^
  File "/home/pc/ProjectManagerDashboard/.venv/lib/python3.12/site-packages/django/db/models/sql/query.py", line 2049, in resolve_ref
    join_info = self.setup_joins(
                ^^^^^^^^^^^^^^^^^
  File "/home/pc/ProjectManagerDashboard/.venv/lib/python3.12/site-packages/django/db/models/sql/query.py", line 1900, in setup_joins
    path, final_field, targets, rest = self.names_to_path(
                                       ^^^^^^^^^^^^^^^^^^^
  File "/home/pc/ProjectManagerDashboard/.venv/lib/python3.12/site-packages/django/db/models/sql/query.py", line 1805, in names_to_path
    raise FieldError(
django.core.exceptions.FieldError: Cannot resolve keyword 'contract_amount' into field. Choices are: address, city, created_at, created_by, created_by_id, description, id, is_approved, is_expert_approved, is_submitted, latitude, license_code, license_state, longitude, program_id, program_opening_date, program_type, projects, province, rejection_comments, title, update_history, updated_at
ERROR 2026-09-29 18:00:34,387 log 8952 132451279042240 Internal Server Error: /dashboard/dashboard/province-manager/
Traceback (most recent call last):
  File "/home/pc/ProjectManagerDashboard/.venv/lib/python3.12/site-packages/django/core/handlers/exception.py", line 55, in inner
    response = get_response(request)
               ^^^^^^^^^^^^^^^^^^^^^
  File "/home/pc/ProjectManagerDashboard/.venv/lib/python3.12/site-packages/django/core/handlers/base.py", line 197, in _get_response
    response = wrapped_callback(request, *callback_args, **callback_kwargs)
               ^^^^^^^^^^^^^^^^^^^^^^^^^^^^^^^^^^^^^^^^^^^^^^^^^^^^^^^^^^^^
  File "/home/pc/ProjectManagerDashboard/.venv/lib/python3.12/site-packages/django/contrib/auth/decorators.py", line 59, in _view_wrapper
    return view_func(request, *args, **kwargs)
           ^^^^^^^^^^^^^^^^^^^^^^^^^^^^^^^^^^^
  File "/home/pc/ProjectManagerDashboard/dashboard/views.py", line 597, in province_manager_dashboard
    programs_financial = user_programs.aggregate(
                         ^^^^^^^^^^^^^^^^^^^^^^^^
  File "/home/pc/ProjectManagerDashboard/.venv/lib/python3.12/site-packages/django/db/models/query.py", line 588, in aggregate
    return self.query.chain().get_aggregation(self.db, kwargs)
           ^^^^^^^^^^^^^^^^^^^^^^^^^^^^^^^^^^^^^^^^^^^^^^^^^^^
  File "/home/pc/ProjectManagerDashboard/.venv/lib/python3.12/site-packages/django/db/models/sql/query.py", line 460, in get_aggregation
    aggregate = aggregate_expr.resolve_expression(
                ^^^^^^^^^^^^^^^^^^^^^^^^^^^^^^^^^^
  File "/home/pc/ProjectManagerDashboard/.venv/lib/python3.12/site-packages/django/db/models/aggregates.py", line 63, in resolve_expression
    c = super().resolve_expression(query, allow_joins, reuse, summarize)
        ^^^^^^^^^^^^^^^^^^^^^^^^^^^^^^^^^^^^^^^^^^^^^^^^^^^^^^^^^^^^^^^^
  File "/home/pc/ProjectManagerDashboard/.venv/lib/python3.12/site-packages/django/db/models/expressions.py", line 300, in resolve_expression
    expr.resolve_expression(query, allow_joins, reuse, summarize, for_save)
  File "/home/pc/ProjectManagerDashboard/.venv/lib/python3.12/site-packages/django/db/models/expressions.py", line 902, in resolve_expression
    return query.resolve_ref(self.name, allow_joins, reuse, summarize)
           ^^^^^^^^^^^^^^^^^^^^^^^^^^^^^^^^^^^^^^^^^^^^^^^^^^^^^^^^^^^
  File "/home/pc/ProjectManagerDashboard/.venv/lib/python3.12/site-packages/django/db/models/sql/query.py", line 2049, in resolve_ref
    join_info = self.setup_joins(
                ^^^^^^^^^^^^^^^^^
  File "/home/pc/ProjectManagerDashboard/.venv/lib/python3.12/site-packages/django/db/models/sql/query.py", line 1900, in setup_joins
    path, final_field, targets, rest = self.names_to_path(
                                       ^^^^^^^^^^^^^^^^^^^
  File "/home/pc/ProjectManagerDashboard/.venv/lib/python3.12/site-packages/django/db/models/sql/query.py", line 1805, in names_to_path
    raise FieldError(
django.core.exceptions.FieldError: Cannot resolve keyword 'contract_amount' into field. Choices are: address, city, created_at, created_by, created_by_id, description, id, is_approved, is_expert_approved, is_submitted, latitude, license_code, license_state, longitude, program_id, program_opening_date, program_type, projects, province, rejection_comments, title, update_history, updated_at
ERROR 2026-09-29 18:00:34,466 basehttp 8952 132451279042240 "GET /dashboard/dashboard/province-manager/ HTTP/1.1" 500 145
ERROR 2026-09-29 18:00:34,958 log 8952 132451279042240 Internal Server Error: /dashboard/dashboard/province-manager/
Traceback (most recent call last):
  File "/home/pc/ProjectManagerDashboard/.venv/lib/python3.12/site-packages/django/core/handlers/exception.py", line 55, in inner
    response = get_response(request)
               ^^^^^^^^^^^^^^^^^^^^^
  File "/home/pc/ProjectManagerDashboard/.venv/lib/python3.12/site-packages/django/core/handlers/base.py", line 197, in _get_response
    response = wrapped_callback(request, *callback_args, **callback_kwargs)
               ^^^^^^^^^^^^^^^^^^^^^^^^^^^^^^^^^^^^^^^^^^^^^^^^^^^^^^^^^^^^
  File "/home/pc/ProjectManagerDashboard/.venv/lib/python3.12/site-packages/django/contrib/auth/decorators.py", line 59, in _view_wrapper
    return view_func(request, *args, **kwargs)
           ^^^^^^^^^^^^^^^^^^^^^^^^^^^^^^^^^^^
  File "/home/pc/ProjectManagerDashboard/dashboard/views.py", line 597, in province_manager_dashboard
    programs_financial = user_programs.aggregate(
                         ^^^^^^^^^^^^^^^^^^^^^^^^
  File "/home/pc/ProjectManagerDashboard/.venv/lib/python3.12/site-packages/django/db/models/query.py", line 588, in aggregate
    return self.query.chain().get_aggregation(self.db, kwargs)
           ^^^^^^^^^^^^^^^^^^^^^^^^^^^^^^^^^^^^^^^^^^^^^^^^^^^
  File "/home/pc/ProjectManagerDashboard/.venv/lib/python3.12/site-packages/django/db/models/sql/query.py", line 460, in get_aggregation
    aggregate = aggregate_expr.resolve_expression(
                ^^^^^^^^^^^^^^^^^^^^^^^^^^^^^^^^^^
  File "/home/pc/ProjectManagerDashboard/.venv/lib/python3.12/site-packages/django/db/models/aggregates.py", line 63, in resolve_expression
    c = super().resolve_expression(query, allow_joins, reuse, summarize)
        ^^^^^^^^^^^^^^^^^^^^^^^^^^^^^^^^^^^^^^^^^^^^^^^^^^^^^^^^^^^^^^^^
  File "/home/pc/ProjectManagerDashboard/.venv/lib/python3.12/site-packages/django/db/models/expressions.py", line 300, in resolve_expression
    expr.resolve_expression(query, allow_joins, reuse, summarize, for_save)
  File "/home/pc/ProjectManagerDashboard/.venv/lib/python3.12/site-packages/django/db/models/expressions.py", line 902, in resolve_expression
    return query.resolve_ref(self.name, allow_joins, reuse, summarize)
           ^^^^^^^^^^^^^^^^^^^^^^^^^^^^^^^^^^^^^^^^^^^^^^^^^^^^^^^^^^^
  File "/home/pc/ProjectManagerDashboard/.venv/lib/python3.12/site-packages/django/db/models/sql/query.py", line 2049, in resolve_ref
    join_info = self.setup_joins(
                ^^^^^^^^^^^^^^^^^
  File "/home/pc/ProjectManagerDashboard/.venv/lib/python3.12/site-packages/django/db/models/sql/query.py", line 1900, in setup_joins
    path, final_field, targets, rest = self.names_to_path(
                                       ^^^^^^^^^^^^^^^^^^^
  File "/home/pc/ProjectManagerDashboard/.venv/lib/python3.12/site-packages/django/db/models/sql/query.py", line 1805, in names_to_path
    raise FieldError(
django.core.exceptions.FieldError: Cannot resolve keyword 'contract_amount' into field. Choices are: address, city, created_at, created_by, created_by_id, description, id, is_approved, is_expert_approved, is_submitted, latitude, license_code, license_state, longitude, program_id, program_opening_date, program_type, projects, province, rejection_comments, title, update_history, updated_at
ERROR 2026-09-29 18:00:34,958 log 8952 132451279042240 Internal Server Error: /dashboard/dashboard/province-manager/
Traceback (most recent call last):
  File "/home/pc/ProjectManagerDashboard/.venv/lib/python3.12/site-packages/django/core/handlers/exception.py", line 55, in inner
    response = get_response(request)
               ^^^^^^^^^^^^^^^^^^^^^
  File "/home/pc/ProjectManagerDashboard/.venv/lib/python3.12/site-packages/django/core/handlers/base.py", line 197, in _get_response
    response = wrapped_callback(request, *callback_args, **callback_kwargs)
               ^^^^^^^^^^^^^^^^^^^^^^^^^^^^^^^^^^^^^^^^^^^^^^^^^^^^^^^^^^^^
  File "/home/pc/ProjectManagerDashboard/.venv/lib/python3.12/site-packages/django/contrib/auth/decorators.py", line 59, in _view_wrapper
    return view_func(request, *args, **kwargs)
           ^^^^^^^^^^^^^^^^^^^^^^^^^^^^^^^^^^^
  File "/home/pc/ProjectManagerDashboard/dashboard/views.py", line 597, in province_manager_dashboard
    programs_financial = user_programs.aggregate(
                         ^^^^^^^^^^^^^^^^^^^^^^^^
  File "/home/pc/ProjectManagerDashboard/.venv/lib/python3.12/site-packages/django/db/models/query.py", line 588, in aggregate
    return self.query.chain().get_aggregation(self.db, kwargs)
           ^^^^^^^^^^^^^^^^^^^^^^^^^^^^^^^^^^^^^^^^^^^^^^^^^^^
  File "/home/pc/ProjectManagerDashboard/.venv/lib/python3.12/site-packages/django/db/models/sql/query.py", line 460, in get_aggregation
    aggregate = aggregate_expr.resolve_expression(
                ^^^^^^^^^^^^^^^^^^^^^^^^^^^^^^^^^^
  File "/home/pc/ProjectManagerDashboard/.venv/lib/python3.12/site-packages/django/db/models/aggregates.py", line 63, in resolve_expression
    c = super().resolve_expression(query, allow_joins, reuse, summarize)
        ^^^^^^^^^^^^^^^^^^^^^^^^^^^^^^^^^^^^^^^^^^^^^^^^^^^^^^^^^^^^^^^^
  File "/home/pc/ProjectManagerDashboard/.venv/lib/python3.12/site-packages/django/db/models/expressions.py", line 300, in resolve_expression
    expr.resolve_expression(query, allow_joins, reuse, summarize, for_save)
  File "/home/pc/ProjectManagerDashboard/.venv/lib/python3.12/site-packages/django/db/models/expressions.py", line 902, in resolve_expression
    return query.resolve_ref(self.name, allow_joins, reuse, summarize)
           ^^^^^^^^^^^^^^^^^^^^^^^^^^^^^^^^^^^^^^^^^^^^^^^^^^^^^^^^^^^
  File "/home/pc/ProjectManagerDashboard/.venv/lib/python3.12/site-packages/django/db/models/sql/query.py", line 2049, in resolve_ref
    join_info = self.setup_joins(
                ^^^^^^^^^^^^^^^^^
  File "/home/pc/ProjectManagerDashboard/.venv/lib/python3.12/site-packages/django/db/models/sql/query.py", line 1900, in setup_joins
    path, final_field, targets, rest = self.names_to_path(
                                       ^^^^^^^^^^^^^^^^^^^
  File "/home/pc/ProjectManagerDashboard/.venv/lib/python3.12/site-packages/django/db/models/sql/query.py", line 1805, in names_to_path
    raise FieldError(
django.core.exceptions.FieldError: Cannot resolve keyword 'contract_amount' into field. Choices are: address, city, created_at, created_by, created_by_id, description, id, is_approved, is_expert_approved, is_submitted, latitude, license_code, license_state, longitude, program_id, program_opening_date, program_type, projects, province, rejection_comments, title, update_history, updated_at
ERROR 2026-09-29 18:00:35,080 basehttp 8952 132451279042240 "GET /dashboard/dashboard/province-manager/ HTTP/1.1" 500 145
ERROR 2026-09-29 18:03:41,175 log 9250 140159086147264 Internal Server Error: /dashboard/dashboard/province-manager/
Traceback (most recent call last):
  File "/home/pc/ProjectManagerDashboard/.venv/lib/python3.12/site-packages/django/core/handlers/exception.py", line 55, in inner
    response = get_response(request)
               ^^^^^^^^^^^^^^^^^^^^^
  File "/home/pc/ProjectManagerDashboard/.venv/lib/python3.12/site-packages/django/core/handlers/base.py", line 197, in _get_response
    response = wrapped_callback(request, *callback_args, **callback_kwargs)
               ^^^^^^^^^^^^^^^^^^^^^^^^^^^^^^^^^^^^^^^^^^^^^^^^^^^^^^^^^^^^
  File "/home/pc/ProjectManagerDashboard/.venv/lib/python3.12/site-packages/django/contrib/auth/decorators.py", line 59, in _view_wrapper
    return view_func(request, *args, **kwargs)
           ^^^^^^^^^^^^^^^^^^^^^^^^^^^^^^^^^^^
  File "/home/pc/ProjectManagerDashboard/dashboard/views.py", line 597, in province_manager_dashboard
    programs_financial = user_subprojects.aggregate(
                         ^^^^^^^^^^^^^^^^^^^^^^^^^^^
  File "/home/pc/ProjectManagerDashboard/.venv/lib/python3.12/site-packages/django/db/models/query.py", line 588, in aggregate
    return self.query.chain().get_aggregation(self.db, kwargs)
           ^^^^^^^^^^^^^^^^^^^^^^^^^^^^^^^^^^^^^^^^^^^^^^^^^^^
  File "/home/pc/ProjectManagerDashboard/.venv/lib/python3.12/site-packages/django/db/models/sql/query.py", line 460, in get_aggregation
    aggregate = aggregate_expr.resolve_expression(
                ^^^^^^^^^^^^^^^^^^^^^^^^^^^^^^^^^^
  File "/home/pc/ProjectManagerDashboard/.venv/lib/python3.12/site-packages/django/db/models/expressions.py", line 775, in resolve_expression
    resolved = super().resolve_expression(
               ^^^^^^^^^^^^^^^^^^^^^^^^^^^
  File "/home/pc/ProjectManagerDashboard/.venv/lib/python3.12/site-packages/django/db/models/expressions.py", line 300, in resolve_expression
    expr.resolve_expression(query, allow_joins, reuse, summarize, for_save)
  File "/home/pc/ProjectManagerDashboard/.venv/lib/python3.12/site-packages/django/db/models/expressions.py", line 775, in resolve_expression
    resolved = super().resolve_expression(
               ^^^^^^^^^^^^^^^^^^^^^^^^^^^
  File "/home/pc/ProjectManagerDashboard/.venv/lib/python3.12/site-packages/django/db/models/expressions.py", line 300, in resolve_expression
    expr.resolve_expression(query, allow_joins, reuse, summarize, for_save)
  File "/home/pc/ProjectManagerDashboard/.venv/lib/python3.12/site-packages/django/db/models/expressions.py", line 775, in resolve_expression
    resolved = super().resolve_expression(
               ^^^^^^^^^^^^^^^^^^^^^^^^^^^
  File "/home/pc/ProjectManagerDashboard/.venv/lib/python3.12/site-packages/django/db/models/expressions.py", line 300, in resolve_expression
    expr.resolve_expression(query, allow_joins, reuse, summarize, for_save)
  File "/home/pc/ProjectManagerDashboard/.venv/lib/python3.12/site-packages/django/db/models/aggregates.py", line 63, in resolve_expression
    c = super().resolve_expression(query, allow_joins, reuse, summarize)
        ^^^^^^^^^^^^^^^^^^^^^^^^^^^^^^^^^^^^^^^^^^^^^^^^^^^^^^^^^^^^^^^^
  File "/home/pc/ProjectManagerDashboard/.venv/lib/python3.12/site-packages/django/db/models/expressions.py", line 300, in resolve_expression
    expr.resolve_expression(query, allow_joins, reuse, summarize, for_save)
  File "/home/pc/ProjectManagerDashboard/.venv/lib/python3.12/site-packages/django/db/models/expressions.py", line 902, in resolve_expression
    return query.resolve_ref(self.name, allow_joins, reuse, summarize)
           ^^^^^^^^^^^^^^^^^^^^^^^^^^^^^^^^^^^^^^^^^^^^^^^^^^^^^^^^^^^
  File "/home/pc/ProjectManagerDashboard/.venv/lib/python3.12/site-packages/django/db/models/sql/query.py", line 2049, in resolve_ref
    join_info = self.setup_joins(
                ^^^^^^^^^^^^^^^^^
  File "/home/pc/ProjectManagerDashboard/.venv/lib/python3.12/site-packages/django/db/models/sql/query.py", line 1900, in setup_joins
    path, final_field, targets, rest = self.names_to_path(
                                       ^^^^^^^^^^^^^^^^^^^
  File "/home/pc/ProjectManagerDashboard/.venv/lib/python3.12/site-packages/django/db/models/sql/query.py", line 1805, in names_to_path
    raise FieldError(
django.core.exceptions.FieldError: Cannot resolve keyword 'allocation_credit_cash_national' into field. Choices are: adjustment_coefficient, adjustment_situation_reports, consultant_name, consultant_national_id, contract_amount, contract_end_date, contract_start_date, contract_type, contractor_id, contractor_name, cost_calculation_method, created_at, created_by, created_by_id, dependent_subprojects, description, end_date, execution_method, expert_reviews, financial_documents, has_25_percent_increase, has_adjustment, has_consultant, has_tax_insurance_increase, id, imagenary_duration, imagenrary_cost, increase_coefficient_25_percent, is_suportting_charity, name, payments, physical_progress, predicted_adjustment_amount, project, project_id, project_stage, rejection_comments, related_subproject, related_subproject_id, relationship_delay, relationship_type, remaining_work, reports, situation_amount, situation_reports, start_date, state, sub_project_number, subproject_debt, tax_insurance_increase_percentage, tender_type, total_adjustment_amount, total_contract, total_prepayments, transaction_threshold, update_history, updated_at
ERROR 2026-09-29 18:03:41,175 log 9250 140159086147264 Internal Server Error: /dashboard/dashboard/province-manager/
Traceback (most recent call last):
  File "/home/pc/ProjectManagerDashboard/.venv/lib/python3.12/site-packages/django/core/handlers/exception.py", line 55, in inner
    response = get_response(request)
               ^^^^^^^^^^^^^^^^^^^^^
  File "/home/pc/ProjectManagerDashboard/.venv/lib/python3.12/site-packages/django/core/handlers/base.py", line 197, in _get_response
    response = wrapped_callback(request, *callback_args, **callback_kwargs)
               ^^^^^^^^^^^^^^^^^^^^^^^^^^^^^^^^^^^^^^^^^^^^^^^^^^^^^^^^^^^^
  File "/home/pc/ProjectManagerDashboard/.venv/lib/python3.12/site-packages/django/contrib/auth/decorators.py", line 59, in _view_wrapper
    return view_func(request, *args, **kwargs)
           ^^^^^^^^^^^^^^^^^^^^^^^^^^^^^^^^^^^
  File "/home/pc/ProjectManagerDashboard/dashboard/views.py", line 597, in province_manager_dashboard
    programs_financial = user_subprojects.aggregate(
                         ^^^^^^^^^^^^^^^^^^^^^^^^^^^
  File "/home/pc/ProjectManagerDashboard/.venv/lib/python3.12/site-packages/django/db/models/query.py", line 588, in aggregate
    return self.query.chain().get_aggregation(self.db, kwargs)
           ^^^^^^^^^^^^^^^^^^^^^^^^^^^^^^^^^^^^^^^^^^^^^^^^^^^
  File "/home/pc/ProjectManagerDashboard/.venv/lib/python3.12/site-packages/django/db/models/sql/query.py", line 460, in get_aggregation
    aggregate = aggregate_expr.resolve_expression(
                ^^^^^^^^^^^^^^^^^^^^^^^^^^^^^^^^^^
  File "/home/pc/ProjectManagerDashboard/.venv/lib/python3.12/site-packages/django/db/models/expressions.py", line 775, in resolve_expression
    resolved = super().resolve_expression(
               ^^^^^^^^^^^^^^^^^^^^^^^^^^^
  File "/home/pc/ProjectManagerDashboard/.venv/lib/python3.12/site-packages/django/db/models/expressions.py", line 300, in resolve_expression
    expr.resolve_expression(query, allow_joins, reuse, summarize, for_save)
  File "/home/pc/ProjectManagerDashboard/.venv/lib/python3.12/site-packages/django/db/models/expressions.py", line 775, in resolve_expression
    resolved = super().resolve_expression(
               ^^^^^^^^^^^^^^^^^^^^^^^^^^^
  File "/home/pc/ProjectManagerDashboard/.venv/lib/python3.12/site-packages/django/db/models/expressions.py", line 300, in resolve_expression
    expr.resolve_expression(query, allow_joins, reuse, summarize, for_save)
  File "/home/pc/ProjectManagerDashboard/.venv/lib/python3.12/site-packages/django/db/models/expressions.py", line 775, in resolve_expression
    resolved = super().resolve_expression(
               ^^^^^^^^^^^^^^^^^^^^^^^^^^^
  File "/home/pc/ProjectManagerDashboard/.venv/lib/python3.12/site-packages/django/db/models/expressions.py", line 300, in resolve_expression
    expr.resolve_expression(query, allow_joins, reuse, summarize, for_save)
  File "/home/pc/ProjectManagerDashboard/.venv/lib/python3.12/site-packages/django/db/models/aggregates.py", line 63, in resolve_expression
    c = super().resolve_expression(query, allow_joins, reuse, summarize)
        ^^^^^^^^^^^^^^^^^^^^^^^^^^^^^^^^^^^^^^^^^^^^^^^^^^^^^^^^^^^^^^^^
  File "/home/pc/ProjectManagerDashboard/.venv/lib/python3.12/site-packages/django/db/models/expressions.py", line 300, in resolve_expression
    expr.resolve_expression(query, allow_joins, reuse, summarize, for_save)
  File "/home/pc/ProjectManagerDashboard/.venv/lib/python3.12/site-packages/django/db/models/expressions.py", line 902, in resolve_expression
    return query.resolve_ref(self.name, allow_joins, reuse, summarize)
           ^^^^^^^^^^^^^^^^^^^^^^^^^^^^^^^^^^^^^^^^^^^^^^^^^^^^^^^^^^^
  File "/home/pc/ProjectManagerDashboard/.venv/lib/python3.12/site-packages/django/db/models/sql/query.py", line 2049, in resolve_ref
    join_info = self.setup_joins(
                ^^^^^^^^^^^^^^^^^
  File "/home/pc/ProjectManagerDashboard/.venv/lib/python3.12/site-packages/django/db/models/sql/query.py", line 1900, in setup_joins
    path, final_field, targets, rest = self.names_to_path(
                                       ^^^^^^^^^^^^^^^^^^^
  File "/home/pc/ProjectManagerDashboard/.venv/lib/python3.12/site-packages/django/db/models/sql/query.py", line 1805, in names_to_path
    raise FieldError(
django.core.exceptions.FieldError: Cannot resolve keyword 'allocation_credit_cash_national' into field. Choices are: adjustment_coefficient, adjustment_situation_reports, consultant_name, consultant_national_id, contract_amount, contract_end_date, contract_start_date, contract_type, contractor_id, contractor_name, cost_calculation_method, created_at, created_by, created_by_id, dependent_subprojects, description, end_date, execution_method, expert_reviews, financial_documents, has_25_percent_increase, has_adjustment, has_consultant, has_tax_insurance_increase, id, imagenary_duration, imagenrary_cost, increase_coefficient_25_percent, is_suportting_charity, name, payments, physical_progress, predicted_adjustment_amount, project, project_id, project_stage, rejection_comments, related_subproject, related_subproject_id, relationship_delay, relationship_type, remaining_work, reports, situation_amount, situation_reports, start_date, state, sub_project_number, subproject_debt, tax_insurance_increase_percentage, tender_type, total_adjustment_amount, total_contract, total_prepayments, transaction_threshold, update_history, updated_at
ERROR 2026-09-29 18:03:41,264 basehttp 9250 140159086147264 "GET /dashboard/dashboard/province-manager/ HTTP/1.1" 500 145
ERROR 2026-09-29 18:03:41,903 log 9250 140159086147264 Internal Server Error: /dashboard/dashboard/province-manager/
Traceback (most recent call last):
  File "/home/pc/ProjectManagerDashboard/.venv/lib/python3.12/site-packages/django/core/handlers/exception.py", line 55, in inner
    response = get_response(request)
               ^^^^^^^^^^^^^^^^^^^^^
  File "/home/pc/ProjectManagerDashboard/.venv/lib/python3.12/site-packages/django/core/handlers/base.py", line 197, in _get_response
    response = wrapped_callback(request, *callback_args, **callback_kwargs)
               ^^^^^^^^^^^^^^^^^^^^^^^^^^^^^^^^^^^^^^^^^^^^^^^^^^^^^^^^^^^^
  File "/home/pc/ProjectManagerDashboard/.venv/lib/python3.12/site-packages/django/contrib/auth/decorators.py", line 59, in _view_wrapper
    return view_func(request, *args, **kwargs)
           ^^^^^^^^^^^^^^^^^^^^^^^^^^^^^^^^^^^
  File "/home/pc/ProjectManagerDashboard/dashboard/views.py", line 597, in province_manager_dashboard
    programs_financial = user_subprojects.aggregate(
                         ^^^^^^^^^^^^^^^^^^^^^^^^^^^
  File "/home/pc/ProjectManagerDashboard/.venv/lib/python3.12/site-packages/django/db/models/query.py", line 588, in aggregate
    return self.query.chain().get_aggregation(self.db, kwargs)
           ^^^^^^^^^^^^^^^^^^^^^^^^^^^^^^^^^^^^^^^^^^^^^^^^^^^
  File "/home/pc/ProjectManagerDashboard/.venv/lib/python3.12/site-packages/django/db/models/sql/query.py", line 460, in get_aggregation
    aggregate = aggregate_expr.resolve_expression(
                ^^^^^^^^^^^^^^^^^^^^^^^^^^^^^^^^^^
  File "/home/pc/ProjectManagerDashboard/.venv/lib/python3.12/site-packages/django/db/models/expressions.py", line 775, in resolve_expression
    resolved = super().resolve_expression(
               ^^^^^^^^^^^^^^^^^^^^^^^^^^^
  File "/home/pc/ProjectManagerDashboard/.venv/lib/python3.12/site-packages/django/db/models/expressions.py", line 300, in resolve_expression
    expr.resolve_expression(query, allow_joins, reuse, summarize, for_save)
  File "/home/pc/ProjectManagerDashboard/.venv/lib/python3.12/site-packages/django/db/models/expressions.py", line 775, in resolve_expression
    resolved = super().resolve_expression(
               ^^^^^^^^^^^^^^^^^^^^^^^^^^^
  File "/home/pc/ProjectManagerDashboard/.venv/lib/python3.12/site-packages/django/db/models/expressions.py", line 300, in resolve_expression
    expr.resolve_expression(query, allow_joins, reuse, summarize, for_save)
  File "/home/pc/ProjectManagerDashboard/.venv/lib/python3.12/site-packages/django/db/models/expressions.py", line 775, in resolve_expression
    resolved = super().resolve_expression(
               ^^^^^^^^^^^^^^^^^^^^^^^^^^^
  File "/home/pc/ProjectManagerDashboard/.venv/lib/python3.12/site-packages/django/db/models/expressions.py", line 300, in resolve_expression
    expr.resolve_expression(query, allow_joins, reuse, summarize, for_save)
  File "/home/pc/ProjectManagerDashboard/.venv/lib/python3.12/site-packages/django/db/models/aggregates.py", line 63, in resolve_expression
    c = super().resolve_expression(query, allow_joins, reuse, summarize)
        ^^^^^^^^^^^^^^^^^^^^^^^^^^^^^^^^^^^^^^^^^^^^^^^^^^^^^^^^^^^^^^^^
  File "/home/pc/ProjectManagerDashboard/.venv/lib/python3.12/site-packages/django/db/models/expressions.py", line 300, in resolve_expression
    expr.resolve_expression(query, allow_joins, reuse, summarize, for_save)
  File "/home/pc/ProjectManagerDashboard/.venv/lib/python3.12/site-packages/django/db/models/expressions.py", line 902, in resolve_expression
    return query.resolve_ref(self.name, allow_joins, reuse, summarize)
           ^^^^^^^^^^^^^^^^^^^^^^^^^^^^^^^^^^^^^^^^^^^^^^^^^^^^^^^^^^^
  File "/home/pc/ProjectManagerDashboard/.venv/lib/python3.12/site-packages/django/db/models/sql/query.py", line 2049, in resolve_ref
    join_info = self.setup_joins(
                ^^^^^^^^^^^^^^^^^
  File "/home/pc/ProjectManagerDashboard/.venv/lib/python3.12/site-packages/django/db/models/sql/query.py", line 1900, in setup_joins
    path, final_field, targets, rest = self.names_to_path(
                                       ^^^^^^^^^^^^^^^^^^^
  File "/home/pc/ProjectManagerDashboard/.venv/lib/python3.12/site-packages/django/db/models/sql/query.py", line 1805, in names_to_path
    raise FieldError(
django.core.exceptions.FieldError: Cannot resolve keyword 'allocation_credit_cash_national' into field. Choices are: adjustment_coefficient, adjustment_situation_reports, consultant_name, consultant_national_id, contract_amount, contract_end_date, contract_start_date, contract_type, contractor_id, contractor_name, cost_calculation_method, created_at, created_by, created_by_id, dependent_subprojects, description, end_date, execution_method, expert_reviews, financial_documents, has_25_percent_increase, has_adjustment, has_consultant, has_tax_insurance_increase, id, imagenary_duration, imagenrary_cost, increase_coefficient_25_percent, is_suportting_charity, name, payments, physical_progress, predicted_adjustment_amount, project, project_id, project_stage, rejection_comments, related_subproject, related_subproject_id, relationship_delay, relationship_type, remaining_work, reports, situation_amount, situation_reports, start_date, state, sub_project_number, subproject_debt, tax_insurance_increase_percentage, tender_type, total_adjustment_amount, total_contract, total_prepayments, transaction_threshold, update_history, updated_at
ERROR 2026-09-29 18:03:41,903 log 9250 140159086147264 Internal Server Error: /dashboard/dashboard/province-manager/
Traceback (most recent call last):
  File "/home/pc/ProjectManagerDashboard/.venv/lib/python3.12/site-packages/django/core/handlers/exception.py", line 55, in inner
    response = get_response(request)
               ^^^^^^^^^^^^^^^^^^^^^
  File "/home/pc/ProjectManagerDashboard/.venv/lib/python3.12/site-packages/django/core/handlers/base.py", line 197, in _get_response
    response = wrapped_callback(request, *callback_args, **callback_kwargs)
               ^^^^^^^^^^^^^^^^^^^^^^^^^^^^^^^^^^^^^^^^^^^^^^^^^^^^^^^^^^^^
  File "/home/pc/ProjectManagerDashboard/.venv/lib/python3.12/site-packages/django/contrib/auth/decorators.py", line 59, in _view_wrapper
    return view_func(request, *args, **kwargs)
           ^^^^^^^^^^^^^^^^^^^^^^^^^^^^^^^^^^^
  File "/home/pc/ProjectManagerDashboard/dashboard/views.py", line 597, in province_manager_dashboard
    programs_financial = user_subprojects.aggregate(
                         ^^^^^^^^^^^^^^^^^^^^^^^^^^^
  File "/home/pc/ProjectManagerDashboard/.venv/lib/python3.12/site-packages/django/db/models/query.py", line 588, in aggregate
    return self.query.chain().get_aggregation(self.db, kwargs)
           ^^^^^^^^^^^^^^^^^^^^^^^^^^^^^^^^^^^^^^^^^^^^^^^^^^^
  File "/home/pc/ProjectManagerDashboard/.venv/lib/python3.12/site-packages/django/db/models/sql/query.py", line 460, in get_aggregation
    aggregate = aggregate_expr.resolve_expression(
                ^^^^^^^^^^^^^^^^^^^^^^^^^^^^^^^^^^
  File "/home/pc/ProjectManagerDashboard/.venv/lib/python3.12/site-packages/django/db/models/expressions.py", line 775, in resolve_expression
    resolved = super().resolve_expression(
               ^^^^^^^^^^^^^^^^^^^^^^^^^^^
  File "/home/pc/ProjectManagerDashboard/.venv/lib/python3.12/site-packages/django/db/models/expressions.py", line 300, in resolve_expression
    expr.resolve_expression(query, allow_joins, reuse, summarize, for_save)
  File "/home/pc/ProjectManagerDashboard/.venv/lib/python3.12/site-packages/django/db/models/expressions.py", line 775, in resolve_expression
    resolved = super().resolve_expression(
               ^^^^^^^^^^^^^^^^^^^^^^^^^^^
  File "/home/pc/ProjectManagerDashboard/.venv/lib/python3.12/site-packages/django/db/models/expressions.py", line 300, in resolve_expression
    expr.resolve_expression(query, allow_joins, reuse, summarize, for_save)
  File "/home/pc/ProjectManagerDashboard/.venv/lib/python3.12/site-packages/django/db/models/expressions.py", line 775, in resolve_expression
    resolved = super().resolve_expression(
               ^^^^^^^^^^^^^^^^^^^^^^^^^^^
  File "/home/pc/ProjectManagerDashboard/.venv/lib/python3.12/site-packages/django/db/models/expressions.py", line 300, in resolve_expression
    expr.resolve_expression(query, allow_joins, reuse, summarize, for_save)
  File "/home/pc/ProjectManagerDashboard/.venv/lib/python3.12/site-packages/django/db/models/aggregates.py", line 63, in resolve_expression
    c = super().resolve_expression(query, allow_joins, reuse, summarize)
        ^^^^^^^^^^^^^^^^^^^^^^^^^^^^^^^^^^^^^^^^^^^^^^^^^^^^^^^^^^^^^^^^
  File "/home/pc/ProjectManagerDashboard/.venv/lib/python3.12/site-packages/django/db/models/expressions.py", line 300, in resolve_expression
    expr.resolve_expression(query, allow_joins, reuse, summarize, for_save)
  File "/home/pc/ProjectManagerDashboard/.venv/lib/python3.12/site-packages/django/db/models/expressions.py", line 902, in resolve_expression
    return query.resolve_ref(self.name, allow_joins, reuse, summarize)
           ^^^^^^^^^^^^^^^^^^^^^^^^^^^^^^^^^^^^^^^^^^^^^^^^^^^^^^^^^^^
  File "/home/pc/ProjectManagerDashboard/.venv/lib/python3.12/site-packages/django/db/models/sql/query.py", line 2049, in resolve_ref
    join_info = self.setup_joins(
                ^^^^^^^^^^^^^^^^^
  File "/home/pc/ProjectManagerDashboard/.venv/lib/python3.12/site-packages/django/db/models/sql/query.py", line 1900, in setup_joins
    path, final_field, targets, rest = self.names_to_path(
                                       ^^^^^^^^^^^^^^^^^^^
  File "/home/pc/ProjectManagerDashboard/.venv/lib/python3.12/site-packages/django/db/models/sql/query.py", line 1805, in names_to_path
    raise FieldError(
django.core.exceptions.FieldError: Cannot resolve keyword 'allocation_credit_cash_national' into field. Choices are: adjustment_coefficient, adjustment_situation_reports, consultant_name, consultant_national_id, contract_amount, contract_end_date, contract_start_date, contract_type, contractor_id, contractor_name, cost_calculation_method, created_at, created_by, created_by_id, dependent_subprojects, description, end_date, execution_method, expert_reviews, financial_documents, has_25_percent_increase, has_adjustment, has_consultant, has_tax_insurance_increase, id, imagenary_duration, imagenrary_cost, increase_coefficient_25_percent, is_suportting_charity, name, payments, physical_progress, predicted_adjustment_amount, project, project_id, project_stage, rejection_comments, related_subproject, related_subproject_id, relationship_delay, relationship_type, remaining_work, reports, situation_amount, situation_reports, start_date, state, sub_project_number, subproject_debt, tax_insurance_increase_percentage, tender_type, total_adjustment_amount, total_contract, total_prepayments, transaction_threshold, update_history, updated_at
ERROR 2026-09-29 18:03:41,983 basehttp 9250 140159086147264 "GET /dashboard/dashboard/province-manager/ HTTP/1.1" 500 145
ERROR 2026-09-29 18:12:09,689 log 9370 130446629045952 Internal Server Error: /dashboard/dashboard/province-manager/
Traceback (most recent call last):
  File "/home/pc/ProjectManagerDashboard/.venv/lib/python3.12/site-packages/django/core/handlers/exception.py", line 55, in inner
    response = get_response(request)
               ^^^^^^^^^^^^^^^^^^^^^
  File "/home/pc/ProjectManagerDashboard/.venv/lib/python3.12/site-packages/django/core/handlers/base.py", line 197, in _get_response
    response = wrapped_callback(request, *callback_args, **callback_kwargs)
               ^^^^^^^^^^^^^^^^^^^^^^^^^^^^^^^^^^^^^^^^^^^^^^^^^^^^^^^^^^^^
  File "/home/pc/ProjectManagerDashboard/.venv/lib/python3.12/site-packages/django/contrib/auth/decorators.py", line 59, in _view_wrapper
    return view_func(request, *args, **kwargs)
           ^^^^^^^^^^^^^^^^^^^^^^^^^^^^^^^^^^^
  File "/home/pc/ProjectManagerDashboard/dashboard/views.py", line 618, in province_manager_dashboard
    'avg': round(sum(project_progress_data) / len(project_progress_data), 1) if project_progress_data else 0,
                 ^^^^^^^^^^^^^^^^^^^^^^^^^^
TypeError: unsupported operand type(s) for +: 'int' and 'str'
ERROR 2026-09-29 18:12:09,689 log 9370 130446629045952 Internal Server Error: /dashboard/dashboard/province-manager/
Traceback (most recent call last):
  File "/home/pc/ProjectManagerDashboard/.venv/lib/python3.12/site-packages/django/core/handlers/exception.py", line 55, in inner
    response = get_response(request)
               ^^^^^^^^^^^^^^^^^^^^^
  File "/home/pc/ProjectManagerDashboard/.venv/lib/python3.12/site-packages/django/core/handlers/base.py", line 197, in _get_response
    response = wrapped_callback(request, *callback_args, **callback_kwargs)
               ^^^^^^^^^^^^^^^^^^^^^^^^^^^^^^^^^^^^^^^^^^^^^^^^^^^^^^^^^^^^
  File "/home/pc/ProjectManagerDashboard/.venv/lib/python3.12/site-packages/django/contrib/auth/decorators.py", line 59, in _view_wrapper
    return view_func(request, *args, **kwargs)
           ^^^^^^^^^^^^^^^^^^^^^^^^^^^^^^^^^^^
  File "/home/pc/ProjectManagerDashboard/dashboard/views.py", line 618, in province_manager_dashboard
    'avg': round(sum(project_progress_data) / len(project_progress_data), 1) if project_progress_data else 0,
                 ^^^^^^^^^^^^^^^^^^^^^^^^^^
TypeError: unsupported operand type(s) for +: 'int' and 'str'
ERROR 2026-09-29 18:12:09,764 basehttp 9370 130446629045952 "GET /dashboard/dashboard/province-manager/ HTTP/1.1" 500 145
ERROR 2026-09-29 18:16:17,217 log 9370 130446629045952 Internal Server Error: /dashboard/dashboard/province-manager/
Traceback (most recent call last):
  File "/home/pc/ProjectManagerDashboard/.venv/lib/python3.12/site-packages/django/core/handlers/exception.py", line 55, in inner
    response = get_response(request)
               ^^^^^^^^^^^^^^^^^^^^^
  File "/home/pc/ProjectManagerDashboard/.venv/lib/python3.12/site-packages/django/core/handlers/base.py", line 197, in _get_response
    response = wrapped_callback(request, *callback_args, **callback_kwargs)
               ^^^^^^^^^^^^^^^^^^^^^^^^^^^^^^^^^^^^^^^^^^^^^^^^^^^^^^^^^^^^
  File "/home/pc/ProjectManagerDashboard/.venv/lib/python3.12/site-packages/django/contrib/auth/decorators.py", line 59, in _view_wrapper
    return view_func(request, *args, **kwargs)
           ^^^^^^^^^^^^^^^^^^^^^^^^^^^^^^^^^^^
  File "/home/pc/ProjectManagerDashboard/dashboard/views.py", line 618, in province_manager_dashboard
    'avg': round(sum(project_progress_data) / len(project_progress_data), 1) if project_progress_data else 0,
                 ^^^^^^^^^^^^^^^^^^^^^^^^^^
TypeError: unsupported operand type(s) for +: 'int' and 'str'
ERROR 2026-09-29 18:16:17,217 log 9370 130446629045952 Internal Server Error: /dashboard/dashboard/province-manager/
Traceback (most recent call last):
  File "/home/pc/ProjectManagerDashboard/.venv/lib/python3.12/site-packages/django/core/handlers/exception.py", line 55, in inner
    response = get_response(request)
               ^^^^^^^^^^^^^^^^^^^^^
  File "/home/pc/ProjectManagerDashboard/.venv/lib/python3.12/site-packages/django/core/handlers/base.py", line 197, in _get_response
    response = wrapped_callback(request, *callback_args, **callback_kwargs)
               ^^^^^^^^^^^^^^^^^^^^^^^^^^^^^^^^^^^^^^^^^^^^^^^^^^^^^^^^^^^^
  File "/home/pc/ProjectManagerDashboard/.venv/lib/python3.12/site-packages/django/contrib/auth/decorators.py", line 59, in _view_wrapper
    return view_func(request, *args, **kwargs)
           ^^^^^^^^^^^^^^^^^^^^^^^^^^^^^^^^^^^
  File "/home/pc/ProjectManagerDashboard/dashboard/views.py", line 618, in province_manager_dashboard
    'avg': round(sum(project_progress_data) / len(project_progress_data), 1) if project_progress_data else 0,
                 ^^^^^^^^^^^^^^^^^^^^^^^^^^
TypeError: unsupported operand type(s) for +: 'int' and 'str'
ERROR 2026-09-29 18:16:17,296 basehttp 9370 130446629045952 "GET /dashboard/dashboard/province-manager/ HTTP/1.1" 500 145
ERROR 2026-09-29 18:17:27,176 log 9600 127751365691072 Internal Server Error: /dashboard/dashboard/province-manager/
Traceback (most recent call last):
  File "/home/pc/ProjectManagerDashboard/.venv/lib/python3.12/site-packages/django/core/handlers/exception.py", line 55, in inner
    response = get_response(request)
               ^^^^^^^^^^^^^^^^^^^^^
  File "/home/pc/ProjectManagerDashboard/.venv/lib/python3.12/site-packages/django/core/handlers/base.py", line 197, in _get_response
    response = wrapped_callback(request, *callback_args, **callback_kwargs)
               ^^^^^^^^^^^^^^^^^^^^^^^^^^^^^^^^^^^^^^^^^^^^^^^^^^^^^^^^^^^^
  File "/home/pc/ProjectManagerDashboard/.venv/lib/python3.12/site-packages/django/contrib/auth/decorators.py", line 59, in _view_wrapper
    return view_func(request, *args, **kwargs)
           ^^^^^^^^^^^^^^^^^^^^^^^^^^^^^^^^^^^
  File "/home/pc/ProjectManagerDashboard/dashboard/views.py", line 618, in province_manager_dashboard
    'avg': round(sum(project_progress_data) / len(project_progress_data), 1) if project_progress_data else 0,
                 ^^^^^^^^^^^^^^^^^^^^^^^^^^
TypeError: unsupported operand type(s) for +: 'int' and 'str'
ERROR 2026-09-29 18:17:27,176 log 9600 127751365691072 Internal Server Error: /dashboard/dashboard/province-manager/
Traceback (most recent call last):
  File "/home/pc/ProjectManagerDashboard/.venv/lib/python3.12/site-packages/django/core/handlers/exception.py", line 55, in inner
    response = get_response(request)
               ^^^^^^^^^^^^^^^^^^^^^
  File "/home/pc/ProjectManagerDashboard/.venv/lib/python3.12/site-packages/django/core/handlers/base.py", line 197, in _get_response
    response = wrapped_callback(request, *callback_args, **callback_kwargs)
               ^^^^^^^^^^^^^^^^^^^^^^^^^^^^^^^^^^^^^^^^^^^^^^^^^^^^^^^^^^^^
  File "/home/pc/ProjectManagerDashboard/.venv/lib/python3.12/site-packages/django/contrib/auth/decorators.py", line 59, in _view_wrapper
    return view_func(request, *args, **kwargs)
           ^^^^^^^^^^^^^^^^^^^^^^^^^^^^^^^^^^^
  File "/home/pc/ProjectManagerDashboard/dashboard/views.py", line 618, in province_manager_dashboard
    'avg': round(sum(project_progress_data) / len(project_progress_data), 1) if project_progress_data else 0,
                 ^^^^^^^^^^^^^^^^^^^^^^^^^^
TypeError: unsupported operand type(s) for +: 'int' and 'str'
ERROR 2026-09-29 18:17:27,191 basehttp 9600 127751365691072 "GET /dashboard/dashboard/province-manager/ HTTP/1.1" 500 145
ERROR 2026-09-29 18:17:29,880 log 9600 127751365691072 Internal Server Error: /dashboard/dashboard/province-manager/
Traceback (most recent call last):
  File "/home/pc/ProjectManagerDashboard/.venv/lib/python3.12/site-packages/django/core/handlers/exception.py", line 55, in inner
    response = get_response(request)
               ^^^^^^^^^^^^^^^^^^^^^
  File "/home/pc/ProjectManagerDashboard/.venv/lib/python3.12/site-packages/django/core/handlers/base.py", line 197, in _get_response
    response = wrapped_callback(request, *callback_args, **callback_kwargs)
               ^^^^^^^^^^^^^^^^^^^^^^^^^^^^^^^^^^^^^^^^^^^^^^^^^^^^^^^^^^^^
  File "/home/pc/ProjectManagerDashboard/.venv/lib/python3.12/site-packages/django/contrib/auth/decorators.py", line 59, in _view_wrapper
    return view_func(request, *args, **kwargs)
           ^^^^^^^^^^^^^^^^^^^^^^^^^^^^^^^^^^^
  File "/home/pc/ProjectManagerDashboard/dashboard/views.py", line 618, in province_manager_dashboard
    'avg': round(sum(project_progress_data) / len(project_progress_data), 1) if project_progress_data else 0,
                 ^^^^^^^^^^^^^^^^^^^^^^^^^^
TypeError: unsupported operand type(s) for +: 'int' and 'str'
ERROR 2026-09-29 18:17:29,880 log 9600 127751365691072 Internal Server Error: /dashboard/dashboard/province-manager/
Traceback (most recent call last):
  File "/home/pc/ProjectManagerDashboard/.venv/lib/python3.12/site-packages/django/core/handlers/exception.py", line 55, in inner
    response = get_response(request)
               ^^^^^^^^^^^^^^^^^^^^^
  File "/home/pc/ProjectManagerDashboard/.venv/lib/python3.12/site-packages/django/core/handlers/base.py", line 197, in _get_response
    response = wrapped_callback(request, *callback_args, **callback_kwargs)
               ^^^^^^^^^^^^^^^^^^^^^^^^^^^^^^^^^^^^^^^^^^^^^^^^^^^^^^^^^^^^
  File "/home/pc/ProjectManagerDashboard/.venv/lib/python3.12/site-packages/django/contrib/auth/decorators.py", line 59, in _view_wrapper
    return view_func(request, *args, **kwargs)
           ^^^^^^^^^^^^^^^^^^^^^^^^^^^^^^^^^^^
  File "/home/pc/ProjectManagerDashboard/dashboard/views.py", line 618, in province_manager_dashboard
    'avg': round(sum(project_progress_data) / len(project_progress_data), 1) if project_progress_data else 0,
                 ^^^^^^^^^^^^^^^^^^^^^^^^^^
TypeError: unsupported operand type(s) for +: 'int' and 'str'
ERROR 2026-09-29 18:17:30,018 basehttp 9600 127751365691072 "GET /dashboard/dashboard/province-manager/ HTTP/1.1" 500 145
ERROR 2026-09-29 18:17:30,492 log 9600 127751365691072 Internal Server Error: /dashboard/dashboard/province-manager/
Traceback (most recent call last):
  File "/home/pc/ProjectManagerDashboard/.venv/lib/python3.12/site-packages/django/core/handlers/exception.py", line 55, in inner
    response = get_response(request)
               ^^^^^^^^^^^^^^^^^^^^^
  File "/home/pc/ProjectManagerDashboard/.venv/lib/python3.12/site-packages/django/core/handlers/base.py", line 197, in _get_response
    response = wrapped_callback(request, *callback_args, **callback_kwargs)
               ^^^^^^^^^^^^^^^^^^^^^^^^^^^^^^^^^^^^^^^^^^^^^^^^^^^^^^^^^^^^
  File "/home/pc/ProjectManagerDashboard/.venv/lib/python3.12/site-packages/django/contrib/auth/decorators.py", line 59, in _view_wrapper
    return view_func(request, *args, **kwargs)
           ^^^^^^^^^^^^^^^^^^^^^^^^^^^^^^^^^^^
  File "/home/pc/ProjectManagerDashboard/dashboard/views.py", line 618, in province_manager_dashboard
    'avg': round(sum(project_progress_data) / len(project_progress_data), 1) if project_progress_data else 0,
                 ^^^^^^^^^^^^^^^^^^^^^^^^^^
TypeError: unsupported operand type(s) for +: 'int' and 'str'
ERROR 2026-09-29 18:17:30,492 log 9600 127751365691072 Internal Server Error: /dashboard/dashboard/province-manager/
Traceback (most recent call last):
  File "/home/pc/ProjectManagerDashboard/.venv/lib/python3.12/site-packages/django/core/handlers/exception.py", line 55, in inner
    response = get_response(request)
               ^^^^^^^^^^^^^^^^^^^^^
  File "/home/pc/ProjectManagerDashboard/.venv/lib/python3.12/site-packages/django/core/handlers/base.py", line 197, in _get_response
    response = wrapped_callback(request, *callback_args, **callback_kwargs)
               ^^^^^^^^^^^^^^^^^^^^^^^^^^^^^^^^^^^^^^^^^^^^^^^^^^^^^^^^^^^^
  File "/home/pc/ProjectManagerDashboard/.venv/lib/python3.12/site-packages/django/contrib/auth/decorators.py", line 59, in _view_wrapper
    return view_func(request, *args, **kwargs)
           ^^^^^^^^^^^^^^^^^^^^^^^^^^^^^^^^^^^
  File "/home/pc/ProjectManagerDashboard/dashboard/views.py", line 618, in province_manager_dashboard
    'avg': round(sum(project_progress_data) / len(project_progress_data), 1) if project_progress_data else 0,
                 ^^^^^^^^^^^^^^^^^^^^^^^^^^
TypeError: unsupported operand type(s) for +: 'int' and 'str'
ERROR 2026-09-29 18:17:30,564 basehttp 9600 127751365691072 "GET /dashboard/dashboard/province-manager/ HTTP/1.1" 500 145
ERROR 2026-09-29 18:17:34,607 log 9600 127751346808512 Internal Server Error: /dashboard/dashboard/province-manager/
Traceback (most recent call last):
  File "/home/pc/ProjectManagerDashboard/.venv/lib/python3.12/site-packages/django/core/handlers/exception.py", line 55, in inner
    response = get_response(request)
               ^^^^^^^^^^^^^^^^^^^^^
  File "/home/pc/ProjectManagerDashboard/.venv/lib/python3.12/site-packages/django/core/handlers/base.py", line 197, in _get_response
    response = wrapped_callback(request, *callback_args, **callback_kwargs)
               ^^^^^^^^^^^^^^^^^^^^^^^^^^^^^^^^^^^^^^^^^^^^^^^^^^^^^^^^^^^^
  File "/home/pc/ProjectManagerDashboard/.venv/lib/python3.12/site-packages/django/contrib/auth/decorators.py", line 59, in _view_wrapper
    return view_func(request, *args, **kwargs)
           ^^^^^^^^^^^^^^^^^^^^^^^^^^^^^^^^^^^
  File "/home/pc/ProjectManagerDashboard/dashboard/views.py", line 618, in province_manager_dashboard
    'avg': round(sum(project_progress_data) / len(project_progress_data), 1) if project_progress_data else 0,
                 ^^^^^^^^^^^^^^^^^^^^^^^^^^
TypeError: unsupported operand type(s) for +: 'int' and 'str'
ERROR 2026-09-29 18:17:34,607 log 9600 127751346808512 Internal Server Error: /dashboard/dashboard/province-manager/
Traceback (most recent call last):
  File "/home/pc/ProjectManagerDashboard/.venv/lib/python3.12/site-packages/django/core/handlers/exception.py", line 55, in inner
    response = get_response(request)
               ^^^^^^^^^^^^^^^^^^^^^
  File "/home/pc/ProjectManagerDashboard/.venv/lib/python3.12/site-packages/django/core/handlers/base.py", line 197, in _get_response
    response = wrapped_callback(request, *callback_args, **callback_kwargs)
               ^^^^^^^^^^^^^^^^^^^^^^^^^^^^^^^^^^^^^^^^^^^^^^^^^^^^^^^^^^^^
  File "/home/pc/ProjectManagerDashboard/.venv/lib/python3.12/site-packages/django/contrib/auth/decorators.py", line 59, in _view_wrapper
    return view_func(request, *args, **kwargs)
           ^^^^^^^^^^^^^^^^^^^^^^^^^^^^^^^^^^^
  File "/home/pc/ProjectManagerDashboard/dashboard/views.py", line 618, in province_manager_dashboard
    'avg': round(sum(project_progress_data) / len(project_progress_data), 1) if project_progress_data else 0,
                 ^^^^^^^^^^^^^^^^^^^^^^^^^^
TypeError: unsupported operand type(s) for +: 'int' and 'str'
ERROR 2026-09-29 18:17:34,618 basehttp 9600 127751346808512 "GET /dashboard/dashboard/province-manager/ HTTP/1.1" 500 145
ERROR 2026-09-29 18:17:37,635 log 9600 127751346808512 Internal Server Error: /dashboard/dashboard/province-manager/
Traceback (most recent call last):
  File "/home/pc/ProjectManagerDashboard/.venv/lib/python3.12/site-packages/django/core/handlers/exception.py", line 55, in inner
    response = get_response(request)
               ^^^^^^^^^^^^^^^^^^^^^
  File "/home/pc/ProjectManagerDashboard/.venv/lib/python3.12/site-packages/django/core/handlers/base.py", line 197, in _get_response
    response = wrapped_callback(request, *callback_args, **callback_kwargs)
               ^^^^^^^^^^^^^^^^^^^^^^^^^^^^^^^^^^^^^^^^^^^^^^^^^^^^^^^^^^^^
  File "/home/pc/ProjectManagerDashboard/.venv/lib/python3.12/site-packages/django/contrib/auth/decorators.py", line 59, in _view_wrapper
    return view_func(request, *args, **kwargs)
           ^^^^^^^^^^^^^^^^^^^^^^^^^^^^^^^^^^^
  File "/home/pc/ProjectManagerDashboard/dashboard/views.py", line 618, in province_manager_dashboard
    'avg': round(sum(project_progress_data) / len(project_progress_data), 1) if project_progress_data else 0,
                 ^^^^^^^^^^^^^^^^^^^^^^^^^^
TypeError: unsupported operand type(s) for +: 'int' and 'str'
ERROR 2026-09-29 18:17:37,635 log 9600 127751346808512 Internal Server Error: /dashboard/dashboard/province-manager/
Traceback (most recent call last):
  File "/home/pc/ProjectManagerDashboard/.venv/lib/python3.12/site-packages/django/core/handlers/exception.py", line 55, in inner
    response = get_response(request)
               ^^^^^^^^^^^^^^^^^^^^^
  File "/home/pc/ProjectManagerDashboard/.venv/lib/python3.12/site-packages/django/core/handlers/base.py", line 197, in _get_response
    response = wrapped_callback(request, *callback_args, **callback_kwargs)
               ^^^^^^^^^^^^^^^^^^^^^^^^^^^^^^^^^^^^^^^^^^^^^^^^^^^^^^^^^^^^
  File "/home/pc/ProjectManagerDashboard/.venv/lib/python3.12/site-packages/django/contrib/auth/decorators.py", line 59, in _view_wrapper
    return view_func(request, *args, **kwargs)
           ^^^^^^^^^^^^^^^^^^^^^^^^^^^^^^^^^^^
  File "/home/pc/ProjectManagerDashboard/dashboard/views.py", line 618, in province_manager_dashboard
    'avg': round(sum(project_progress_data) / len(project_progress_data), 1) if project_progress_data else 0,
                 ^^^^^^^^^^^^^^^^^^^^^^^^^^
TypeError: unsupported operand type(s) for +: 'int' and 'str'
ERROR 2026-09-29 18:17:37,709 basehttp 9600 127751346808512 "GET /dashboard/dashboard/province-manager/ HTTP/1.1" 500 145
ERROR 2026-09-29 18:21:18,677 log 9725 128161953085120 Internal Server Error: /dashboard/dashboard/province-manager/
Traceback (most recent call last):
  File "/home/pc/ProjectManagerDashboard/.venv/lib/python3.12/site-packages/django/core/handlers/exception.py", line 55, in inner
    response = get_response(request)
               ^^^^^^^^^^^^^^^^^^^^^
  File "/home/pc/ProjectManagerDashboard/.venv/lib/python3.12/site-packages/django/core/handlers/base.py", line 197, in _get_response
    response = wrapped_callback(request, *callback_args, **callback_kwargs)
               ^^^^^^^^^^^^^^^^^^^^^^^^^^^^^^^^^^^^^^^^^^^^^^^^^^^^^^^^^^^^
  File "/home/pc/ProjectManagerDashboard/.venv/lib/python3.12/site-packages/django/contrib/auth/decorators.py", line 59, in _view_wrapper
    return view_func(request, *args, **kwargs)
           ^^^^^^^^^^^^^^^^^^^^^^^^^^^^^^^^^^^
  File "/home/pc/ProjectManagerDashboard/dashboard/views.py", line 627, in province_manager_dashboard
    projects_financial = user_projects.aggregate(
                         ^^^^^^^^^^^^^^^^^^^^^^^^
  File "/home/pc/ProjectManagerDashboard/.venv/lib/python3.12/site-packages/django/db/models/query.py", line 588, in aggregate
    return self.query.chain().get_aggregation(self.db, kwargs)
           ^^^^^^^^^^^^^^^^^^^^^^^^^^^^^^^^^^^^^^^^^^^^^^^^^^^
  File "/home/pc/ProjectManagerDashboard/.venv/lib/python3.12/site-packages/django/db/models/sql/query.py", line 460, in get_aggregation
    aggregate = aggregate_expr.resolve_expression(
                ^^^^^^^^^^^^^^^^^^^^^^^^^^^^^^^^^^
  File "/home/pc/ProjectManagerDashboard/.venv/lib/python3.12/site-packages/django/db/models/aggregates.py", line 63, in resolve_expression
    c = super().resolve_expression(query, allow_joins, reuse, summarize)
        ^^^^^^^^^^^^^^^^^^^^^^^^^^^^^^^^^^^^^^^^^^^^^^^^^^^^^^^^^^^^^^^^
  File "/home/pc/ProjectManagerDashboard/.venv/lib/python3.12/site-packages/django/db/models/expressions.py", line 300, in resolve_expression
    expr.resolve_expression(query, allow_joins, reuse, summarize, for_save)
  File "/home/pc/ProjectManagerDashboard/.venv/lib/python3.12/site-packages/django/db/models/expressions.py", line 902, in resolve_expression
    return query.resolve_ref(self.name, allow_joins, reuse, summarize)
           ^^^^^^^^^^^^^^^^^^^^^^^^^^^^^^^^^^^^^^^^^^^^^^^^^^^^^^^^^^^
  File "/home/pc/ProjectManagerDashboard/.venv/lib/python3.12/site-packages/django/db/models/sql/query.py", line 2049, in resolve_ref
    join_info = self.setup_joins(
                ^^^^^^^^^^^^^^^^^
  File "/home/pc/ProjectManagerDashboard/.venv/lib/python3.12/site-packages/django/db/models/sql/query.py", line 1900, in setup_joins
    path, final_field, targets, rest = self.names_to_path(
                                       ^^^^^^^^^^^^^^^^^^^
  File "/home/pc/ProjectManagerDashboard/.venv/lib/python3.12/site-packages/django/db/models/sql/query.py", line 1805, in names_to_path
    raise FieldError(
django.core.exceptions.FieldError: Cannot resolve keyword 'contract_amount' into field. Choices are: allocation_credit_cash_charity, allocation_credit_cash_national, allocation_credit_cash_province, allocation_credit_cash_travel, allocation_credit_treasury_national, allocation_credit_treasury_province, allocation_credit_treasury_travel, allocations, area_size, cached_required_credit_contracts, cached_required_credit_project, cached_total_debt, cash_allocations, city, created_at, created_by, created_by_id, debt, estimated_opening_time, expert_reviews, financial_allocations, floor, funding_requests, gallery_images, id, is_approved, is_expert_approved, is_submitted, name, notables, overall_status, physical_progress, program, program_id, project_id, project_type, province, rejection_comments, reports, site_area, situations, subprojects, summary, treasury_allocations, update_history, updated_at, wall_length
ERROR 2026-09-29 18:21:18,677 log 9725 128161953085120 Internal Server Error: /dashboard/dashboard/province-manager/
Traceback (most recent call last):
  File "/home/pc/ProjectManagerDashboard/.venv/lib/python3.12/site-packages/django/core/handlers/exception.py", line 55, in inner
    response = get_response(request)
               ^^^^^^^^^^^^^^^^^^^^^
  File "/home/pc/ProjectManagerDashboard/.venv/lib/python3.12/site-packages/django/core/handlers/base.py", line 197, in _get_response
    response = wrapped_callback(request, *callback_args, **callback_kwargs)
               ^^^^^^^^^^^^^^^^^^^^^^^^^^^^^^^^^^^^^^^^^^^^^^^^^^^^^^^^^^^^
  File "/home/pc/ProjectManagerDashboard/.venv/lib/python3.12/site-packages/django/contrib/auth/decorators.py", line 59, in _view_wrapper
    return view_func(request, *args, **kwargs)
           ^^^^^^^^^^^^^^^^^^^^^^^^^^^^^^^^^^^
  File "/home/pc/ProjectManagerDashboard/dashboard/views.py", line 627, in province_manager_dashboard
    projects_financial = user_projects.aggregate(
                         ^^^^^^^^^^^^^^^^^^^^^^^^
  File "/home/pc/ProjectManagerDashboard/.venv/lib/python3.12/site-packages/django/db/models/query.py", line 588, in aggregate
    return self.query.chain().get_aggregation(self.db, kwargs)
           ^^^^^^^^^^^^^^^^^^^^^^^^^^^^^^^^^^^^^^^^^^^^^^^^^^^
  File "/home/pc/ProjectManagerDashboard/.venv/lib/python3.12/site-packages/django/db/models/sql/query.py", line 460, in get_aggregation
    aggregate = aggregate_expr.resolve_expression(
                ^^^^^^^^^^^^^^^^^^^^^^^^^^^^^^^^^^
  File "/home/pc/ProjectManagerDashboard/.venv/lib/python3.12/site-packages/django/db/models/aggregates.py", line 63, in resolve_expression
    c = super().resolve_expression(query, allow_joins, reuse, summarize)
        ^^^^^^^^^^^^^^^^^^^^^^^^^^^^^^^^^^^^^^^^^^^^^^^^^^^^^^^^^^^^^^^^
  File "/home/pc/ProjectManagerDashboard/.venv/lib/python3.12/site-packages/django/db/models/expressions.py", line 300, in resolve_expression
    expr.resolve_expression(query, allow_joins, reuse, summarize, for_save)
  File "/home/pc/ProjectManagerDashboard/.venv/lib/python3.12/site-packages/django/db/models/expressions.py", line 902, in resolve_expression
    return query.resolve_ref(self.name, allow_joins, reuse, summarize)
           ^^^^^^^^^^^^^^^^^^^^^^^^^^^^^^^^^^^^^^^^^^^^^^^^^^^^^^^^^^^
  File "/home/pc/ProjectManagerDashboard/.venv/lib/python3.12/site-packages/django/db/models/sql/query.py", line 2049, in resolve_ref
    join_info = self.setup_joins(
                ^^^^^^^^^^^^^^^^^
  File "/home/pc/ProjectManagerDashboard/.venv/lib/python3.12/site-packages/django/db/models/sql/query.py", line 1900, in setup_joins
    path, final_field, targets, rest = self.names_to_path(
                                       ^^^^^^^^^^^^^^^^^^^
  File "/home/pc/ProjectManagerDashboard/.venv/lib/python3.12/site-packages/django/db/models/sql/query.py", line 1805, in names_to_path
    raise FieldError(
django.core.exceptions.FieldError: Cannot resolve keyword 'contract_amount' into field. Choices are: allocation_credit_cash_charity, allocation_credit_cash_national, allocation_credit_cash_province, allocation_credit_cash_travel, allocation_credit_treasury_national, allocation_credit_treasury_province, allocation_credit_treasury_travel, allocations, area_size, cached_required_credit_contracts, cached_required_credit_project, cached_total_debt, cash_allocations, city, created_at, created_by, created_by_id, debt, estimated_opening_time, expert_reviews, financial_allocations, floor, funding_requests, gallery_images, id, is_approved, is_expert_approved, is_submitted, name, notables, overall_status, physical_progress, program, program_id, project_id, project_type, province, rejection_comments, reports, site_area, situations, subprojects, summary, treasury_allocations, update_history, updated_at, wall_length
ERROR 2026-09-29 18:21:18,749 basehttp 9725 128161953085120 "GET /dashboard/dashboard/province-manager/ HTTP/1.1" 500 145
ERROR 2026-09-29 18:21:28,978 log 9725 128161953085120 Internal Server Error: /dashboard/dashboard/province-manager/
Traceback (most recent call last):
  File "/home/pc/ProjectManagerDashboard/.venv/lib/python3.12/site-packages/django/core/handlers/exception.py", line 55, in inner
    response = get_response(request)
               ^^^^^^^^^^^^^^^^^^^^^
  File "/home/pc/ProjectManagerDashboard/.venv/lib/python3.12/site-packages/django/core/handlers/base.py", line 197, in _get_response
    response = wrapped_callback(request, *callback_args, **callback_kwargs)
               ^^^^^^^^^^^^^^^^^^^^^^^^^^^^^^^^^^^^^^^^^^^^^^^^^^^^^^^^^^^^
  File "/home/pc/ProjectManagerDashboard/.venv/lib/python3.12/site-packages/django/contrib/auth/decorators.py", line 59, in _view_wrapper
    return view_func(request, *args, **kwargs)
           ^^^^^^^^^^^^^^^^^^^^^^^^^^^^^^^^^^^
  File "/home/pc/ProjectManagerDashboard/dashboard/views.py", line 627, in province_manager_dashboard
    projects_financial = user_projects.aggregate(
                         ^^^^^^^^^^^^^^^^^^^^^^^^
  File "/home/pc/ProjectManagerDashboard/.venv/lib/python3.12/site-packages/django/db/models/query.py", line 588, in aggregate
    return self.query.chain().get_aggregation(self.db, kwargs)
           ^^^^^^^^^^^^^^^^^^^^^^^^^^^^^^^^^^^^^^^^^^^^^^^^^^^
  File "/home/pc/ProjectManagerDashboard/.venv/lib/python3.12/site-packages/django/db/models/sql/query.py", line 460, in get_aggregation
    aggregate = aggregate_expr.resolve_expression(
                ^^^^^^^^^^^^^^^^^^^^^^^^^^^^^^^^^^
  File "/home/pc/ProjectManagerDashboard/.venv/lib/python3.12/site-packages/django/db/models/aggregates.py", line 63, in resolve_expression
    c = super().resolve_expression(query, allow_joins, reuse, summarize)
        ^^^^^^^^^^^^^^^^^^^^^^^^^^^^^^^^^^^^^^^^^^^^^^^^^^^^^^^^^^^^^^^^
  File "/home/pc/ProjectManagerDashboard/.venv/lib/python3.12/site-packages/django/db/models/expressions.py", line 300, in resolve_expression
    expr.resolve_expression(query, allow_joins, reuse, summarize, for_save)
  File "/home/pc/ProjectManagerDashboard/.venv/lib/python3.12/site-packages/django/db/models/expressions.py", line 902, in resolve_expression
    return query.resolve_ref(self.name, allow_joins, reuse, summarize)
           ^^^^^^^^^^^^^^^^^^^^^^^^^^^^^^^^^^^^^^^^^^^^^^^^^^^^^^^^^^^
  File "/home/pc/ProjectManagerDashboard/.venv/lib/python3.12/site-packages/django/db/models/sql/query.py", line 2049, in resolve_ref
    join_info = self.setup_joins(
                ^^^^^^^^^^^^^^^^^
  File "/home/pc/ProjectManagerDashboard/.venv/lib/python3.12/site-packages/django/db/models/sql/query.py", line 1900, in setup_joins
    path, final_field, targets, rest = self.names_to_path(
                                       ^^^^^^^^^^^^^^^^^^^
  File "/home/pc/ProjectManagerDashboard/.venv/lib/python3.12/site-packages/django/db/models/sql/query.py", line 1805, in names_to_path
    raise FieldError(
django.core.exceptions.FieldError: Cannot resolve keyword 'contract_amount' into field. Choices are: allocation_credit_cash_charity, allocation_credit_cash_national, allocation_credit_cash_province, allocation_credit_cash_travel, allocation_credit_treasury_national, allocation_credit_treasury_province, allocation_credit_treasury_travel, allocations, area_size, cached_required_credit_contracts, cached_required_credit_project, cached_total_debt, cash_allocations, city, created_at, created_by, created_by_id, debt, estimated_opening_time, expert_reviews, financial_allocations, floor, funding_requests, gallery_images, id, is_approved, is_expert_approved, is_submitted, name, notables, overall_status, physical_progress, program, program_id, project_id, project_type, province, rejection_comments, reports, site_area, situations, subprojects, summary, treasury_allocations, update_history, updated_at, wall_length
ERROR 2026-09-29 18:21:28,978 log 9725 128161953085120 Internal Server Error: /dashboard/dashboard/province-manager/
Traceback (most recent call last):
  File "/home/pc/ProjectManagerDashboard/.venv/lib/python3.12/site-packages/django/core/handlers/exception.py", line 55, in inner
    response = get_response(request)
               ^^^^^^^^^^^^^^^^^^^^^
  File "/home/pc/ProjectManagerDashboard/.venv/lib/python3.12/site-packages/django/core/handlers/base.py", line 197, in _get_response
    response = wrapped_callback(request, *callback_args, **callback_kwargs)
               ^^^^^^^^^^^^^^^^^^^^^^^^^^^^^^^^^^^^^^^^^^^^^^^^^^^^^^^^^^^^
  File "/home/pc/ProjectManagerDashboard/.venv/lib/python3.12/site-packages/django/contrib/auth/decorators.py", line 59, in _view_wrapper
    return view_func(request, *args, **kwargs)
           ^^^^^^^^^^^^^^^^^^^^^^^^^^^^^^^^^^^
  File "/home/pc/ProjectManagerDashboard/dashboard/views.py", line 627, in province_manager_dashboard
    projects_financial = user_projects.aggregate(
                         ^^^^^^^^^^^^^^^^^^^^^^^^
  File "/home/pc/ProjectManagerDashboard/.venv/lib/python3.12/site-packages/django/db/models/query.py", line 588, in aggregate
    return self.query.chain().get_aggregation(self.db, kwargs)
           ^^^^^^^^^^^^^^^^^^^^^^^^^^^^^^^^^^^^^^^^^^^^^^^^^^^
  File "/home/pc/ProjectManagerDashboard/.venv/lib/python3.12/site-packages/django/db/models/sql/query.py", line 460, in get_aggregation
    aggregate = aggregate_expr.resolve_expression(
                ^^^^^^^^^^^^^^^^^^^^^^^^^^^^^^^^^^
  File "/home/pc/ProjectManagerDashboard/.venv/lib/python3.12/site-packages/django/db/models/aggregates.py", line 63, in resolve_expression
    c = super().resolve_expression(query, allow_joins, reuse, summarize)
        ^^^^^^^^^^^^^^^^^^^^^^^^^^^^^^^^^^^^^^^^^^^^^^^^^^^^^^^^^^^^^^^^
  File "/home/pc/ProjectManagerDashboard/.venv/lib/python3.12/site-packages/django/db/models/expressions.py", line 300, in resolve_expression
    expr.resolve_expression(query, allow_joins, reuse, summarize, for_save)
  File "/home/pc/ProjectManagerDashboard/.venv/lib/python3.12/site-packages/django/db/models/expressions.py", line 902, in resolve_expression
    return query.resolve_ref(self.name, allow_joins, reuse, summarize)
           ^^^^^^^^^^^^^^^^^^^^^^^^^^^^^^^^^^^^^^^^^^^^^^^^^^^^^^^^^^^
  File "/home/pc/ProjectManagerDashboard/.venv/lib/python3.12/site-packages/django/db/models/sql/query.py", line 2049, in resolve_ref
    join_info = self.setup_joins(
                ^^^^^^^^^^^^^^^^^
  File "/home/pc/ProjectManagerDashboard/.venv/lib/python3.12/site-packages/django/db/models/sql/query.py", line 1900, in setup_joins
    path, final_field, targets, rest = self.names_to_path(
                                       ^^^^^^^^^^^^^^^^^^^
  File "/home/pc/ProjectManagerDashboard/.venv/lib/python3.12/site-packages/django/db/models/sql/query.py", line 1805, in names_to_path
    raise FieldError(
django.core.exceptions.FieldError: Cannot resolve keyword 'contract_amount' into field. Choices are: allocation_credit_cash_charity, allocation_credit_cash_national, allocation_credit_cash_province, allocation_credit_cash_travel, allocation_credit_treasury_national, allocation_credit_treasury_province, allocation_credit_treasury_travel, allocations, area_size, cached_required_credit_contracts, cached_required_credit_project, cached_total_debt, cash_allocations, city, created_at, created_by, created_by_id, debt, estimated_opening_time, expert_reviews, financial_allocations, floor, funding_requests, gallery_images, id, is_approved, is_expert_approved, is_submitted, name, notables, overall_status, physical_progress, program, program_id, project_id, project_type, province, rejection_comments, reports, site_area, situations, subprojects, summary, treasury_allocations, update_history, updated_at, wall_length
ERROR 2026-09-29 18:21:29,061 basehttp 9725 128161953085120 "GET /dashboard/dashboard/province-manager/ HTTP/1.1" 500 145
ERROR 2026-09-29 18:21:29,878 log 9725 128161953085120 Internal Server Error: /dashboard/dashboard/province-manager/
Traceback (most recent call last):
  File "/home/pc/ProjectManagerDashboard/.venv/lib/python3.12/site-packages/django/core/handlers/exception.py", line 55, in inner
    response = get_response(request)
               ^^^^^^^^^^^^^^^^^^^^^
  File "/home/pc/ProjectManagerDashboard/.venv/lib/python3.12/site-packages/django/core/handlers/base.py", line 197, in _get_response
    response = wrapped_callback(request, *callback_args, **callback_kwargs)
               ^^^^^^^^^^^^^^^^^^^^^^^^^^^^^^^^^^^^^^^^^^^^^^^^^^^^^^^^^^^^
  File "/home/pc/ProjectManagerDashboard/.venv/lib/python3.12/site-packages/django/contrib/auth/decorators.py", line 59, in _view_wrapper
    return view_func(request, *args, **kwargs)
           ^^^^^^^^^^^^^^^^^^^^^^^^^^^^^^^^^^^
  File "/home/pc/ProjectManagerDashboard/dashboard/views.py", line 627, in province_manager_dashboard
    projects_financial = user_projects.aggregate(
                         ^^^^^^^^^^^^^^^^^^^^^^^^
  File "/home/pc/ProjectManagerDashboard/.venv/lib/python3.12/site-packages/django/db/models/query.py", line 588, in aggregate
    return self.query.chain().get_aggregation(self.db, kwargs)
           ^^^^^^^^^^^^^^^^^^^^^^^^^^^^^^^^^^^^^^^^^^^^^^^^^^^
  File "/home/pc/ProjectManagerDashboard/.venv/lib/python3.12/site-packages/django/db/models/sql/query.py", line 460, in get_aggregation
    aggregate = aggregate_expr.resolve_expression(
                ^^^^^^^^^^^^^^^^^^^^^^^^^^^^^^^^^^
  File "/home/pc/ProjectManagerDashboard/.venv/lib/python3.12/site-packages/django/db/models/aggregates.py", line 63, in resolve_expression
    c = super().resolve_expression(query, allow_joins, reuse, summarize)
        ^^^^^^^^^^^^^^^^^^^^^^^^^^^^^^^^^^^^^^^^^^^^^^^^^^^^^^^^^^^^^^^^
  File "/home/pc/ProjectManagerDashboard/.venv/lib/python3.12/site-packages/django/db/models/expressions.py", line 300, in resolve_expression
    expr.resolve_expression(query, allow_joins, reuse, summarize, for_save)
  File "/home/pc/ProjectManagerDashboard/.venv/lib/python3.12/site-packages/django/db/models/expressions.py", line 902, in resolve_expression
    return query.resolve_ref(self.name, allow_joins, reuse, summarize)
           ^^^^^^^^^^^^^^^^^^^^^^^^^^^^^^^^^^^^^^^^^^^^^^^^^^^^^^^^^^^
  File "/home/pc/ProjectManagerDashboard/.venv/lib/python3.12/site-packages/django/db/models/sql/query.py", line 2049, in resolve_ref
    join_info = self.setup_joins(
                ^^^^^^^^^^^^^^^^^
  File "/home/pc/ProjectManagerDashboard/.venv/lib/python3.12/site-packages/django/db/models/sql/query.py", line 1900, in setup_joins
    path, final_field, targets, rest = self.names_to_path(
                                       ^^^^^^^^^^^^^^^^^^^
  File "/home/pc/ProjectManagerDashboard/.venv/lib/python3.12/site-packages/django/db/models/sql/query.py", line 1805, in names_to_path
    raise FieldError(
django.core.exceptions.FieldError: Cannot resolve keyword 'contract_amount' into field. Choices are: allocation_credit_cash_charity, allocation_credit_cash_national, allocation_credit_cash_province, allocation_credit_cash_travel, allocation_credit_treasury_national, allocation_credit_treasury_province, allocation_credit_treasury_travel, allocations, area_size, cached_required_credit_contracts, cached_required_credit_project, cached_total_debt, cash_allocations, city, created_at, created_by, created_by_id, debt, estimated_opening_time, expert_reviews, financial_allocations, floor, funding_requests, gallery_images, id, is_approved, is_expert_approved, is_submitted, name, notables, overall_status, physical_progress, program, program_id, project_id, project_type, province, rejection_comments, reports, site_area, situations, subprojects, summary, treasury_allocations, update_history, updated_at, wall_length
ERROR 2026-09-29 18:21:29,878 log 9725 128161953085120 Internal Server Error: /dashboard/dashboard/province-manager/
Traceback (most recent call last):
  File "/home/pc/ProjectManagerDashboard/.venv/lib/python3.12/site-packages/django/core/handlers/exception.py", line 55, in inner
    response = get_response(request)
               ^^^^^^^^^^^^^^^^^^^^^
  File "/home/pc/ProjectManagerDashboard/.venv/lib/python3.12/site-packages/django/core/handlers/base.py", line 197, in _get_response
    response = wrapped_callback(request, *callback_args, **callback_kwargs)
               ^^^^^^^^^^^^^^^^^^^^^^^^^^^^^^^^^^^^^^^^^^^^^^^^^^^^^^^^^^^^
  File "/home/pc/ProjectManagerDashboard/.venv/lib/python3.12/site-packages/django/contrib/auth/decorators.py", line 59, in _view_wrapper
    return view_func(request, *args, **kwargs)
           ^^^^^^^^^^^^^^^^^^^^^^^^^^^^^^^^^^^
  File "/home/pc/ProjectManagerDashboard/dashboard/views.py", line 627, in province_manager_dashboard
    projects_financial = user_projects.aggregate(
                         ^^^^^^^^^^^^^^^^^^^^^^^^
  File "/home/pc/ProjectManagerDashboard/.venv/lib/python3.12/site-packages/django/db/models/query.py", line 588, in aggregate
    return self.query.chain().get_aggregation(self.db, kwargs)
           ^^^^^^^^^^^^^^^^^^^^^^^^^^^^^^^^^^^^^^^^^^^^^^^^^^^
  File "/home/pc/ProjectManagerDashboard/.venv/lib/python3.12/site-packages/django/db/models/sql/query.py", line 460, in get_aggregation
    aggregate = aggregate_expr.resolve_expression(
                ^^^^^^^^^^^^^^^^^^^^^^^^^^^^^^^^^^
  File "/home/pc/ProjectManagerDashboard/.venv/lib/python3.12/site-packages/django/db/models/aggregates.py", line 63, in resolve_expression
    c = super().resolve_expression(query, allow_joins, reuse, summarize)
        ^^^^^^^^^^^^^^^^^^^^^^^^^^^^^^^^^^^^^^^^^^^^^^^^^^^^^^^^^^^^^^^^
  File "/home/pc/ProjectManagerDashboard/.venv/lib/python3.12/site-packages/django/db/models/expressions.py", line 300, in resolve_expression
    expr.resolve_expression(query, allow_joins, reuse, summarize, for_save)
  File "/home/pc/ProjectManagerDashboard/.venv/lib/python3.12/site-packages/django/db/models/expressions.py", line 902, in resolve_expression
    return query.resolve_ref(self.name, allow_joins, reuse, summarize)
           ^^^^^^^^^^^^^^^^^^^^^^^^^^^^^^^^^^^^^^^^^^^^^^^^^^^^^^^^^^^
  File "/home/pc/ProjectManagerDashboard/.venv/lib/python3.12/site-packages/django/db/models/sql/query.py", line 2049, in resolve_ref
    join_info = self.setup_joins(
                ^^^^^^^^^^^^^^^^^
  File "/home/pc/ProjectManagerDashboard/.venv/lib/python3.12/site-packages/django/db/models/sql/query.py", line 1900, in setup_joins
    path, final_field, targets, rest = self.names_to_path(
                                       ^^^^^^^^^^^^^^^^^^^
  File "/home/pc/ProjectManagerDashboard/.venv/lib/python3.12/site-packages/django/db/models/sql/query.py", line 1805, in names_to_path
    raise FieldError(
django.core.exceptions.FieldError: Cannot resolve keyword 'contract_amount' into field. Choices are: allocation_credit_cash_charity, allocation_credit_cash_national, allocation_credit_cash_province, allocation_credit_cash_travel, allocation_credit_treasury_national, allocation_credit_treasury_province, allocation_credit_treasury_travel, allocations, area_size, cached_required_credit_contracts, cached_required_credit_project, cached_total_debt, cash_allocations, city, created_at, created_by, created_by_id, debt, estimated_opening_time, expert_reviews, financial_allocations, floor, funding_requests, gallery_images, id, is_approved, is_expert_approved, is_submitted, name, notables, overall_status, physical_progress, program, program_id, project_id, project_type, province, rejection_comments, reports, site_area, situations, subprojects, summary, treasury_allocations, update_history, updated_at, wall_length
ERROR 2026-09-29 18:21:29,945 basehttp 9725 128161953085120 "GET /dashboard/dashboard/province-manager/ HTTP/1.1" 500 145
ERROR 2026-09-29 18:22:46,534 log 9725 128161953085120 Internal Server Error: /dashboard/dashboard/province-manager/
Traceback (most recent call last):
  File "/home/pc/ProjectManagerDashboard/.venv/lib/python3.12/site-packages/django/core/handlers/exception.py", line 55, in inner
    response = get_response(request)
               ^^^^^^^^^^^^^^^^^^^^^
  File "/home/pc/ProjectManagerDashboard/.venv/lib/python3.12/site-packages/django/core/handlers/base.py", line 197, in _get_response
    response = wrapped_callback(request, *callback_args, **callback_kwargs)
               ^^^^^^^^^^^^^^^^^^^^^^^^^^^^^^^^^^^^^^^^^^^^^^^^^^^^^^^^^^^^
  File "/home/pc/ProjectManagerDashboard/.venv/lib/python3.12/site-packages/django/contrib/auth/decorators.py", line 59, in _view_wrapper
    return view_func(request, *args, **kwargs)
           ^^^^^^^^^^^^^^^^^^^^^^^^^^^^^^^^^^^
  File "/home/pc/ProjectManagerDashboard/dashboard/views.py", line 627, in province_manager_dashboard
    projects_financial = user_projects.aggregate(
                         ^^^^^^^^^^^^^^^^^^^^^^^^
  File "/home/pc/ProjectManagerDashboard/.venv/lib/python3.12/site-packages/django/db/models/query.py", line 588, in aggregate
    return self.query.chain().get_aggregation(self.db, kwargs)
           ^^^^^^^^^^^^^^^^^^^^^^^^^^^^^^^^^^^^^^^^^^^^^^^^^^^
  File "/home/pc/ProjectManagerDashboard/.venv/lib/python3.12/site-packages/django/db/models/sql/query.py", line 460, in get_aggregation
    aggregate = aggregate_expr.resolve_expression(
                ^^^^^^^^^^^^^^^^^^^^^^^^^^^^^^^^^^
  File "/home/pc/ProjectManagerDashboard/.venv/lib/python3.12/site-packages/django/db/models/aggregates.py", line 63, in resolve_expression
    c = super().resolve_expression(query, allow_joins, reuse, summarize)
        ^^^^^^^^^^^^^^^^^^^^^^^^^^^^^^^^^^^^^^^^^^^^^^^^^^^^^^^^^^^^^^^^
  File "/home/pc/ProjectManagerDashboard/.venv/lib/python3.12/site-packages/django/db/models/expressions.py", line 300, in resolve_expression
    expr.resolve_expression(query, allow_joins, reuse, summarize, for_save)
  File "/home/pc/ProjectManagerDashboard/.venv/lib/python3.12/site-packages/django/db/models/expressions.py", line 902, in resolve_expression
    return query.resolve_ref(self.name, allow_joins, reuse, summarize)
           ^^^^^^^^^^^^^^^^^^^^^^^^^^^^^^^^^^^^^^^^^^^^^^^^^^^^^^^^^^^
  File "/home/pc/ProjectManagerDashboard/.venv/lib/python3.12/site-packages/django/db/models/sql/query.py", line 2049, in resolve_ref
    join_info = self.setup_joins(
                ^^^^^^^^^^^^^^^^^
  File "/home/pc/ProjectManagerDashboard/.venv/lib/python3.12/site-packages/django/db/models/sql/query.py", line 1900, in setup_joins
    path, final_field, targets, rest = self.names_to_path(
                                       ^^^^^^^^^^^^^^^^^^^
  File "/home/pc/ProjectManagerDashboard/.venv/lib/python3.12/site-packages/django/db/models/sql/query.py", line 1805, in names_to_path
    raise FieldError(
django.core.exceptions.FieldError: Cannot resolve keyword 'contract_amount' into field. Choices are: allocation_credit_cash_charity, allocation_credit_cash_national, allocation_credit_cash_province, allocation_credit_cash_travel, allocation_credit_treasury_national, allocation_credit_treasury_province, allocation_credit_treasury_travel, allocations, area_size, cached_required_credit_contracts, cached_required_credit_project, cached_total_debt, cash_allocations, city, created_at, created_by, created_by_id, debt, estimated_opening_time, expert_reviews, financial_allocations, floor, funding_requests, gallery_images, id, is_approved, is_expert_approved, is_submitted, name, notables, overall_status, physical_progress, program, program_id, project_id, project_type, province, rejection_comments, reports, site_area, situations, subprojects, summary, treasury_allocations, update_history, updated_at, wall_length
ERROR 2026-09-29 18:22:46,534 log 9725 128161953085120 Internal Server Error: /dashboard/dashboard/province-manager/
Traceback (most recent call last):
  File "/home/pc/ProjectManagerDashboard/.venv/lib/python3.12/site-packages/django/core/handlers/exception.py", line 55, in inner
    response = get_response(request)
               ^^^^^^^^^^^^^^^^^^^^^
  File "/home/pc/ProjectManagerDashboard/.venv/lib/python3.12/site-packages/django/core/handlers/base.py", line 197, in _get_response
    response = wrapped_callback(request, *callback_args, **callback_kwargs)
               ^^^^^^^^^^^^^^^^^^^^^^^^^^^^^^^^^^^^^^^^^^^^^^^^^^^^^^^^^^^^
  File "/home/pc/ProjectManagerDashboard/.venv/lib/python3.12/site-packages/django/contrib/auth/decorators.py", line 59, in _view_wrapper
    return view_func(request, *args, **kwargs)
           ^^^^^^^^^^^^^^^^^^^^^^^^^^^^^^^^^^^
  File "/home/pc/ProjectManagerDashboard/dashboard/views.py", line 627, in province_manager_dashboard
    projects_financial = user_projects.aggregate(
                         ^^^^^^^^^^^^^^^^^^^^^^^^
  File "/home/pc/ProjectManagerDashboard/.venv/lib/python3.12/site-packages/django/db/models/query.py", line 588, in aggregate
    return self.query.chain().get_aggregation(self.db, kwargs)
           ^^^^^^^^^^^^^^^^^^^^^^^^^^^^^^^^^^^^^^^^^^^^^^^^^^^
  File "/home/pc/ProjectManagerDashboard/.venv/lib/python3.12/site-packages/django/db/models/sql/query.py", line 460, in get_aggregation
    aggregate = aggregate_expr.resolve_expression(
                ^^^^^^^^^^^^^^^^^^^^^^^^^^^^^^^^^^
  File "/home/pc/ProjectManagerDashboard/.venv/lib/python3.12/site-packages/django/db/models/aggregates.py", line 63, in resolve_expression
    c = super().resolve_expression(query, allow_joins, reuse, summarize)
        ^^^^^^^^^^^^^^^^^^^^^^^^^^^^^^^^^^^^^^^^^^^^^^^^^^^^^^^^^^^^^^^^
  File "/home/pc/ProjectManagerDashboard/.venv/lib/python3.12/site-packages/django/db/models/expressions.py", line 300, in resolve_expression
    expr.resolve_expression(query, allow_joins, reuse, summarize, for_save)
  File "/home/pc/ProjectManagerDashboard/.venv/lib/python3.12/site-packages/django/db/models/expressions.py", line 902, in resolve_expression
    return query.resolve_ref(self.name, allow_joins, reuse, summarize)
           ^^^^^^^^^^^^^^^^^^^^^^^^^^^^^^^^^^^^^^^^^^^^^^^^^^^^^^^^^^^
  File "/home/pc/ProjectManagerDashboard/.venv/lib/python3.12/site-packages/django/db/models/sql/query.py", line 2049, in resolve_ref
    join_info = self.setup_joins(
                ^^^^^^^^^^^^^^^^^
  File "/home/pc/ProjectManagerDashboard/.venv/lib/python3.12/site-packages/django/db/models/sql/query.py", line 1900, in setup_joins
    path, final_field, targets, rest = self.names_to_path(
                                       ^^^^^^^^^^^^^^^^^^^
  File "/home/pc/ProjectManagerDashboard/.venv/lib/python3.12/site-packages/django/db/models/sql/query.py", line 1805, in names_to_path
    raise FieldError(
django.core.exceptions.FieldError: Cannot resolve keyword 'contract_amount' into field. Choices are: allocation_credit_cash_charity, allocation_credit_cash_national, allocation_credit_cash_province, allocation_credit_cash_travel, allocation_credit_treasury_national, allocation_credit_treasury_province, allocation_credit_treasury_travel, allocations, area_size, cached_required_credit_contracts, cached_required_credit_project, cached_total_debt, cash_allocations, city, created_at, created_by, created_by_id, debt, estimated_opening_time, expert_reviews, financial_allocations, floor, funding_requests, gallery_images, id, is_approved, is_expert_approved, is_submitted, name, notables, overall_status, physical_progress, program, program_id, project_id, project_type, province, rejection_comments, reports, site_area, situations, subprojects, summary, treasury_allocations, update_history, updated_at, wall_length
ERROR 2026-09-29 18:22:46,556 basehttp 9725 128161953085120 "GET /dashboard/dashboard/province-manager/ HTTP/1.1" 500 145
ERROR 2026-09-29 18:22:47,078 log 9725 128161953085120 Internal Server Error: /dashboard/dashboard/province-manager/
Traceback (most recent call last):
  File "/home/pc/ProjectManagerDashboard/.venv/lib/python3.12/site-packages/django/core/handlers/exception.py", line 55, in inner
    response = get_response(request)
               ^^^^^^^^^^^^^^^^^^^^^
  File "/home/pc/ProjectManagerDashboard/.venv/lib/python3.12/site-packages/django/core/handlers/base.py", line 197, in _get_response
    response = wrapped_callback(request, *callback_args, **callback_kwargs)
               ^^^^^^^^^^^^^^^^^^^^^^^^^^^^^^^^^^^^^^^^^^^^^^^^^^^^^^^^^^^^
  File "/home/pc/ProjectManagerDashboard/.venv/lib/python3.12/site-packages/django/contrib/auth/decorators.py", line 59, in _view_wrapper
    return view_func(request, *args, **kwargs)
           ^^^^^^^^^^^^^^^^^^^^^^^^^^^^^^^^^^^
  File "/home/pc/ProjectManagerDashboard/dashboard/views.py", line 627, in province_manager_dashboard
    projects_financial = user_projects.aggregate(
                         ^^^^^^^^^^^^^^^^^^^^^^^^
  File "/home/pc/ProjectManagerDashboard/.venv/lib/python3.12/site-packages/django/db/models/query.py", line 588, in aggregate
    return self.query.chain().get_aggregation(self.db, kwargs)
           ^^^^^^^^^^^^^^^^^^^^^^^^^^^^^^^^^^^^^^^^^^^^^^^^^^^
  File "/home/pc/ProjectManagerDashboard/.venv/lib/python3.12/site-packages/django/db/models/sql/query.py", line 460, in get_aggregation
    aggregate = aggregate_expr.resolve_expression(
                ^^^^^^^^^^^^^^^^^^^^^^^^^^^^^^^^^^
  File "/home/pc/ProjectManagerDashboard/.venv/lib/python3.12/site-packages/django/db/models/aggregates.py", line 63, in resolve_expression
    c = super().resolve_expression(query, allow_joins, reuse, summarize)
        ^^^^^^^^^^^^^^^^^^^^^^^^^^^^^^^^^^^^^^^^^^^^^^^^^^^^^^^^^^^^^^^^
  File "/home/pc/ProjectManagerDashboard/.venv/lib/python3.12/site-packages/django/db/models/expressions.py", line 300, in resolve_expression
    expr.resolve_expression(query, allow_joins, reuse, summarize, for_save)
  File "/home/pc/ProjectManagerDashboard/.venv/lib/python3.12/site-packages/django/db/models/expressions.py", line 902, in resolve_expression
    return query.resolve_ref(self.name, allow_joins, reuse, summarize)
           ^^^^^^^^^^^^^^^^^^^^^^^^^^^^^^^^^^^^^^^^^^^^^^^^^^^^^^^^^^^
  File "/home/pc/ProjectManagerDashboard/.venv/lib/python3.12/site-packages/django/db/models/sql/query.py", line 2049, in resolve_ref
    join_info = self.setup_joins(
                ^^^^^^^^^^^^^^^^^
  File "/home/pc/ProjectManagerDashboard/.venv/lib/python3.12/site-packages/django/db/models/sql/query.py", line 1900, in setup_joins
    path, final_field, targets, rest = self.names_to_path(
                                       ^^^^^^^^^^^^^^^^^^^
  File "/home/pc/ProjectManagerDashboard/.venv/lib/python3.12/site-packages/django/db/models/sql/query.py", line 1805, in names_to_path
    raise FieldError(
django.core.exceptions.FieldError: Cannot resolve keyword 'contract_amount' into field. Choices are: allocation_credit_cash_charity, allocation_credit_cash_national, allocation_credit_cash_province, allocation_credit_cash_travel, allocation_credit_treasury_national, allocation_credit_treasury_province, allocation_credit_treasury_travel, allocations, area_size, cached_required_credit_contracts, cached_required_credit_project, cached_total_debt, cash_allocations, city, created_at, created_by, created_by_id, debt, estimated_opening_time, expert_reviews, financial_allocations, floor, funding_requests, gallery_images, id, is_approved, is_expert_approved, is_submitted, name, notables, overall_status, physical_progress, program, program_id, project_id, project_type, province, rejection_comments, reports, site_area, situations, subprojects, summary, treasury_allocations, update_history, updated_at, wall_length
ERROR 2026-09-29 18:22:47,078 log 9725 128161953085120 Internal Server Error: /dashboard/dashboard/province-manager/
Traceback (most recent call last):
  File "/home/pc/ProjectManagerDashboard/.venv/lib/python3.12/site-packages/django/core/handlers/exception.py", line 55, in inner
    response = get_response(request)
               ^^^^^^^^^^^^^^^^^^^^^
  File "/home/pc/ProjectManagerDashboard/.venv/lib/python3.12/site-packages/django/core/handlers/base.py", line 197, in _get_response
    response = wrapped_callback(request, *callback_args, **callback_kwargs)
               ^^^^^^^^^^^^^^^^^^^^^^^^^^^^^^^^^^^^^^^^^^^^^^^^^^^^^^^^^^^^
  File "/home/pc/ProjectManagerDashboard/.venv/lib/python3.12/site-packages/django/contrib/auth/decorators.py", line 59, in _view_wrapper
    return view_func(request, *args, **kwargs)
           ^^^^^^^^^^^^^^^^^^^^^^^^^^^^^^^^^^^
  File "/home/pc/ProjectManagerDashboard/dashboard/views.py", line 627, in province_manager_dashboard
    projects_financial = user_projects.aggregate(
                         ^^^^^^^^^^^^^^^^^^^^^^^^
  File "/home/pc/ProjectManagerDashboard/.venv/lib/python3.12/site-packages/django/db/models/query.py", line 588, in aggregate
    return self.query.chain().get_aggregation(self.db, kwargs)
           ^^^^^^^^^^^^^^^^^^^^^^^^^^^^^^^^^^^^^^^^^^^^^^^^^^^
  File "/home/pc/ProjectManagerDashboard/.venv/lib/python3.12/site-packages/django/db/models/sql/query.py", line 460, in get_aggregation
    aggregate = aggregate_expr.resolve_expression(
                ^^^^^^^^^^^^^^^^^^^^^^^^^^^^^^^^^^
  File "/home/pc/ProjectManagerDashboard/.venv/lib/python3.12/site-packages/django/db/models/aggregates.py", line 63, in resolve_expression
    c = super().resolve_expression(query, allow_joins, reuse, summarize)
        ^^^^^^^^^^^^^^^^^^^^^^^^^^^^^^^^^^^^^^^^^^^^^^^^^^^^^^^^^^^^^^^^
  File "/home/pc/ProjectManagerDashboard/.venv/lib/python3.12/site-packages/django/db/models/expressions.py", line 300, in resolve_expression
    expr.resolve_expression(query, allow_joins, reuse, summarize, for_save)
  File "/home/pc/ProjectManagerDashboard/.venv/lib/python3.12/site-packages/django/db/models/expressions.py", line 902, in resolve_expression
    return query.resolve_ref(self.name, allow_joins, reuse, summarize)
           ^^^^^^^^^^^^^^^^^^^^^^^^^^^^^^^^^^^^^^^^^^^^^^^^^^^^^^^^^^^
  File "/home/pc/ProjectManagerDashboard/.venv/lib/python3.12/site-packages/django/db/models/sql/query.py", line 2049, in resolve_ref
    join_info = self.setup_joins(
                ^^^^^^^^^^^^^^^^^
  File "/home/pc/ProjectManagerDashboard/.venv/lib/python3.12/site-packages/django/db/models/sql/query.py", line 1900, in setup_joins
    path, final_field, targets, rest = self.names_to_path(
                                       ^^^^^^^^^^^^^^^^^^^
  File "/home/pc/ProjectManagerDashboard/.venv/lib/python3.12/site-packages/django/db/models/sql/query.py", line 1805, in names_to_path
    raise FieldError(
django.core.exceptions.FieldError: Cannot resolve keyword 'contract_amount' into field. Choices are: allocation_credit_cash_charity, allocation_credit_cash_national, allocation_credit_cash_province, allocation_credit_cash_travel, allocation_credit_treasury_national, allocation_credit_treasury_province, allocation_credit_treasury_travel, allocations, area_size, cached_required_credit_contracts, cached_required_credit_project, cached_total_debt, cash_allocations, city, created_at, created_by, created_by_id, debt, estimated_opening_time, expert_reviews, financial_allocations, floor, funding_requests, gallery_images, id, is_approved, is_expert_approved, is_submitted, name, notables, overall_status, physical_progress, program, program_id, project_id, project_type, province, rejection_comments, reports, site_area, situations, subprojects, summary, treasury_allocations, update_history, updated_at, wall_length
ERROR 2026-09-29 18:22:47,150 basehttp 9725 128161953085120 "GET /dashboard/dashboard/province-manager/ HTTP/1.1" 500 145
ERROR 2026-09-29 18:23:14,000 log 9835 128966458341056 Internal Server Error: /dashboard/dashboard/province-manager/
Traceback (most recent call last):
  File "/home/pc/ProjectManagerDashboard/.venv/lib/python3.12/site-packages/django/core/handlers/exception.py", line 55, in inner
    response = get_response(request)
               ^^^^^^^^^^^^^^^^^^^^^
  File "/home/pc/ProjectManagerDashboard/.venv/lib/python3.12/site-packages/django/core/handlers/base.py", line 197, in _get_response
    response = wrapped_callback(request, *callback_args, **callback_kwargs)
               ^^^^^^^^^^^^^^^^^^^^^^^^^^^^^^^^^^^^^^^^^^^^^^^^^^^^^^^^^^^^
  File "/home/pc/ProjectManagerDashboard/.venv/lib/python3.12/site-packages/django/contrib/auth/decorators.py", line 59, in _view_wrapper
    return view_func(request, *args, **kwargs)
           ^^^^^^^^^^^^^^^^^^^^^^^^^^^^^^^^^^^
  File "/home/pc/ProjectManagerDashboard/dashboard/views.py", line 627, in province_manager_dashboard
    projects_financial = user_projects.aggregate(
                         ^^^^^^^^^^^^^^^^^^^^^^^^
  File "/home/pc/ProjectManagerDashboard/.venv/lib/python3.12/site-packages/django/db/models/query.py", line 588, in aggregate
    return self.query.chain().get_aggregation(self.db, kwargs)
           ^^^^^^^^^^^^^^^^^^^^^^^^^^^^^^^^^^^^^^^^^^^^^^^^^^^
  File "/home/pc/ProjectManagerDashboard/.venv/lib/python3.12/site-packages/django/db/models/sql/query.py", line 460, in get_aggregation
    aggregate = aggregate_expr.resolve_expression(
                ^^^^^^^^^^^^^^^^^^^^^^^^^^^^^^^^^^
  File "/home/pc/ProjectManagerDashboard/.venv/lib/python3.12/site-packages/django/db/models/aggregates.py", line 63, in resolve_expression
    c = super().resolve_expression(query, allow_joins, reuse, summarize)
        ^^^^^^^^^^^^^^^^^^^^^^^^^^^^^^^^^^^^^^^^^^^^^^^^^^^^^^^^^^^^^^^^
  File "/home/pc/ProjectManagerDashboard/.venv/lib/python3.12/site-packages/django/db/models/expressions.py", line 300, in resolve_expression
    expr.resolve_expression(query, allow_joins, reuse, summarize, for_save)
  File "/home/pc/ProjectManagerDashboard/.venv/lib/python3.12/site-packages/django/db/models/expressions.py", line 902, in resolve_expression
    return query.resolve_ref(self.name, allow_joins, reuse, summarize)
           ^^^^^^^^^^^^^^^^^^^^^^^^^^^^^^^^^^^^^^^^^^^^^^^^^^^^^^^^^^^
  File "/home/pc/ProjectManagerDashboard/.venv/lib/python3.12/site-packages/django/db/models/sql/query.py", line 2049, in resolve_ref
    join_info = self.setup_joins(
                ^^^^^^^^^^^^^^^^^
  File "/home/pc/ProjectManagerDashboard/.venv/lib/python3.12/site-packages/django/db/models/sql/query.py", line 1900, in setup_joins
    path, final_field, targets, rest = self.names_to_path(
                                       ^^^^^^^^^^^^^^^^^^^
  File "/home/pc/ProjectManagerDashboard/.venv/lib/python3.12/site-packages/django/db/models/sql/query.py", line 1805, in names_to_path
    raise FieldError(
django.core.exceptions.FieldError: Cannot resolve keyword 'contract_amount' into field. Choices are: allocation_credit_cash_charity, allocation_credit_cash_national, allocation_credit_cash_province, allocation_credit_cash_travel, allocation_credit_treasury_national, allocation_credit_treasury_province, allocation_credit_treasury_travel, allocations, area_size, cached_required_credit_contracts, cached_required_credit_project, cached_total_debt, cash_allocations, city, created_at, created_by, created_by_id, debt, estimated_opening_time, expert_reviews, financial_allocations, floor, funding_requests, gallery_images, id, is_approved, is_expert_approved, is_submitted, name, notables, overall_status, physical_progress, program, program_id, project_id, project_type, province, rejection_comments, reports, site_area, situations, subprojects, summary, treasury_allocations, update_history, updated_at, wall_length
ERROR 2026-09-29 18:23:14,000 log 9835 128966458341056 Internal Server Error: /dashboard/dashboard/province-manager/
Traceback (most recent call last):
  File "/home/pc/ProjectManagerDashboard/.venv/lib/python3.12/site-packages/django/core/handlers/exception.py", line 55, in inner
    response = get_response(request)
               ^^^^^^^^^^^^^^^^^^^^^
  File "/home/pc/ProjectManagerDashboard/.venv/lib/python3.12/site-packages/django/core/handlers/base.py", line 197, in _get_response
    response = wrapped_callback(request, *callback_args, **callback_kwargs)
               ^^^^^^^^^^^^^^^^^^^^^^^^^^^^^^^^^^^^^^^^^^^^^^^^^^^^^^^^^^^^
  File "/home/pc/ProjectManagerDashboard/.venv/lib/python3.12/site-packages/django/contrib/auth/decorators.py", line 59, in _view_wrapper
    return view_func(request, *args, **kwargs)
           ^^^^^^^^^^^^^^^^^^^^^^^^^^^^^^^^^^^
  File "/home/pc/ProjectManagerDashboard/dashboard/views.py", line 627, in province_manager_dashboard
    projects_financial = user_projects.aggregate(
                         ^^^^^^^^^^^^^^^^^^^^^^^^
  File "/home/pc/ProjectManagerDashboard/.venv/lib/python3.12/site-packages/django/db/models/query.py", line 588, in aggregate
    return self.query.chain().get_aggregation(self.db, kwargs)
           ^^^^^^^^^^^^^^^^^^^^^^^^^^^^^^^^^^^^^^^^^^^^^^^^^^^
  File "/home/pc/ProjectManagerDashboard/.venv/lib/python3.12/site-packages/django/db/models/sql/query.py", line 460, in get_aggregation
    aggregate = aggregate_expr.resolve_expression(
                ^^^^^^^^^^^^^^^^^^^^^^^^^^^^^^^^^^
  File "/home/pc/ProjectManagerDashboard/.venv/lib/python3.12/site-packages/django/db/models/aggregates.py", line 63, in resolve_expression
    c = super().resolve_expression(query, allow_joins, reuse, summarize)
        ^^^^^^^^^^^^^^^^^^^^^^^^^^^^^^^^^^^^^^^^^^^^^^^^^^^^^^^^^^^^^^^^
  File "/home/pc/ProjectManagerDashboard/.venv/lib/python3.12/site-packages/django/db/models/expressions.py", line 300, in resolve_expression
    expr.resolve_expression(query, allow_joins, reuse, summarize, for_save)
  File "/home/pc/ProjectManagerDashboard/.venv/lib/python3.12/site-packages/django/db/models/expressions.py", line 902, in resolve_expression
    return query.resolve_ref(self.name, allow_joins, reuse, summarize)
           ^^^^^^^^^^^^^^^^^^^^^^^^^^^^^^^^^^^^^^^^^^^^^^^^^^^^^^^^^^^
  File "/home/pc/ProjectManagerDashboard/.venv/lib/python3.12/site-packages/django/db/models/sql/query.py", line 2049, in resolve_ref
    join_info = self.setup_joins(
                ^^^^^^^^^^^^^^^^^
  File "/home/pc/ProjectManagerDashboard/.venv/lib/python3.12/site-packages/django/db/models/sql/query.py", line 1900, in setup_joins
    path, final_field, targets, rest = self.names_to_path(
                                       ^^^^^^^^^^^^^^^^^^^
  File "/home/pc/ProjectManagerDashboard/.venv/lib/python3.12/site-packages/django/db/models/sql/query.py", line 1805, in names_to_path
    raise FieldError(
django.core.exceptions.FieldError: Cannot resolve keyword 'contract_amount' into field. Choices are: allocation_credit_cash_charity, allocation_credit_cash_national, allocation_credit_cash_province, allocation_credit_cash_travel, allocation_credit_treasury_national, allocation_credit_treasury_province, allocation_credit_treasury_travel, allocations, area_size, cached_required_credit_contracts, cached_required_credit_project, cached_total_debt, cash_allocations, city, created_at, created_by, created_by_id, debt, estimated_opening_time, expert_reviews, financial_allocations, floor, funding_requests, gallery_images, id, is_approved, is_expert_approved, is_submitted, name, notables, overall_status, physical_progress, program, program_id, project_id, project_type, province, rejection_comments, reports, site_area, situations, subprojects, summary, treasury_allocations, update_history, updated_at, wall_length
ERROR 2026-09-29 18:23:14,074 basehttp 9835 128966458341056 "GET /dashboard/dashboard/province-manager/ HTTP/1.1" 500 145
ERROR 2026-09-29 18:23:14,463 log 9835 128966458341056 Internal Server Error: /dashboard/dashboard/province-manager/
Traceback (most recent call last):
  File "/home/pc/ProjectManagerDashboard/.venv/lib/python3.12/site-packages/django/core/handlers/exception.py", line 55, in inner
    response = get_response(request)
               ^^^^^^^^^^^^^^^^^^^^^
  File "/home/pc/ProjectManagerDashboard/.venv/lib/python3.12/site-packages/django/core/handlers/base.py", line 197, in _get_response
    response = wrapped_callback(request, *callback_args, **callback_kwargs)
               ^^^^^^^^^^^^^^^^^^^^^^^^^^^^^^^^^^^^^^^^^^^^^^^^^^^^^^^^^^^^
  File "/home/pc/ProjectManagerDashboard/.venv/lib/python3.12/site-packages/django/contrib/auth/decorators.py", line 59, in _view_wrapper
    return view_func(request, *args, **kwargs)
           ^^^^^^^^^^^^^^^^^^^^^^^^^^^^^^^^^^^
  File "/home/pc/ProjectManagerDashboard/dashboard/views.py", line 627, in province_manager_dashboard
    projects_financial = user_projects.aggregate(
                         ^^^^^^^^^^^^^^^^^^^^^^^^
  File "/home/pc/ProjectManagerDashboard/.venv/lib/python3.12/site-packages/django/db/models/query.py", line 588, in aggregate
    return self.query.chain().get_aggregation(self.db, kwargs)
           ^^^^^^^^^^^^^^^^^^^^^^^^^^^^^^^^^^^^^^^^^^^^^^^^^^^
  File "/home/pc/ProjectManagerDashboard/.venv/lib/python3.12/site-packages/django/db/models/sql/query.py", line 460, in get_aggregation
    aggregate = aggregate_expr.resolve_expression(
                ^^^^^^^^^^^^^^^^^^^^^^^^^^^^^^^^^^
  File "/home/pc/ProjectManagerDashboard/.venv/lib/python3.12/site-packages/django/db/models/aggregates.py", line 63, in resolve_expression
    c = super().resolve_expression(query, allow_joins, reuse, summarize)
        ^^^^^^^^^^^^^^^^^^^^^^^^^^^^^^^^^^^^^^^^^^^^^^^^^^^^^^^^^^^^^^^^
  File "/home/pc/ProjectManagerDashboard/.venv/lib/python3.12/site-packages/django/db/models/expressions.py", line 300, in resolve_expression
    expr.resolve_expression(query, allow_joins, reuse, summarize, for_save)
  File "/home/pc/ProjectManagerDashboard/.venv/lib/python3.12/site-packages/django/db/models/expressions.py", line 902, in resolve_expression
    return query.resolve_ref(self.name, allow_joins, reuse, summarize)
           ^^^^^^^^^^^^^^^^^^^^^^^^^^^^^^^^^^^^^^^^^^^^^^^^^^^^^^^^^^^
  File "/home/pc/ProjectManagerDashboard/.venv/lib/python3.12/site-packages/django/db/models/sql/query.py", line 2049, in resolve_ref
    join_info = self.setup_joins(
                ^^^^^^^^^^^^^^^^^
  File "/home/pc/ProjectManagerDashboard/.venv/lib/python3.12/site-packages/django/db/models/sql/query.py", line 1900, in setup_joins
    path, final_field, targets, rest = self.names_to_path(
                                       ^^^^^^^^^^^^^^^^^^^
  File "/home/pc/ProjectManagerDashboard/.venv/lib/python3.12/site-packages/django/db/models/sql/query.py", line 1805, in names_to_path
    raise FieldError(
django.core.exceptions.FieldError: Cannot resolve keyword 'contract_amount' into field. Choices are: allocation_credit_cash_charity, allocation_credit_cash_national, allocation_credit_cash_province, allocation_credit_cash_travel, allocation_credit_treasury_national, allocation_credit_treasury_province, allocation_credit_treasury_travel, allocations, area_size, cached_required_credit_contracts, cached_required_credit_project, cached_total_debt, cash_allocations, city, created_at, created_by, created_by_id, debt, estimated_opening_time, expert_reviews, financial_allocations, floor, funding_requests, gallery_images, id, is_approved, is_expert_approved, is_submitted, name, notables, overall_status, physical_progress, program, program_id, project_id, project_type, province, rejection_comments, reports, site_area, situations, subprojects, summary, treasury_allocations, update_history, updated_at, wall_length
ERROR 2026-09-29 18:23:14,463 log 9835 128966458341056 Internal Server Error: /dashboard/dashboard/province-manager/
Traceback (most recent call last):
  File "/home/pc/ProjectManagerDashboard/.venv/lib/python3.12/site-packages/django/core/handlers/exception.py", line 55, in inner
    response = get_response(request)
               ^^^^^^^^^^^^^^^^^^^^^
  File "/home/pc/ProjectManagerDashboard/.venv/lib/python3.12/site-packages/django/core/handlers/base.py", line 197, in _get_response
    response = wrapped_callback(request, *callback_args, **callback_kwargs)
               ^^^^^^^^^^^^^^^^^^^^^^^^^^^^^^^^^^^^^^^^^^^^^^^^^^^^^^^^^^^^
  File "/home/pc/ProjectManagerDashboard/.venv/lib/python3.12/site-packages/django/contrib/auth/decorators.py", line 59, in _view_wrapper
    return view_func(request, *args, **kwargs)
           ^^^^^^^^^^^^^^^^^^^^^^^^^^^^^^^^^^^
  File "/home/pc/ProjectManagerDashboard/dashboard/views.py", line 627, in province_manager_dashboard
    projects_financial = user_projects.aggregate(
                         ^^^^^^^^^^^^^^^^^^^^^^^^
  File "/home/pc/ProjectManagerDashboard/.venv/lib/python3.12/site-packages/django/db/models/query.py", line 588, in aggregate
    return self.query.chain().get_aggregation(self.db, kwargs)
           ^^^^^^^^^^^^^^^^^^^^^^^^^^^^^^^^^^^^^^^^^^^^^^^^^^^
  File "/home/pc/ProjectManagerDashboard/.venv/lib/python3.12/site-packages/django/db/models/sql/query.py", line 460, in get_aggregation
    aggregate = aggregate_expr.resolve_expression(
                ^^^^^^^^^^^^^^^^^^^^^^^^^^^^^^^^^^
  File "/home/pc/ProjectManagerDashboard/.venv/lib/python3.12/site-packages/django/db/models/aggregates.py", line 63, in resolve_expression
    c = super().resolve_expression(query, allow_joins, reuse, summarize)
        ^^^^^^^^^^^^^^^^^^^^^^^^^^^^^^^^^^^^^^^^^^^^^^^^^^^^^^^^^^^^^^^^
  File "/home/pc/ProjectManagerDashboard/.venv/lib/python3.12/site-packages/django/db/models/expressions.py", line 300, in resolve_expression
    expr.resolve_expression(query, allow_joins, reuse, summarize, for_save)
  File "/home/pc/ProjectManagerDashboard/.venv/lib/python3.12/site-packages/django/db/models/expressions.py", line 902, in resolve_expression
    return query.resolve_ref(self.name, allow_joins, reuse, summarize)
           ^^^^^^^^^^^^^^^^^^^^^^^^^^^^^^^^^^^^^^^^^^^^^^^^^^^^^^^^^^^
  File "/home/pc/ProjectManagerDashboard/.venv/lib/python3.12/site-packages/django/db/models/sql/query.py", line 2049, in resolve_ref
    join_info = self.setup_joins(
                ^^^^^^^^^^^^^^^^^
  File "/home/pc/ProjectManagerDashboard/.venv/lib/python3.12/site-packages/django/db/models/sql/query.py", line 1900, in setup_joins
    path, final_field, targets, rest = self.names_to_path(
                                       ^^^^^^^^^^^^^^^^^^^
  File "/home/pc/ProjectManagerDashboard/.venv/lib/python3.12/site-packages/django/db/models/sql/query.py", line 1805, in names_to_path
    raise FieldError(
django.core.exceptions.FieldError: Cannot resolve keyword 'contract_amount' into field. Choices are: allocation_credit_cash_charity, allocation_credit_cash_national, allocation_credit_cash_province, allocation_credit_cash_travel, allocation_credit_treasury_national, allocation_credit_treasury_province, allocation_credit_treasury_travel, allocations, area_size, cached_required_credit_contracts, cached_required_credit_project, cached_total_debt, cash_allocations, city, created_at, created_by, created_by_id, debt, estimated_opening_time, expert_reviews, financial_allocations, floor, funding_requests, gallery_images, id, is_approved, is_expert_approved, is_submitted, name, notables, overall_status, physical_progress, program, program_id, project_id, project_type, province, rejection_comments, reports, site_area, situations, subprojects, summary, treasury_allocations, update_history, updated_at, wall_length
ERROR 2026-09-29 18:23:14,474 basehttp 9835 128966458341056 "GET /dashboard/dashboard/province-manager/ HTTP/1.1" 500 145
ERROR 2026-09-29 18:25:03,572 log 10017 123387475494592 Internal Server Error: /dashboard/dashboard/province-manager/
Traceback (most recent call last):
  File "/home/pc/ProjectManagerDashboard/.venv/lib/python3.12/site-packages/django/db/models/sql/query.py", line 2237, in add_fields
    join_info = self.setup_joins(
                ^^^^^^^^^^^^^^^^^
  File "/home/pc/ProjectManagerDashboard/.venv/lib/python3.12/site-packages/django/db/models/sql/query.py", line 1900, in setup_joins
    path, final_field, targets, rest = self.names_to_path(
                                       ^^^^^^^^^^^^^^^^^^^
  File "/home/pc/ProjectManagerDashboard/.venv/lib/python3.12/site-packages/django/db/models/sql/query.py", line 1805, in names_to_path
    raise FieldError(
django.core.exceptions.FieldError: Cannot resolve keyword 'situation' into field. Choices are: adjustment_coefficient, adjustment_situation_reports, consultant_name, consultant_national_id, contract_amount, contract_end_date, contract_start_date, contract_type, contractor_id, contractor_name, cost_calculation_method, created_at, created_by, created_by_id, dependent_subprojects, description, end_date, execution_method, expert_reviews, financial_documents, has_25_percent_increase, has_adjustment, has_consultant, has_tax_insurance_increase, id, imagenary_duration, imagenrary_cost, increase_coefficient_25_percent, is_suportting_charity, name, payments, physical_progress, predicted_adjustment_amount, project, project_id, project_stage, rejection_comments, related_subproject, related_subproject_id, relationship_delay, relationship_type, remaining_work, reports, situation_amount, situation_reports, start_date, state, sub_project_number, subproject_debt, tax_insurance_increase_percentage, tender_type, total_adjustment_amount, total_prepayments, transaction_threshold, update_history, updated_at

During handling of the above exception, another exception occurred:

Traceback (most recent call last):
  File "/home/pc/ProjectManagerDashboard/.venv/lib/python3.12/site-packages/django/core/handlers/exception.py", line 55, in inner
    response = get_response(request)
               ^^^^^^^^^^^^^^^^^^^^^
  File "/home/pc/ProjectManagerDashboard/.venv/lib/python3.12/site-packages/django/core/handlers/base.py", line 197, in _get_response
    response = wrapped_callback(request, *callback_args, **callback_kwargs)
               ^^^^^^^^^^^^^^^^^^^^^^^^^^^^^^^^^^^^^^^^^^^^^^^^^^^^^^^^^^^^
  File "/home/pc/ProjectManagerDashboard/.venv/lib/python3.12/site-packages/django/contrib/auth/decorators.py", line 59, in _view_wrapper
    return view_func(request, *args, **kwargs)
           ^^^^^^^^^^^^^^^^^^^^^^^^^^^^^^^^^^^
  File "/home/pc/ProjectManagerDashboard/dashboard/views.py", line 642, in province_manager_dashboard
    subprojects_by_situation = user_subprojects.values('situation').annotate(count=Count('id')).order_by('-count')
                               ^^^^^^^^^^^^^^^^^^^^^^^^^^^^^^^^^^^^
  File "/home/pc/ProjectManagerDashboard/.venv/lib/python3.12/site-packages/django/db/models/query.py", line 1368, in values
    clone = self._values(*fields, **expressions)
            ^^^^^^^^^^^^^^^^^^^^^^^^^^^^^^^^^^^^
  File "/home/pc/ProjectManagerDashboard/.venv/lib/python3.12/site-packages/django/db/models/query.py", line 1363, in _values
    clone.query.set_values(fields)
  File "/home/pc/ProjectManagerDashboard/.venv/lib/python3.12/site-packages/django/db/models/sql/query.py", line 2563, in set_values
    self.add_fields(field_names, True)
  File "/home/pc/ProjectManagerDashboard/.venv/lib/python3.12/site-packages/django/db/models/sql/query.py", line 2265, in add_fields
    raise FieldError(
django.core.exceptions.FieldError: Cannot resolve keyword 'situation' into field. Choices are: adjustment_coefficient, adjustment_situation_reports, consultant_name, consultant_national_id, contract_amount, contract_end_date, contract_start_date, contract_type, contractor_id, contractor_name, cost_calculation_method, created_at, created_by, created_by_id, dependent_subprojects, description, end_date, execution_method, expert_reviews, financial_documents, has_25_percent_increase, has_adjustment, has_consultant, has_tax_insurance_increase, id, imagenary_duration, imagenrary_cost, increase_coefficient_25_percent, is_suportting_charity, name, payments, physical_progress, predicted_adjustment_amount, project, project_id, project_stage, rejection_comments, related_subproject, related_subproject_id, relationship_delay, relationship_type, remaining_work, reports, situation_amount, situation_reports, start_date, state, sub_project_number, subproject_debt, tax_insurance_increase_percentage, tender_type, total_adjustment_amount, total_prepayments, transaction_threshold, update_history, updated_at
ERROR 2026-09-29 18:25:03,572 log 10017 123387475494592 Internal Server Error: /dashboard/dashboard/province-manager/
Traceback (most recent call last):
  File "/home/pc/ProjectManagerDashboard/.venv/lib/python3.12/site-packages/django/db/models/sql/query.py", line 2237, in add_fields
    join_info = self.setup_joins(
                ^^^^^^^^^^^^^^^^^
  File "/home/pc/ProjectManagerDashboard/.venv/lib/python3.12/site-packages/django/db/models/sql/query.py", line 1900, in setup_joins
    path, final_field, targets, rest = self.names_to_path(
                                       ^^^^^^^^^^^^^^^^^^^
  File "/home/pc/ProjectManagerDashboard/.venv/lib/python3.12/site-packages/django/db/models/sql/query.py", line 1805, in names_to_path
    raise FieldError(
django.core.exceptions.FieldError: Cannot resolve keyword 'situation' into field. Choices are: adjustment_coefficient, adjustment_situation_reports, consultant_name, consultant_national_id, contract_amount, contract_end_date, contract_start_date, contract_type, contractor_id, contractor_name, cost_calculation_method, created_at, created_by, created_by_id, dependent_subprojects, description, end_date, execution_method, expert_reviews, financial_documents, has_25_percent_increase, has_adjustment, has_consultant, has_tax_insurance_increase, id, imagenary_duration, imagenrary_cost, increase_coefficient_25_percent, is_suportting_charity, name, payments, physical_progress, predicted_adjustment_amount, project, project_id, project_stage, rejection_comments, related_subproject, related_subproject_id, relationship_delay, relationship_type, remaining_work, reports, situation_amount, situation_reports, start_date, state, sub_project_number, subproject_debt, tax_insurance_increase_percentage, tender_type, total_adjustment_amount, total_prepayments, transaction_threshold, update_history, updated_at

During handling of the above exception, another exception occurred:

Traceback (most recent call last):
  File "/home/pc/ProjectManagerDashboard/.venv/lib/python3.12/site-packages/django/core/handlers/exception.py", line 55, in inner
    response = get_response(request)
               ^^^^^^^^^^^^^^^^^^^^^
  File "/home/pc/ProjectManagerDashboard/.venv/lib/python3.12/site-packages/django/core/handlers/base.py", line 197, in _get_response
    response = wrapped_callback(request, *callback_args, **callback_kwargs)
               ^^^^^^^^^^^^^^^^^^^^^^^^^^^^^^^^^^^^^^^^^^^^^^^^^^^^^^^^^^^^
  File "/home/pc/ProjectManagerDashboard/.venv/lib/python3.12/site-packages/django/contrib/auth/decorators.py", line 59, in _view_wrapper
    return view_func(request, *args, **kwargs)
           ^^^^^^^^^^^^^^^^^^^^^^^^^^^^^^^^^^^
  File "/home/pc/ProjectManagerDashboard/dashboard/views.py", line 642, in province_manager_dashboard
    subprojects_by_situation = user_subprojects.values('situation').annotate(count=Count('id')).order_by('-count')
                               ^^^^^^^^^^^^^^^^^^^^^^^^^^^^^^^^^^^^
  File "/home/pc/ProjectManagerDashboard/.venv/lib/python3.12/site-packages/django/db/models/query.py", line 1368, in values
    clone = self._values(*fields, **expressions)
            ^^^^^^^^^^^^^^^^^^^^^^^^^^^^^^^^^^^^
  File "/home/pc/ProjectManagerDashboard/.venv/lib/python3.12/site-packages/django/db/models/query.py", line 1363, in _values
    clone.query.set_values(fields)
  File "/home/pc/ProjectManagerDashboard/.venv/lib/python3.12/site-packages/django/db/models/sql/query.py", line 2563, in set_values
    self.add_fields(field_names, True)
  File "/home/pc/ProjectManagerDashboard/.venv/lib/python3.12/site-packages/django/db/models/sql/query.py", line 2265, in add_fields
    raise FieldError(
django.core.exceptions.FieldError: Cannot resolve keyword 'situation' into field. Choices are: adjustment_coefficient, adjustment_situation_reports, consultant_name, consultant_national_id, contract_amount, contract_end_date, contract_start_date, contract_type, contractor_id, contractor_name, cost_calculation_method, created_at, created_by, created_by_id, dependent_subprojects, description, end_date, execution_method, expert_reviews, financial_documents, has_25_percent_increase, has_adjustment, has_consultant, has_tax_insurance_increase, id, imagenary_duration, imagenrary_cost, increase_coefficient_25_percent, is_suportting_charity, name, payments, physical_progress, predicted_adjustment_amount, project, project_id, project_stage, rejection_comments, related_subproject, related_subproject_id, relationship_delay, relationship_type, remaining_work, reports, situation_amount, situation_reports, start_date, state, sub_project_number, subproject_debt, tax_insurance_increase_percentage, tender_type, total_adjustment_amount, total_prepayments, transaction_threshold, update_history, updated_at
ERROR 2026-09-29 18:25:03,587 basehttp 10017 123387475494592 "GET /dashboard/dashboard/province-manager/ HTTP/1.1" 500 145
ERROR 2026-09-29 18:25:11,331 log 10017 123387475494592 Internal Server Error: /dashboard/dashboard/province-manager/
Traceback (most recent call last):
  File "/home/pc/ProjectManagerDashboard/.venv/lib/python3.12/site-packages/django/db/models/sql/query.py", line 2237, in add_fields
    join_info = self.setup_joins(
                ^^^^^^^^^^^^^^^^^
  File "/home/pc/ProjectManagerDashboard/.venv/lib/python3.12/site-packages/django/db/models/sql/query.py", line 1900, in setup_joins
    path, final_field, targets, rest = self.names_to_path(
                                       ^^^^^^^^^^^^^^^^^^^
  File "/home/pc/ProjectManagerDashboard/.venv/lib/python3.12/site-packages/django/db/models/sql/query.py", line 1805, in names_to_path
    raise FieldError(
django.core.exceptions.FieldError: Cannot resolve keyword 'situation' into field. Choices are: adjustment_coefficient, adjustment_situation_reports, consultant_name, consultant_national_id, contract_amount, contract_end_date, contract_start_date, contract_type, contractor_id, contractor_name, cost_calculation_method, created_at, created_by, created_by_id, dependent_subprojects, description, end_date, execution_method, expert_reviews, financial_documents, has_25_percent_increase, has_adjustment, has_consultant, has_tax_insurance_increase, id, imagenary_duration, imagenrary_cost, increase_coefficient_25_percent, is_suportting_charity, name, payments, physical_progress, predicted_adjustment_amount, project, project_id, project_stage, rejection_comments, related_subproject, related_subproject_id, relationship_delay, relationship_type, remaining_work, reports, situation_amount, situation_reports, start_date, state, sub_project_number, subproject_debt, tax_insurance_increase_percentage, tender_type, total_adjustment_amount, total_prepayments, transaction_threshold, update_history, updated_at

During handling of the above exception, another exception occurred:

Traceback (most recent call last):
  File "/home/pc/ProjectManagerDashboard/.venv/lib/python3.12/site-packages/django/core/handlers/exception.py", line 55, in inner
    response = get_response(request)
               ^^^^^^^^^^^^^^^^^^^^^
  File "/home/pc/ProjectManagerDashboard/.venv/lib/python3.12/site-packages/django/core/handlers/base.py", line 197, in _get_response
    response = wrapped_callback(request, *callback_args, **callback_kwargs)
               ^^^^^^^^^^^^^^^^^^^^^^^^^^^^^^^^^^^^^^^^^^^^^^^^^^^^^^^^^^^^
  File "/home/pc/ProjectManagerDashboard/.venv/lib/python3.12/site-packages/django/contrib/auth/decorators.py", line 59, in _view_wrapper
    return view_func(request, *args, **kwargs)
           ^^^^^^^^^^^^^^^^^^^^^^^^^^^^^^^^^^^
  File "/home/pc/ProjectManagerDashboard/dashboard/views.py", line 642, in province_manager_dashboard
    subprojects_by_situation = user_subprojects.values('situation').annotate(count=Count('id')).order_by('-count')
                               ^^^^^^^^^^^^^^^^^^^^^^^^^^^^^^^^^^^^
  File "/home/pc/ProjectManagerDashboard/.venv/lib/python3.12/site-packages/django/db/models/query.py", line 1368, in values
    clone = self._values(*fields, **expressions)
            ^^^^^^^^^^^^^^^^^^^^^^^^^^^^^^^^^^^^
  File "/home/pc/ProjectManagerDashboard/.venv/lib/python3.12/site-packages/django/db/models/query.py", line 1363, in _values
    clone.query.set_values(fields)
  File "/home/pc/ProjectManagerDashboard/.venv/lib/python3.12/site-packages/django/db/models/sql/query.py", line 2563, in set_values
    self.add_fields(field_names, True)
  File "/home/pc/ProjectManagerDashboard/.venv/lib/python3.12/site-packages/django/db/models/sql/query.py", line 2265, in add_fields
    raise FieldError(
django.core.exceptions.FieldError: Cannot resolve keyword 'situation' into field. Choices are: adjustment_coefficient, adjustment_situation_reports, consultant_name, consultant_national_id, contract_amount, contract_end_date, contract_start_date, contract_type, contractor_id, contractor_name, cost_calculation_method, created_at, created_by, created_by_id, dependent_subprojects, description, end_date, execution_method, expert_reviews, financial_documents, has_25_percent_increase, has_adjustment, has_consultant, has_tax_insurance_increase, id, imagenary_duration, imagenrary_cost, increase_coefficient_25_percent, is_suportting_charity, name, payments, physical_progress, predicted_adjustment_amount, project, project_id, project_stage, rejection_comments, related_subproject, related_subproject_id, relationship_delay, relationship_type, remaining_work, reports, situation_amount, situation_reports, start_date, state, sub_project_number, subproject_debt, tax_insurance_increase_percentage, tender_type, total_adjustment_amount, total_prepayments, transaction_threshold, update_history, updated_at
ERROR 2026-09-29 18:25:11,331 log 10017 123387475494592 Internal Server Error: /dashboard/dashboard/province-manager/
Traceback (most recent call last):
  File "/home/pc/ProjectManagerDashboard/.venv/lib/python3.12/site-packages/django/db/models/sql/query.py", line 2237, in add_fields
    join_info = self.setup_joins(
                ^^^^^^^^^^^^^^^^^
  File "/home/pc/ProjectManagerDashboard/.venv/lib/python3.12/site-packages/django/db/models/sql/query.py", line 1900, in setup_joins
    path, final_field, targets, rest = self.names_to_path(
                                       ^^^^^^^^^^^^^^^^^^^
  File "/home/pc/ProjectManagerDashboard/.venv/lib/python3.12/site-packages/django/db/models/sql/query.py", line 1805, in names_to_path
    raise FieldError(
django.core.exceptions.FieldError: Cannot resolve keyword 'situation' into field. Choices are: adjustment_coefficient, adjustment_situation_reports, consultant_name, consultant_national_id, contract_amount, contract_end_date, contract_start_date, contract_type, contractor_id, contractor_name, cost_calculation_method, created_at, created_by, created_by_id, dependent_subprojects, description, end_date, execution_method, expert_reviews, financial_documents, has_25_percent_increase, has_adjustment, has_consultant, has_tax_insurance_increase, id, imagenary_duration, imagenrary_cost, increase_coefficient_25_percent, is_suportting_charity, name, payments, physical_progress, predicted_adjustment_amount, project, project_id, project_stage, rejection_comments, related_subproject, related_subproject_id, relationship_delay, relationship_type, remaining_work, reports, situation_amount, situation_reports, start_date, state, sub_project_number, subproject_debt, tax_insurance_increase_percentage, tender_type, total_adjustment_amount, total_prepayments, transaction_threshold, update_history, updated_at

During handling of the above exception, another exception occurred:

Traceback (most recent call last):
  File "/home/pc/ProjectManagerDashboard/.venv/lib/python3.12/site-packages/django/core/handlers/exception.py", line 55, in inner
    response = get_response(request)
               ^^^^^^^^^^^^^^^^^^^^^
  File "/home/pc/ProjectManagerDashboard/.venv/lib/python3.12/site-packages/django/core/handlers/base.py", line 197, in _get_response
    response = wrapped_callback(request, *callback_args, **callback_kwargs)
               ^^^^^^^^^^^^^^^^^^^^^^^^^^^^^^^^^^^^^^^^^^^^^^^^^^^^^^^^^^^^
  File "/home/pc/ProjectManagerDashboard/.venv/lib/python3.12/site-packages/django/contrib/auth/decorators.py", line 59, in _view_wrapper
    return view_func(request, *args, **kwargs)
           ^^^^^^^^^^^^^^^^^^^^^^^^^^^^^^^^^^^
  File "/home/pc/ProjectManagerDashboard/dashboard/views.py", line 642, in province_manager_dashboard
    subprojects_by_situation = user_subprojects.values('situation').annotate(count=Count('id')).order_by('-count')
                               ^^^^^^^^^^^^^^^^^^^^^^^^^^^^^^^^^^^^
  File "/home/pc/ProjectManagerDashboard/.venv/lib/python3.12/site-packages/django/db/models/query.py", line 1368, in values
    clone = self._values(*fields, **expressions)
            ^^^^^^^^^^^^^^^^^^^^^^^^^^^^^^^^^^^^
  File "/home/pc/ProjectManagerDashboard/.venv/lib/python3.12/site-packages/django/db/models/query.py", line 1363, in _values
    clone.query.set_values(fields)
  File "/home/pc/ProjectManagerDashboard/.venv/lib/python3.12/site-packages/django/db/models/sql/query.py", line 2563, in set_values
    self.add_fields(field_names, True)
  File "/home/pc/ProjectManagerDashboard/.venv/lib/python3.12/site-packages/django/db/models/sql/query.py", line 2265, in add_fields
    raise FieldError(
django.core.exceptions.FieldError: Cannot resolve keyword 'situation' into field. Choices are: adjustment_coefficient, adjustment_situation_reports, consultant_name, consultant_national_id, contract_amount, contract_end_date, contract_start_date, contract_type, contractor_id, contractor_name, cost_calculation_method, created_at, created_by, created_by_id, dependent_subprojects, description, end_date, execution_method, expert_reviews, financial_documents, has_25_percent_increase, has_adjustment, has_consultant, has_tax_insurance_increase, id, imagenary_duration, imagenrary_cost, increase_coefficient_25_percent, is_suportting_charity, name, payments, physical_progress, predicted_adjustment_amount, project, project_id, project_stage, rejection_comments, related_subproject, related_subproject_id, relationship_delay, relationship_type, remaining_work, reports, situation_amount, situation_reports, start_date, state, sub_project_number, subproject_debt, tax_insurance_increase_percentage, tender_type, total_adjustment_amount, total_prepayments, transaction_threshold, update_history, updated_at
ERROR 2026-09-29 18:25:11,344 basehttp 10017 123387475494592 "GET /dashboard/dashboard/province-manager/ HTTP/1.1" 500 145
ERROR 2026-09-29 18:25:11,899 log 10017 123387475494592 Internal Server Error: /dashboard/dashboard/province-manager/
Traceback (most recent call last):
  File "/home/pc/ProjectManagerDashboard/.venv/lib/python3.12/site-packages/django/db/models/sql/query.py", line 2237, in add_fields
    join_info = self.setup_joins(
                ^^^^^^^^^^^^^^^^^
  File "/home/pc/ProjectManagerDashboard/.venv/lib/python3.12/site-packages/django/db/models/sql/query.py", line 1900, in setup_joins
    path, final_field, targets, rest = self.names_to_path(
                                       ^^^^^^^^^^^^^^^^^^^
  File "/home/pc/ProjectManagerDashboard/.venv/lib/python3.12/site-packages/django/db/models/sql/query.py", line 1805, in names_to_path
    raise FieldError(
django.core.exceptions.FieldError: Cannot resolve keyword 'situation' into field. Choices are: adjustment_coefficient, adjustment_situation_reports, consultant_name, consultant_national_id, contract_amount, contract_end_date, contract_start_date, contract_type, contractor_id, contractor_name, cost_calculation_method, created_at, created_by, created_by_id, dependent_subprojects, description, end_date, execution_method, expert_reviews, financial_documents, has_25_percent_increase, has_adjustment, has_consultant, has_tax_insurance_increase, id, imagenary_duration, imagenrary_cost, increase_coefficient_25_percent, is_suportting_charity, name, payments, physical_progress, predicted_adjustment_amount, project, project_id, project_stage, rejection_comments, related_subproject, related_subproject_id, relationship_delay, relationship_type, remaining_work, reports, situation_amount, situation_reports, start_date, state, sub_project_number, subproject_debt, tax_insurance_increase_percentage, tender_type, total_adjustment_amount, total_prepayments, transaction_threshold, update_history, updated_at

During handling of the above exception, another exception occurred:

Traceback (most recent call last):
  File "/home/pc/ProjectManagerDashboard/.venv/lib/python3.12/site-packages/django/core/handlers/exception.py", line 55, in inner
    response = get_response(request)
               ^^^^^^^^^^^^^^^^^^^^^
  File "/home/pc/ProjectManagerDashboard/.venv/lib/python3.12/site-packages/django/core/handlers/base.py", line 197, in _get_response
    response = wrapped_callback(request, *callback_args, **callback_kwargs)
               ^^^^^^^^^^^^^^^^^^^^^^^^^^^^^^^^^^^^^^^^^^^^^^^^^^^^^^^^^^^^
  File "/home/pc/ProjectManagerDashboard/.venv/lib/python3.12/site-packages/django/contrib/auth/decorators.py", line 59, in _view_wrapper
    return view_func(request, *args, **kwargs)
           ^^^^^^^^^^^^^^^^^^^^^^^^^^^^^^^^^^^
  File "/home/pc/ProjectManagerDashboard/dashboard/views.py", line 642, in province_manager_dashboard
    subprojects_by_situation = user_subprojects.values('situation').annotate(count=Count('id')).order_by('-count')
                               ^^^^^^^^^^^^^^^^^^^^^^^^^^^^^^^^^^^^
  File "/home/pc/ProjectManagerDashboard/.venv/lib/python3.12/site-packages/django/db/models/query.py", line 1368, in values
    clone = self._values(*fields, **expressions)
            ^^^^^^^^^^^^^^^^^^^^^^^^^^^^^^^^^^^^
  File "/home/pc/ProjectManagerDashboard/.venv/lib/python3.12/site-packages/django/db/models/query.py", line 1363, in _values
    clone.query.set_values(fields)
  File "/home/pc/ProjectManagerDashboard/.venv/lib/python3.12/site-packages/django/db/models/sql/query.py", line 2563, in set_values
    self.add_fields(field_names, True)
  File "/home/pc/ProjectManagerDashboard/.venv/lib/python3.12/site-packages/django/db/models/sql/query.py", line 2265, in add_fields
    raise FieldError(
django.core.exceptions.FieldError: Cannot resolve keyword 'situation' into field. Choices are: adjustment_coefficient, adjustment_situation_reports, consultant_name, consultant_national_id, contract_amount, contract_end_date, contract_start_date, contract_type, contractor_id, contractor_name, cost_calculation_method, created_at, created_by, created_by_id, dependent_subprojects, description, end_date, execution_method, expert_reviews, financial_documents, has_25_percent_increase, has_adjustment, has_consultant, has_tax_insurance_increase, id, imagenary_duration, imagenrary_cost, increase_coefficient_25_percent, is_suportting_charity, name, payments, physical_progress, predicted_adjustment_amount, project, project_id, project_stage, rejection_comments, related_subproject, related_subproject_id, relationship_delay, relationship_type, remaining_work, reports, situation_amount, situation_reports, start_date, state, sub_project_number, subproject_debt, tax_insurance_increase_percentage, tender_type, total_adjustment_amount, total_prepayments, transaction_threshold, update_history, updated_at
ERROR 2026-09-29 18:25:11,899 log 10017 123387475494592 Internal Server Error: /dashboard/dashboard/province-manager/
Traceback (most recent call last):
  File "/home/pc/ProjectManagerDashboard/.venv/lib/python3.12/site-packages/django/db/models/sql/query.py", line 2237, in add_fields
    join_info = self.setup_joins(
                ^^^^^^^^^^^^^^^^^
  File "/home/pc/ProjectManagerDashboard/.venv/lib/python3.12/site-packages/django/db/models/sql/query.py", line 1900, in setup_joins
    path, final_field, targets, rest = self.names_to_path(
                                       ^^^^^^^^^^^^^^^^^^^
  File "/home/pc/ProjectManagerDashboard/.venv/lib/python3.12/site-packages/django/db/models/sql/query.py", line 1805, in names_to_path
    raise FieldError(
django.core.exceptions.FieldError: Cannot resolve keyword 'situation' into field. Choices are: adjustment_coefficient, adjustment_situation_reports, consultant_name, consultant_national_id, contract_amount, contract_end_date, contract_start_date, contract_type, contractor_id, contractor_name, cost_calculation_method, created_at, created_by, created_by_id, dependent_subprojects, description, end_date, execution_method, expert_reviews, financial_documents, has_25_percent_increase, has_adjustment, has_consultant, has_tax_insurance_increase, id, imagenary_duration, imagenrary_cost, increase_coefficient_25_percent, is_suportting_charity, name, payments, physical_progress, predicted_adjustment_amount, project, project_id, project_stage, rejection_comments, related_subproject, related_subproject_id, relationship_delay, relationship_type, remaining_work, reports, situation_amount, situation_reports, start_date, state, sub_project_number, subproject_debt, tax_insurance_increase_percentage, tender_type, total_adjustment_amount, total_prepayments, transaction_threshold, update_history, updated_at

During handling of the above exception, another exception occurred:

Traceback (most recent call last):
  File "/home/pc/ProjectManagerDashboard/.venv/lib/python3.12/site-packages/django/core/handlers/exception.py", line 55, in inner
    response = get_response(request)
               ^^^^^^^^^^^^^^^^^^^^^
  File "/home/pc/ProjectManagerDashboard/.venv/lib/python3.12/site-packages/django/core/handlers/base.py", line 197, in _get_response
    response = wrapped_callback(request, *callback_args, **callback_kwargs)
               ^^^^^^^^^^^^^^^^^^^^^^^^^^^^^^^^^^^^^^^^^^^^^^^^^^^^^^^^^^^^
  File "/home/pc/ProjectManagerDashboard/.venv/lib/python3.12/site-packages/django/contrib/auth/decorators.py", line 59, in _view_wrapper
    return view_func(request, *args, **kwargs)
           ^^^^^^^^^^^^^^^^^^^^^^^^^^^^^^^^^^^
  File "/home/pc/ProjectManagerDashboard/dashboard/views.py", line 642, in province_manager_dashboard
    subprojects_by_situation = user_subprojects.values('situation').annotate(count=Count('id')).order_by('-count')
                               ^^^^^^^^^^^^^^^^^^^^^^^^^^^^^^^^^^^^
  File "/home/pc/ProjectManagerDashboard/.venv/lib/python3.12/site-packages/django/db/models/query.py", line 1368, in values
    clone = self._values(*fields, **expressions)
            ^^^^^^^^^^^^^^^^^^^^^^^^^^^^^^^^^^^^
  File "/home/pc/ProjectManagerDashboard/.venv/lib/python3.12/site-packages/django/db/models/query.py", line 1363, in _values
    clone.query.set_values(fields)
  File "/home/pc/ProjectManagerDashboard/.venv/lib/python3.12/site-packages/django/db/models/sql/query.py", line 2563, in set_values
    self.add_fields(field_names, True)
  File "/home/pc/ProjectManagerDashboard/.venv/lib/python3.12/site-packages/django/db/models/sql/query.py", line 2265, in add_fields
    raise FieldError(
django.core.exceptions.FieldError: Cannot resolve keyword 'situation' into field. Choices are: adjustment_coefficient, adjustment_situation_reports, consultant_name, consultant_national_id, contract_amount, contract_end_date, contract_start_date, contract_type, contractor_id, contractor_name, cost_calculation_method, created_at, created_by, created_by_id, dependent_subprojects, description, end_date, execution_method, expert_reviews, financial_documents, has_25_percent_increase, has_adjustment, has_consultant, has_tax_insurance_increase, id, imagenary_duration, imagenrary_cost, increase_coefficient_25_percent, is_suportting_charity, name, payments, physical_progress, predicted_adjustment_amount, project, project_id, project_stage, rejection_comments, related_subproject, related_subproject_id, relationship_delay, relationship_type, remaining_work, reports, situation_amount, situation_reports, start_date, state, sub_project_number, subproject_debt, tax_insurance_increase_percentage, tender_type, total_adjustment_amount, total_prepayments, transaction_threshold, update_history, updated_at
ERROR 2026-09-29 18:25:11,975 basehttp 10017 123387475494592 "GET /dashboard/dashboard/province-manager/ HTTP/1.1" 500 145
ERROR 2026-09-29 18:25:39,865 log 10063 135845147784896 Internal Server Error: /dashboard/dashboard/province-manager/
Traceback (most recent call last):
  File "/home/pc/ProjectManagerDashboard/.venv/lib/python3.12/site-packages/django/db/models/sql/query.py", line 2237, in add_fields
    join_info = self.setup_joins(
                ^^^^^^^^^^^^^^^^^
  File "/home/pc/ProjectManagerDashboard/.venv/lib/python3.12/site-packages/django/db/models/sql/query.py", line 1900, in setup_joins
    path, final_field, targets, rest = self.names_to_path(
                                       ^^^^^^^^^^^^^^^^^^^
  File "/home/pc/ProjectManagerDashboard/.venv/lib/python3.12/site-packages/django/db/models/sql/query.py", line 1805, in names_to_path
    raise FieldError(
django.core.exceptions.FieldError: Cannot resolve keyword 'situation' into field. Choices are: adjustment_coefficient, adjustment_situation_reports, consultant_name, consultant_national_id, contract_amount, contract_end_date, contract_start_date, contract_type, contractor_id, contractor_name, cost_calculation_method, created_at, created_by, created_by_id, dependent_subprojects, description, end_date, execution_method, expert_reviews, financial_documents, has_25_percent_increase, has_adjustment, has_consultant, has_tax_insurance_increase, id, imagenary_duration, imagenrary_cost, increase_coefficient_25_percent, is_suportting_charity, name, payments, physical_progress, predicted_adjustment_amount, project, project_id, project_stage, rejection_comments, related_subproject, related_subproject_id, relationship_delay, relationship_type, remaining_work, reports, situation_amount, situation_reports, start_date, state, sub_project_number, subproject_debt, tax_insurance_increase_percentage, tender_type, total_adjustment_amount, total_prepayments, transaction_threshold, update_history, updated_at

During handling of the above exception, another exception occurred:

Traceback (most recent call last):
  File "/home/pc/ProjectManagerDashboard/.venv/lib/python3.12/site-packages/django/core/handlers/exception.py", line 55, in inner
    response = get_response(request)
               ^^^^^^^^^^^^^^^^^^^^^
  File "/home/pc/ProjectManagerDashboard/.venv/lib/python3.12/site-packages/django/core/handlers/base.py", line 197, in _get_response
    response = wrapped_callback(request, *callback_args, **callback_kwargs)
               ^^^^^^^^^^^^^^^^^^^^^^^^^^^^^^^^^^^^^^^^^^^^^^^^^^^^^^^^^^^^
  File "/home/pc/ProjectManagerDashboard/.venv/lib/python3.12/site-packages/django/contrib/auth/decorators.py", line 59, in _view_wrapper
    return view_func(request, *args, **kwargs)
           ^^^^^^^^^^^^^^^^^^^^^^^^^^^^^^^^^^^
  File "/home/pc/ProjectManagerDashboard/dashboard/views.py", line 642, in province_manager_dashboard
    subprojects_by_situation = user_subprojects.values('situation').annotate(count=Count('id')).order_by('-count')
                               ^^^^^^^^^^^^^^^^^^^^^^^^^^^^^^^^^^^^
  File "/home/pc/ProjectManagerDashboard/.venv/lib/python3.12/site-packages/django/db/models/query.py", line 1368, in values
    clone = self._values(*fields, **expressions)
            ^^^^^^^^^^^^^^^^^^^^^^^^^^^^^^^^^^^^
  File "/home/pc/ProjectManagerDashboard/.venv/lib/python3.12/site-packages/django/db/models/query.py", line 1363, in _values
    clone.query.set_values(fields)
  File "/home/pc/ProjectManagerDashboard/.venv/lib/python3.12/site-packages/django/db/models/sql/query.py", line 2563, in set_values
    self.add_fields(field_names, True)
  File "/home/pc/ProjectManagerDashboard/.venv/lib/python3.12/site-packages/django/db/models/sql/query.py", line 2265, in add_fields
    raise FieldError(
django.core.exceptions.FieldError: Cannot resolve keyword 'situation' into field. Choices are: adjustment_coefficient, adjustment_situation_reports, consultant_name, consultant_national_id, contract_amount, contract_end_date, contract_start_date, contract_type, contractor_id, contractor_name, cost_calculation_method, created_at, created_by, created_by_id, dependent_subprojects, description, end_date, execution_method, expert_reviews, financial_documents, has_25_percent_increase, has_adjustment, has_consultant, has_tax_insurance_increase, id, imagenary_duration, imagenrary_cost, increase_coefficient_25_percent, is_suportting_charity, name, payments, physical_progress, predicted_adjustment_amount, project, project_id, project_stage, rejection_comments, related_subproject, related_subproject_id, relationship_delay, relationship_type, remaining_work, reports, situation_amount, situation_reports, start_date, state, sub_project_number, subproject_debt, tax_insurance_increase_percentage, tender_type, total_adjustment_amount, total_prepayments, transaction_threshold, update_history, updated_at
ERROR 2026-09-29 18:25:39,865 log 10063 135845147784896 Internal Server Error: /dashboard/dashboard/province-manager/
Traceback (most recent call last):
  File "/home/pc/ProjectManagerDashboard/.venv/lib/python3.12/site-packages/django/db/models/sql/query.py", line 2237, in add_fields
    join_info = self.setup_joins(
                ^^^^^^^^^^^^^^^^^
  File "/home/pc/ProjectManagerDashboard/.venv/lib/python3.12/site-packages/django/db/models/sql/query.py", line 1900, in setup_joins
    path, final_field, targets, rest = self.names_to_path(
                                       ^^^^^^^^^^^^^^^^^^^
  File "/home/pc/ProjectManagerDashboard/.venv/lib/python3.12/site-packages/django/db/models/sql/query.py", line 1805, in names_to_path
    raise FieldError(
django.core.exceptions.FieldError: Cannot resolve keyword 'situation' into field. Choices are: adjustment_coefficient, adjustment_situation_reports, consultant_name, consultant_national_id, contract_amount, contract_end_date, contract_start_date, contract_type, contractor_id, contractor_name, cost_calculation_method, created_at, created_by, created_by_id, dependent_subprojects, description, end_date, execution_method, expert_reviews, financial_documents, has_25_percent_increase, has_adjustment, has_consultant, has_tax_insurance_increase, id, imagenary_duration, imagenrary_cost, increase_coefficient_25_percent, is_suportting_charity, name, payments, physical_progress, predicted_adjustment_amount, project, project_id, project_stage, rejection_comments, related_subproject, related_subproject_id, relationship_delay, relationship_type, remaining_work, reports, situation_amount, situation_reports, start_date, state, sub_project_number, subproject_debt, tax_insurance_increase_percentage, tender_type, total_adjustment_amount, total_prepayments, transaction_threshold, update_history, updated_at

During handling of the above exception, another exception occurred:

Traceback (most recent call last):
  File "/home/pc/ProjectManagerDashboard/.venv/lib/python3.12/site-packages/django/core/handlers/exception.py", line 55, in inner
    response = get_response(request)
               ^^^^^^^^^^^^^^^^^^^^^
  File "/home/pc/ProjectManagerDashboard/.venv/lib/python3.12/site-packages/django/core/handlers/base.py", line 197, in _get_response
    response = wrapped_callback(request, *callback_args, **callback_kwargs)
               ^^^^^^^^^^^^^^^^^^^^^^^^^^^^^^^^^^^^^^^^^^^^^^^^^^^^^^^^^^^^
  File "/home/pc/ProjectManagerDashboard/.venv/lib/python3.12/site-packages/django/contrib/auth/decorators.py", line 59, in _view_wrapper
    return view_func(request, *args, **kwargs)
           ^^^^^^^^^^^^^^^^^^^^^^^^^^^^^^^^^^^
  File "/home/pc/ProjectManagerDashboard/dashboard/views.py", line 642, in province_manager_dashboard
    subprojects_by_situation = user_subprojects.values('situation').annotate(count=Count('id')).order_by('-count')
                               ^^^^^^^^^^^^^^^^^^^^^^^^^^^^^^^^^^^^
  File "/home/pc/ProjectManagerDashboard/.venv/lib/python3.12/site-packages/django/db/models/query.py", line 1368, in values
    clone = self._values(*fields, **expressions)
            ^^^^^^^^^^^^^^^^^^^^^^^^^^^^^^^^^^^^
  File "/home/pc/ProjectManagerDashboard/.venv/lib/python3.12/site-packages/django/db/models/query.py", line 1363, in _values
    clone.query.set_values(fields)
  File "/home/pc/ProjectManagerDashboard/.venv/lib/python3.12/site-packages/django/db/models/sql/query.py", line 2563, in set_values
    self.add_fields(field_names, True)
  File "/home/pc/ProjectManagerDashboard/.venv/lib/python3.12/site-packages/django/db/models/sql/query.py", line 2265, in add_fields
    raise FieldError(
django.core.exceptions.FieldError: Cannot resolve keyword 'situation' into field. Choices are: adjustment_coefficient, adjustment_situation_reports, consultant_name, consultant_national_id, contract_amount, contract_end_date, contract_start_date, contract_type, contractor_id, contractor_name, cost_calculation_method, created_at, created_by, created_by_id, dependent_subprojects, description, end_date, execution_method, expert_reviews, financial_documents, has_25_percent_increase, has_adjustment, has_consultant, has_tax_insurance_increase, id, imagenary_duration, imagenrary_cost, increase_coefficient_25_percent, is_suportting_charity, name, payments, physical_progress, predicted_adjustment_amount, project, project_id, project_stage, rejection_comments, related_subproject, related_subproject_id, relationship_delay, relationship_type, remaining_work, reports, situation_amount, situation_reports, start_date, state, sub_project_number, subproject_debt, tax_insurance_increase_percentage, tender_type, total_adjustment_amount, total_prepayments, transaction_threshold, update_history, updated_at
ERROR 2026-09-29 18:25:39,893 basehttp 10063 135845147784896 "GET /dashboard/dashboard/province-manager/ HTTP/1.1" 500 145
ERROR 2026-09-29 18:26:47,608 log 10123 133929562535616 Internal Server Error: /dashboard/dashboard/province-manager/
Traceback (most recent call last):
  File "/home/pc/ProjectManagerDashboard/.venv/lib/python3.12/site-packages/django/core/handlers/exception.py", line 55, in inner
    response = get_response(request)
               ^^^^^^^^^^^^^^^^^^^^^
  File "/home/pc/ProjectManagerDashboard/.venv/lib/python3.12/site-packages/django/core/handlers/base.py", line 197, in _get_response
    response = wrapped_callback(request, *callback_args, **callback_kwargs)
               ^^^^^^^^^^^^^^^^^^^^^^^^^^^^^^^^^^^^^^^^^^^^^^^^^^^^^^^^^^^^
  File "/home/pc/ProjectManagerDashboard/.venv/lib/python3.12/site-packages/django/contrib/auth/decorators.py", line 59, in _view_wrapper
    return view_func(request, *args, **kwargs)
           ^^^^^^^^^^^^^^^^^^^^^^^^^^^^^^^^^^^
  File "/home/pc/ProjectManagerDashboard/dashboard/views.py", line 645, in province_manager_dashboard
    subprojects_financial = user_subprojects.aggregate(
                            ^^^^^^^^^^^^^^^^^^^^^^^^^^^
  File "/home/pc/ProjectManagerDashboard/.venv/lib/python3.12/site-packages/django/db/models/query.py", line 588, in aggregate
    return self.query.chain().get_aggregation(self.db, kwargs)
           ^^^^^^^^^^^^^^^^^^^^^^^^^^^^^^^^^^^^^^^^^^^^^^^^^^^
  File "/home/pc/ProjectManagerDashboard/.venv/lib/python3.12/site-packages/django/db/models/sql/query.py", line 460, in get_aggregation
    aggregate = aggregate_expr.resolve_expression(
                ^^^^^^^^^^^^^^^^^^^^^^^^^^^^^^^^^^
  File "/home/pc/ProjectManagerDashboard/.venv/lib/python3.12/site-packages/django/db/models/aggregates.py", line 63, in resolve_expression
    c = super().resolve_expression(query, allow_joins, reuse, summarize)
        ^^^^^^^^^^^^^^^^^^^^^^^^^^^^^^^^^^^^^^^^^^^^^^^^^^^^^^^^^^^^^^^^
  File "/home/pc/ProjectManagerDashboard/.venv/lib/python3.12/site-packages/django/db/models/expressions.py", line 300, in resolve_expression
    expr.resolve_expression(query, allow_joins, reuse, summarize, for_save)
  File "/home/pc/ProjectManagerDashboard/.venv/lib/python3.12/site-packages/django/db/models/expressions.py", line 902, in resolve_expression
    return query.resolve_ref(self.name, allow_joins, reuse, summarize)
           ^^^^^^^^^^^^^^^^^^^^^^^^^^^^^^^^^^^^^^^^^^^^^^^^^^^^^^^^^^^
  File "/home/pc/ProjectManagerDashboard/.venv/lib/python3.12/site-packages/django/db/models/sql/query.py", line 2049, in resolve_ref
    join_info = self.setup_joins(
                ^^^^^^^^^^^^^^^^^
  File "/home/pc/ProjectManagerDashboard/.venv/lib/python3.12/site-packages/django/db/models/sql/query.py", line 1900, in setup_joins
    path, final_field, targets, rest = self.names_to_path(
                                       ^^^^^^^^^^^^^^^^^^^
  File "/home/pc/ProjectManagerDashboard/.venv/lib/python3.12/site-packages/django/db/models/sql/query.py", line 1805, in names_to_path
    raise FieldError(
django.core.exceptions.FieldError: Cannot resolve keyword 'paid_amount' into field. Choices are: adjustment_coefficient, adjustment_situation_reports, consultant_name, consultant_national_id, contract_amount, contract_end_date, contract_start_date, contract_type, contractor_id, contractor_name, cost_calculation_method, created_at, created_by, created_by_id, dependent_subprojects, description, end_date, execution_method, expert_reviews, financial_documents, has_25_percent_increase, has_adjustment, has_consultant, has_tax_insurance_increase, id, imagenary_duration, imagenrary_cost, increase_coefficient_25_percent, is_suportting_charity, name, payments, physical_progress, predicted_adjustment_amount, project, project_id, project_stage, rejection_comments, related_subproject, related_subproject_id, relationship_delay, relationship_type, remaining_work, reports, situation_amount, situation_reports, start_date, state, sub_project_number, subproject_debt, tax_insurance_increase_percentage, tender_type, total_adjustment_amount, total_contract, total_prepayments, transaction_threshold, update_history, updated_at
ERROR 2026-09-29 18:26:47,608 log 10123 133929562535616 Internal Server Error: /dashboard/dashboard/province-manager/
Traceback (most recent call last):
  File "/home/pc/ProjectManagerDashboard/.venv/lib/python3.12/site-packages/django/core/handlers/exception.py", line 55, in inner
    response = get_response(request)
               ^^^^^^^^^^^^^^^^^^^^^
  File "/home/pc/ProjectManagerDashboard/.venv/lib/python3.12/site-packages/django/core/handlers/base.py", line 197, in _get_response
    response = wrapped_callback(request, *callback_args, **callback_kwargs)
               ^^^^^^^^^^^^^^^^^^^^^^^^^^^^^^^^^^^^^^^^^^^^^^^^^^^^^^^^^^^^
  File "/home/pc/ProjectManagerDashboard/.venv/lib/python3.12/site-packages/django/contrib/auth/decorators.py", line 59, in _view_wrapper
    return view_func(request, *args, **kwargs)
           ^^^^^^^^^^^^^^^^^^^^^^^^^^^^^^^^^^^
  File "/home/pc/ProjectManagerDashboard/dashboard/views.py", line 645, in province_manager_dashboard
    subprojects_financial = user_subprojects.aggregate(
                            ^^^^^^^^^^^^^^^^^^^^^^^^^^^
  File "/home/pc/ProjectManagerDashboard/.venv/lib/python3.12/site-packages/django/db/models/query.py", line 588, in aggregate
    return self.query.chain().get_aggregation(self.db, kwargs)
           ^^^^^^^^^^^^^^^^^^^^^^^^^^^^^^^^^^^^^^^^^^^^^^^^^^^
  File "/home/pc/ProjectManagerDashboard/.venv/lib/python3.12/site-packages/django/db/models/sql/query.py", line 460, in get_aggregation
    aggregate = aggregate_expr.resolve_expression(
                ^^^^^^^^^^^^^^^^^^^^^^^^^^^^^^^^^^
  File "/home/pc/ProjectManagerDashboard/.venv/lib/python3.12/site-packages/django/db/models/aggregates.py", line 63, in resolve_expression
    c = super().resolve_expression(query, allow_joins, reuse, summarize)
        ^^^^^^^^^^^^^^^^^^^^^^^^^^^^^^^^^^^^^^^^^^^^^^^^^^^^^^^^^^^^^^^^
  File "/home/pc/ProjectManagerDashboard/.venv/lib/python3.12/site-packages/django/db/models/expressions.py", line 300, in resolve_expression
    expr.resolve_expression(query, allow_joins, reuse, summarize, for_save)
  File "/home/pc/ProjectManagerDashboard/.venv/lib/python3.12/site-packages/django/db/models/expressions.py", line 902, in resolve_expression
    return query.resolve_ref(self.name, allow_joins, reuse, summarize)
           ^^^^^^^^^^^^^^^^^^^^^^^^^^^^^^^^^^^^^^^^^^^^^^^^^^^^^^^^^^^
  File "/home/pc/ProjectManagerDashboard/.venv/lib/python3.12/site-packages/django/db/models/sql/query.py", line 2049, in resolve_ref
    join_info = self.setup_joins(
                ^^^^^^^^^^^^^^^^^
  File "/home/pc/ProjectManagerDashboard/.venv/lib/python3.12/site-packages/django/db/models/sql/query.py", line 1900, in setup_joins
    path, final_field, targets, rest = self.names_to_path(
                                       ^^^^^^^^^^^^^^^^^^^
  File "/home/pc/ProjectManagerDashboard/.venv/lib/python3.12/site-packages/django/db/models/sql/query.py", line 1805, in names_to_path
    raise FieldError(
django.core.exceptions.FieldError: Cannot resolve keyword 'paid_amount' into field. Choices are: adjustment_coefficient, adjustment_situation_reports, consultant_name, consultant_national_id, contract_amount, contract_end_date, contract_start_date, contract_type, contractor_id, contractor_name, cost_calculation_method, created_at, created_by, created_by_id, dependent_subprojects, description, end_date, execution_method, expert_reviews, financial_documents, has_25_percent_increase, has_adjustment, has_consultant, has_tax_insurance_increase, id, imagenary_duration, imagenrary_cost, increase_coefficient_25_percent, is_suportting_charity, name, payments, physical_progress, predicted_adjustment_amount, project, project_id, project_stage, rejection_comments, related_subproject, related_subproject_id, relationship_delay, relationship_type, remaining_work, reports, situation_amount, situation_reports, start_date, state, sub_project_number, subproject_debt, tax_insurance_increase_percentage, tender_type, total_adjustment_amount, total_contract, total_prepayments, transaction_threshold, update_history, updated_at
ERROR 2026-09-29 18:26:47,623 basehttp 10123 133929562535616 "GET /dashboard/dashboard/province-manager/ HTTP/1.1" 500 145
ERROR 2026-09-29 18:27:35,089 log 10237 139518770775744 Internal Server Error: /dashboard/dashboard/province-manager/
Traceback (most recent call last):
  File "/home/pc/ProjectManagerDashboard/.venv/lib/python3.12/site-packages/django/core/handlers/exception.py", line 55, in inner
    response = get_response(request)
               ^^^^^^^^^^^^^^^^^^^^^
  File "/home/pc/ProjectManagerDashboard/.venv/lib/python3.12/site-packages/django/core/handlers/base.py", line 197, in _get_response
    response = wrapped_callback(request, *callback_args, **callback_kwargs)
               ^^^^^^^^^^^^^^^^^^^^^^^^^^^^^^^^^^^^^^^^^^^^^^^^^^^^^^^^^^^^
  File "/home/pc/ProjectManagerDashboard/.venv/lib/python3.12/site-packages/django/contrib/auth/decorators.py", line 59, in _view_wrapper
    return view_func(request, *args, **kwargs)
           ^^^^^^^^^^^^^^^^^^^^^^^^^^^^^^^^^^^
  File "/home/pc/ProjectManagerDashboard/dashboard/views.py", line 730, in province_manager_dashboard
    return render(request, 'dashboard/province_manager_dashboard.html', context)
           ^^^^^^^^^^^^^^^^^^^^^^^^^^^^^^^^^^^^^^^^^^^^^^^^^^^^^^^^^^^^^^^^^^^^^
  File "/home/pc/ProjectManagerDashboard/.venv/lib/python3.12/site-packages/django/shortcuts.py", line 25, in render
    content = loader.render_to_string(template_name, context, request, using=using)
              ^^^^^^^^^^^^^^^^^^^^^^^^^^^^^^^^^^^^^^^^^^^^^^^^^^^^^^^^^^^^^^^^^^^^^
  File "/home/pc/ProjectManagerDashboard/.venv/lib/python3.12/site-packages/django/template/loader.py", line 61, in render_to_string
    template = get_template(template_name, using=using)
               ^^^^^^^^^^^^^^^^^^^^^^^^^^^^^^^^^^^^^^^^
  File "/home/pc/ProjectManagerDashboard/.venv/lib/python3.12/site-packages/django/template/loader.py", line 15, in get_template
    return engine.get_template(template_name)
           ^^^^^^^^^^^^^^^^^^^^^^^^^^^^^^^^^^
  File "/home/pc/ProjectManagerDashboard/.venv/lib/python3.12/site-packages/django/template/backends/django.py", line 79, in get_template
    return Template(self.engine.get_template(template_name), self)
                    ^^^^^^^^^^^^^^^^^^^^^^^^^^^^^^^^^^^^^^^
  File "/home/pc/ProjectManagerDashboard/.venv/lib/python3.12/site-packages/django/template/engine.py", line 177, in get_template
    template, origin = self.find_template(template_name)
                       ^^^^^^^^^^^^^^^^^^^^^^^^^^^^^^^^^
  File "/home/pc/ProjectManagerDashboard/.venv/lib/python3.12/site-packages/django/template/engine.py", line 159, in find_template
    template = loader.get_template(name, skip=skip)
               ^^^^^^^^^^^^^^^^^^^^^^^^^^^^^^^^^^^^
  File "/home/pc/ProjectManagerDashboard/.venv/lib/python3.12/site-packages/django/template/loaders/cached.py", line 57, in get_template
    template = super().get_template(template_name, skip)
               ^^^^^^^^^^^^^^^^^^^^^^^^^^^^^^^^^^^^^^^^^
  File "/home/pc/ProjectManagerDashboard/.venv/lib/python3.12/site-packages/django/template/loaders/base.py", line 28, in get_template
    return Template(
           ^^^^^^^^^
  File "/home/pc/ProjectManagerDashboard/.venv/lib/python3.12/site-packages/django/template/base.py", line 154, in __init__
    self.nodelist = self.compile_nodelist()
                    ^^^^^^^^^^^^^^^^^^^^^^^
  File "/home/pc/ProjectManagerDashboard/.venv/lib/python3.12/site-packages/django/template/base.py", line 196, in compile_nodelist
    nodelist = parser.parse()
               ^^^^^^^^^^^^^^
  File "/home/pc/ProjectManagerDashboard/.venv/lib/python3.12/site-packages/django/template/base.py", line 518, in parse
    raise self.error(token, e)
  File "/home/pc/ProjectManagerDashboard/.venv/lib/python3.12/site-packages/django/template/base.py", line 516, in parse
    compiled_result = compile_func(self, token)
                      ^^^^^^^^^^^^^^^^^^^^^^^^^
  File "/home/pc/ProjectManagerDashboard/.venv/lib/python3.12/site-packages/django/template/loader_tags.py", line 299, in do_extends
    nodelist = parser.parse()
               ^^^^^^^^^^^^^^
  File "/home/pc/ProjectManagerDashboard/.venv/lib/python3.12/site-packages/django/template/base.py", line 518, in parse
    raise self.error(token, e)
  File "/home/pc/ProjectManagerDashboard/.venv/lib/python3.12/site-packages/django/template/base.py", line 516, in parse
    compiled_result = compile_func(self, token)
                      ^^^^^^^^^^^^^^^^^^^^^^^^^
  File "/home/pc/ProjectManagerDashboard/.venv/lib/python3.12/site-packages/django/template/loader_tags.py", line 234, in do_block
    nodelist = parser.parse(("endblock",))
               ^^^^^^^^^^^^^^^^^^^^^^^^^^^
  File "/home/pc/ProjectManagerDashboard/.venv/lib/python3.12/site-packages/django/template/base.py", line 489, in parse
    raise self.error(token, e)
  File "/home/pc/ProjectManagerDashboard/.venv/lib/python3.12/site-packages/django/template/base.py", line 487, in parse
    filter_expression = self.compile_filter(token.contents)
                        ^^^^^^^^^^^^^^^^^^^^^^^^^^^^^^^^^^^
  File "/home/pc/ProjectManagerDashboard/.venv/lib/python3.12/site-packages/django/template/base.py", line 609, in compile_filter
    return FilterExpression(token, self)
           ^^^^^^^^^^^^^^^^^^^^^^^^^^^^^
  File "/home/pc/ProjectManagerDashboard/.venv/lib/python3.12/site-packages/django/template/base.py", line 682, in __init__
    raise TemplateSyntaxError(
django.template.exceptions.TemplateSyntaxError: Could not parse some characters: subprojects_financial.total_remaining| or 0||default:"0"
ERROR 2026-09-29 18:27:35,089 log 10237 139518770775744 Internal Server Error: /dashboard/dashboard/province-manager/
Traceback (most recent call last):
  File "/home/pc/ProjectManagerDashboard/.venv/lib/python3.12/site-packages/django/core/handlers/exception.py", line 55, in inner
    response = get_response(request)
               ^^^^^^^^^^^^^^^^^^^^^
  File "/home/pc/ProjectManagerDashboard/.venv/lib/python3.12/site-packages/django/core/handlers/base.py", line 197, in _get_response
    response = wrapped_callback(request, *callback_args, **callback_kwargs)
               ^^^^^^^^^^^^^^^^^^^^^^^^^^^^^^^^^^^^^^^^^^^^^^^^^^^^^^^^^^^^
  File "/home/pc/ProjectManagerDashboard/.venv/lib/python3.12/site-packages/django/contrib/auth/decorators.py", line 59, in _view_wrapper
    return view_func(request, *args, **kwargs)
           ^^^^^^^^^^^^^^^^^^^^^^^^^^^^^^^^^^^
  File "/home/pc/ProjectManagerDashboard/dashboard/views.py", line 730, in province_manager_dashboard
    return render(request, 'dashboard/province_manager_dashboard.html', context)
           ^^^^^^^^^^^^^^^^^^^^^^^^^^^^^^^^^^^^^^^^^^^^^^^^^^^^^^^^^^^^^^^^^^^^^
  File "/home/pc/ProjectManagerDashboard/.venv/lib/python3.12/site-packages/django/shortcuts.py", line 25, in render
    content = loader.render_to_string(template_name, context, request, using=using)
              ^^^^^^^^^^^^^^^^^^^^^^^^^^^^^^^^^^^^^^^^^^^^^^^^^^^^^^^^^^^^^^^^^^^^^
  File "/home/pc/ProjectManagerDashboard/.venv/lib/python3.12/site-packages/django/template/loader.py", line 61, in render_to_string
    template = get_template(template_name, using=using)
               ^^^^^^^^^^^^^^^^^^^^^^^^^^^^^^^^^^^^^^^^
  File "/home/pc/ProjectManagerDashboard/.venv/lib/python3.12/site-packages/django/template/loader.py", line 15, in get_template
    return engine.get_template(template_name)
           ^^^^^^^^^^^^^^^^^^^^^^^^^^^^^^^^^^
  File "/home/pc/ProjectManagerDashboard/.venv/lib/python3.12/site-packages/django/template/backends/django.py", line 79, in get_template
    return Template(self.engine.get_template(template_name), self)
                    ^^^^^^^^^^^^^^^^^^^^^^^^^^^^^^^^^^^^^^^
  File "/home/pc/ProjectManagerDashboard/.venv/lib/python3.12/site-packages/django/template/engine.py", line 177, in get_template
    template, origin = self.find_template(template_name)
                       ^^^^^^^^^^^^^^^^^^^^^^^^^^^^^^^^^
  File "/home/pc/ProjectManagerDashboard/.venv/lib/python3.12/site-packages/django/template/engine.py", line 159, in find_template
    template = loader.get_template(name, skip=skip)
               ^^^^^^^^^^^^^^^^^^^^^^^^^^^^^^^^^^^^
  File "/home/pc/ProjectManagerDashboard/.venv/lib/python3.12/site-packages/django/template/loaders/cached.py", line 57, in get_template
    template = super().get_template(template_name, skip)
               ^^^^^^^^^^^^^^^^^^^^^^^^^^^^^^^^^^^^^^^^^
  File "/home/pc/ProjectManagerDashboard/.venv/lib/python3.12/site-packages/django/template/loaders/base.py", line 28, in get_template
    return Template(
           ^^^^^^^^^
  File "/home/pc/ProjectManagerDashboard/.venv/lib/python3.12/site-packages/django/template/base.py", line 154, in __init__
    self.nodelist = self.compile_nodelist()
                    ^^^^^^^^^^^^^^^^^^^^^^^
  File "/home/pc/ProjectManagerDashboard/.venv/lib/python3.12/site-packages/django/template/base.py", line 196, in compile_nodelist
    nodelist = parser.parse()
               ^^^^^^^^^^^^^^
  File "/home/pc/ProjectManagerDashboard/.venv/lib/python3.12/site-packages/django/template/base.py", line 518, in parse
    raise self.error(token, e)
  File "/home/pc/ProjectManagerDashboard/.venv/lib/python3.12/site-packages/django/template/base.py", line 516, in parse
    compiled_result = compile_func(self, token)
                      ^^^^^^^^^^^^^^^^^^^^^^^^^
  File "/home/pc/ProjectManagerDashboard/.venv/lib/python3.12/site-packages/django/template/loader_tags.py", line 299, in do_extends
    nodelist = parser.parse()
               ^^^^^^^^^^^^^^
  File "/home/pc/ProjectManagerDashboard/.venv/lib/python3.12/site-packages/django/template/base.py", line 518, in parse
    raise self.error(token, e)
  File "/home/pc/ProjectManagerDashboard/.venv/lib/python3.12/site-packages/django/template/base.py", line 516, in parse
    compiled_result = compile_func(self, token)
                      ^^^^^^^^^^^^^^^^^^^^^^^^^
  File "/home/pc/ProjectManagerDashboard/.venv/lib/python3.12/site-packages/django/template/loader_tags.py", line 234, in do_block
    nodelist = parser.parse(("endblock",))
               ^^^^^^^^^^^^^^^^^^^^^^^^^^^
  File "/home/pc/ProjectManagerDashboard/.venv/lib/python3.12/site-packages/django/template/base.py", line 489, in parse
    raise self.error(token, e)
  File "/home/pc/ProjectManagerDashboard/.venv/lib/python3.12/site-packages/django/template/base.py", line 487, in parse
    filter_expression = self.compile_filter(token.contents)
                        ^^^^^^^^^^^^^^^^^^^^^^^^^^^^^^^^^^^
  File "/home/pc/ProjectManagerDashboard/.venv/lib/python3.12/site-packages/django/template/base.py", line 609, in compile_filter
    return FilterExpression(token, self)
           ^^^^^^^^^^^^^^^^^^^^^^^^^^^^^
  File "/home/pc/ProjectManagerDashboard/.venv/lib/python3.12/site-packages/django/template/base.py", line 682, in __init__
    raise TemplateSyntaxError(
django.template.exceptions.TemplateSyntaxError: Could not parse some characters: subprojects_financial.total_remaining| or 0||default:"0"
ERROR 2026-09-29 18:27:35,157 basehttp 10237 139518770775744 "GET /dashboard/dashboard/province-manager/ HTTP/1.1" 500 145
ERROR 2026-09-29 18:27:36,364 log 10237 139518770775744 Internal Server Error: /dashboard/dashboard/province-manager/
Traceback (most recent call last):
  File "/home/pc/ProjectManagerDashboard/.venv/lib/python3.12/site-packages/django/core/handlers/exception.py", line 55, in inner
    response = get_response(request)
               ^^^^^^^^^^^^^^^^^^^^^
  File "/home/pc/ProjectManagerDashboard/.venv/lib/python3.12/site-packages/django/core/handlers/base.py", line 197, in _get_response
    response = wrapped_callback(request, *callback_args, **callback_kwargs)
               ^^^^^^^^^^^^^^^^^^^^^^^^^^^^^^^^^^^^^^^^^^^^^^^^^^^^^^^^^^^^
  File "/home/pc/ProjectManagerDashboard/.venv/lib/python3.12/site-packages/django/contrib/auth/decorators.py", line 59, in _view_wrapper
    return view_func(request, *args, **kwargs)
           ^^^^^^^^^^^^^^^^^^^^^^^^^^^^^^^^^^^
  File "/home/pc/ProjectManagerDashboard/dashboard/views.py", line 730, in province_manager_dashboard
    return render(request, 'dashboard/province_manager_dashboard.html', context)
           ^^^^^^^^^^^^^^^^^^^^^^^^^^^^^^^^^^^^^^^^^^^^^^^^^^^^^^^^^^^^^^^^^^^^^
  File "/home/pc/ProjectManagerDashboard/.venv/lib/python3.12/site-packages/django/shortcuts.py", line 25, in render
    content = loader.render_to_string(template_name, context, request, using=using)
              ^^^^^^^^^^^^^^^^^^^^^^^^^^^^^^^^^^^^^^^^^^^^^^^^^^^^^^^^^^^^^^^^^^^^^
  File "/home/pc/ProjectManagerDashboard/.venv/lib/python3.12/site-packages/django/template/loader.py", line 61, in render_to_string
    template = get_template(template_name, using=using)
               ^^^^^^^^^^^^^^^^^^^^^^^^^^^^^^^^^^^^^^^^
  File "/home/pc/ProjectManagerDashboard/.venv/lib/python3.12/site-packages/django/template/loader.py", line 15, in get_template
    return engine.get_template(template_name)
           ^^^^^^^^^^^^^^^^^^^^^^^^^^^^^^^^^^
  File "/home/pc/ProjectManagerDashboard/.venv/lib/python3.12/site-packages/django/template/backends/django.py", line 79, in get_template
    return Template(self.engine.get_template(template_name), self)
                    ^^^^^^^^^^^^^^^^^^^^^^^^^^^^^^^^^^^^^^^
  File "/home/pc/ProjectManagerDashboard/.venv/lib/python3.12/site-packages/django/template/engine.py", line 177, in get_template
    template, origin = self.find_template(template_name)
                       ^^^^^^^^^^^^^^^^^^^^^^^^^^^^^^^^^
  File "/home/pc/ProjectManagerDashboard/.venv/lib/python3.12/site-packages/django/template/engine.py", line 159, in find_template
    template = loader.get_template(name, skip=skip)
               ^^^^^^^^^^^^^^^^^^^^^^^^^^^^^^^^^^^^
  File "/home/pc/ProjectManagerDashboard/.venv/lib/python3.12/site-packages/django/template/loaders/cached.py", line 57, in get_template
    template = super().get_template(template_name, skip)
               ^^^^^^^^^^^^^^^^^^^^^^^^^^^^^^^^^^^^^^^^^
  File "/home/pc/ProjectManagerDashboard/.venv/lib/python3.12/site-packages/django/template/loaders/base.py", line 28, in get_template
    return Template(
           ^^^^^^^^^
  File "/home/pc/ProjectManagerDashboard/.venv/lib/python3.12/site-packages/django/template/base.py", line 154, in __init__
    self.nodelist = self.compile_nodelist()
                    ^^^^^^^^^^^^^^^^^^^^^^^
  File "/home/pc/ProjectManagerDashboard/.venv/lib/python3.12/site-packages/django/template/base.py", line 196, in compile_nodelist
    nodelist = parser.parse()
               ^^^^^^^^^^^^^^
  File "/home/pc/ProjectManagerDashboard/.venv/lib/python3.12/site-packages/django/template/base.py", line 518, in parse
    raise self.error(token, e)
  File "/home/pc/ProjectManagerDashboard/.venv/lib/python3.12/site-packages/django/template/base.py", line 516, in parse
    compiled_result = compile_func(self, token)
                      ^^^^^^^^^^^^^^^^^^^^^^^^^
  File "/home/pc/ProjectManagerDashboard/.venv/lib/python3.12/site-packages/django/template/loader_tags.py", line 299, in do_extends
    nodelist = parser.parse()
               ^^^^^^^^^^^^^^
  File "/home/pc/ProjectManagerDashboard/.venv/lib/python3.12/site-packages/django/template/base.py", line 518, in parse
    raise self.error(token, e)
  File "/home/pc/ProjectManagerDashboard/.venv/lib/python3.12/site-packages/django/template/base.py", line 516, in parse
    compiled_result = compile_func(self, token)
                      ^^^^^^^^^^^^^^^^^^^^^^^^^
  File "/home/pc/ProjectManagerDashboard/.venv/lib/python3.12/site-packages/django/template/loader_tags.py", line 234, in do_block
    nodelist = parser.parse(("endblock",))
               ^^^^^^^^^^^^^^^^^^^^^^^^^^^
  File "/home/pc/ProjectManagerDashboard/.venv/lib/python3.12/site-packages/django/template/base.py", line 489, in parse
    raise self.error(token, e)
  File "/home/pc/ProjectManagerDashboard/.venv/lib/python3.12/site-packages/django/template/base.py", line 487, in parse
    filter_expression = self.compile_filter(token.contents)
                        ^^^^^^^^^^^^^^^^^^^^^^^^^^^^^^^^^^^
  File "/home/pc/ProjectManagerDashboard/.venv/lib/python3.12/site-packages/django/template/base.py", line 609, in compile_filter
    return FilterExpression(token, self)
           ^^^^^^^^^^^^^^^^^^^^^^^^^^^^^
  File "/home/pc/ProjectManagerDashboard/.venv/lib/python3.12/site-packages/django/template/base.py", line 682, in __init__
    raise TemplateSyntaxError(
django.template.exceptions.TemplateSyntaxError: Could not parse some characters: subprojects_financial.total_remaining| or 0||default:"0"
ERROR 2026-09-29 18:27:36,364 log 10237 139518770775744 Internal Server Error: /dashboard/dashboard/province-manager/
Traceback (most recent call last):
  File "/home/pc/ProjectManagerDashboard/.venv/lib/python3.12/site-packages/django/core/handlers/exception.py", line 55, in inner
    response = get_response(request)
               ^^^^^^^^^^^^^^^^^^^^^
  File "/home/pc/ProjectManagerDashboard/.venv/lib/python3.12/site-packages/django/core/handlers/base.py", line 197, in _get_response
    response = wrapped_callback(request, *callback_args, **callback_kwargs)
               ^^^^^^^^^^^^^^^^^^^^^^^^^^^^^^^^^^^^^^^^^^^^^^^^^^^^^^^^^^^^
  File "/home/pc/ProjectManagerDashboard/.venv/lib/python3.12/site-packages/django/contrib/auth/decorators.py", line 59, in _view_wrapper
    return view_func(request, *args, **kwargs)
           ^^^^^^^^^^^^^^^^^^^^^^^^^^^^^^^^^^^
  File "/home/pc/ProjectManagerDashboard/dashboard/views.py", line 730, in province_manager_dashboard
    return render(request, 'dashboard/province_manager_dashboard.html', context)
           ^^^^^^^^^^^^^^^^^^^^^^^^^^^^^^^^^^^^^^^^^^^^^^^^^^^^^^^^^^^^^^^^^^^^^
  File "/home/pc/ProjectManagerDashboard/.venv/lib/python3.12/site-packages/django/shortcuts.py", line 25, in render
    content = loader.render_to_string(template_name, context, request, using=using)
              ^^^^^^^^^^^^^^^^^^^^^^^^^^^^^^^^^^^^^^^^^^^^^^^^^^^^^^^^^^^^^^^^^^^^^
  File "/home/pc/ProjectManagerDashboard/.venv/lib/python3.12/site-packages/django/template/loader.py", line 61, in render_to_string
    template = get_template(template_name, using=using)
               ^^^^^^^^^^^^^^^^^^^^^^^^^^^^^^^^^^^^^^^^
  File "/home/pc/ProjectManagerDashboard/.venv/lib/python3.12/site-packages/django/template/loader.py", line 15, in get_template
    return engine.get_template(template_name)
           ^^^^^^^^^^^^^^^^^^^^^^^^^^^^^^^^^^
  File "/home/pc/ProjectManagerDashboard/.venv/lib/python3.12/site-packages/django/template/backends/django.py", line 79, in get_template
    return Template(self.engine.get_template(template_name), self)
                    ^^^^^^^^^^^^^^^^^^^^^^^^^^^^^^^^^^^^^^^
  File "/home/pc/ProjectManagerDashboard/.venv/lib/python3.12/site-packages/django/template/engine.py", line 177, in get_template
    template, origin = self.find_template(template_name)
                       ^^^^^^^^^^^^^^^^^^^^^^^^^^^^^^^^^
  File "/home/pc/ProjectManagerDashboard/.venv/lib/python3.12/site-packages/django/template/engine.py", line 159, in find_template
    template = loader.get_template(name, skip=skip)
               ^^^^^^^^^^^^^^^^^^^^^^^^^^^^^^^^^^^^
  File "/home/pc/ProjectManagerDashboard/.venv/lib/python3.12/site-packages/django/template/loaders/cached.py", line 57, in get_template
    template = super().get_template(template_name, skip)
               ^^^^^^^^^^^^^^^^^^^^^^^^^^^^^^^^^^^^^^^^^
  File "/home/pc/ProjectManagerDashboard/.venv/lib/python3.12/site-packages/django/template/loaders/base.py", line 28, in get_template
    return Template(
           ^^^^^^^^^
  File "/home/pc/ProjectManagerDashboard/.venv/lib/python3.12/site-packages/django/template/base.py", line 154, in __init__
    self.nodelist = self.compile_nodelist()
                    ^^^^^^^^^^^^^^^^^^^^^^^
  File "/home/pc/ProjectManagerDashboard/.venv/lib/python3.12/site-packages/django/template/base.py", line 196, in compile_nodelist
    nodelist = parser.parse()
               ^^^^^^^^^^^^^^
  File "/home/pc/ProjectManagerDashboard/.venv/lib/python3.12/site-packages/django/template/base.py", line 518, in parse
    raise self.error(token, e)
  File "/home/pc/ProjectManagerDashboard/.venv/lib/python3.12/site-packages/django/template/base.py", line 516, in parse
    compiled_result = compile_func(self, token)
                      ^^^^^^^^^^^^^^^^^^^^^^^^^
  File "/home/pc/ProjectManagerDashboard/.venv/lib/python3.12/site-packages/django/template/loader_tags.py", line 299, in do_extends
    nodelist = parser.parse()
               ^^^^^^^^^^^^^^
  File "/home/pc/ProjectManagerDashboard/.venv/lib/python3.12/site-packages/django/template/base.py", line 518, in parse
    raise self.error(token, e)
  File "/home/pc/ProjectManagerDashboard/.venv/lib/python3.12/site-packages/django/template/base.py", line 516, in parse
    compiled_result = compile_func(self, token)
                      ^^^^^^^^^^^^^^^^^^^^^^^^^
  File "/home/pc/ProjectManagerDashboard/.venv/lib/python3.12/site-packages/django/template/loader_tags.py", line 234, in do_block
    nodelist = parser.parse(("endblock",))
               ^^^^^^^^^^^^^^^^^^^^^^^^^^^
  File "/home/pc/ProjectManagerDashboard/.venv/lib/python3.12/site-packages/django/template/base.py", line 489, in parse
    raise self.error(token, e)
  File "/home/pc/ProjectManagerDashboard/.venv/lib/python3.12/site-packages/django/template/base.py", line 487, in parse
    filter_expression = self.compile_filter(token.contents)
                        ^^^^^^^^^^^^^^^^^^^^^^^^^^^^^^^^^^^
  File "/home/pc/ProjectManagerDashboard/.venv/lib/python3.12/site-packages/django/template/base.py", line 609, in compile_filter
    return FilterExpression(token, self)
           ^^^^^^^^^^^^^^^^^^^^^^^^^^^^^
  File "/home/pc/ProjectManagerDashboard/.venv/lib/python3.12/site-packages/django/template/base.py", line 682, in __init__
    raise TemplateSyntaxError(
django.template.exceptions.TemplateSyntaxError: Could not parse some characters: subprojects_financial.total_remaining| or 0||default:"0"
ERROR 2026-09-29 18:27:36,377 basehttp 10237 139518770775744 "GET /dashboard/dashboard/province-manager/ HTTP/1.1" 500 145
ERROR 2026-09-29 18:27:54,727 log 10249 134774389733056 Internal Server Error: /dashboard/dashboard/province-manager/
Traceback (most recent call last):
  File "/home/pc/ProjectManagerDashboard/.venv/lib/python3.12/site-packages/django/core/handlers/exception.py", line 55, in inner
    response = get_response(request)
               ^^^^^^^^^^^^^^^^^^^^^
  File "/home/pc/ProjectManagerDashboard/.venv/lib/python3.12/site-packages/django/core/handlers/base.py", line 197, in _get_response
    response = wrapped_callback(request, *callback_args, **callback_kwargs)
               ^^^^^^^^^^^^^^^^^^^^^^^^^^^^^^^^^^^^^^^^^^^^^^^^^^^^^^^^^^^^
  File "/home/pc/ProjectManagerDashboard/.venv/lib/python3.12/site-packages/django/contrib/auth/decorators.py", line 59, in _view_wrapper
    return view_func(request, *args, **kwargs)
           ^^^^^^^^^^^^^^^^^^^^^^^^^^^^^^^^^^^
  File "/home/pc/ProjectManagerDashboard/dashboard/views.py", line 730, in province_manager_dashboard
    return render(request, 'dashboard/province_manager_dashboard.html', context)
           ^^^^^^^^^^^^^^^^^^^^^^^^^^^^^^^^^^^^^^^^^^^^^^^^^^^^^^^^^^^^^^^^^^^^^
  File "/home/pc/ProjectManagerDashboard/.venv/lib/python3.12/site-packages/django/shortcuts.py", line 25, in render
    content = loader.render_to_string(template_name, context, request, using=using)
              ^^^^^^^^^^^^^^^^^^^^^^^^^^^^^^^^^^^^^^^^^^^^^^^^^^^^^^^^^^^^^^^^^^^^^
  File "/home/pc/ProjectManagerDashboard/.venv/lib/python3.12/site-packages/django/template/loader.py", line 61, in render_to_string
    template = get_template(template_name, using=using)
               ^^^^^^^^^^^^^^^^^^^^^^^^^^^^^^^^^^^^^^^^
  File "/home/pc/ProjectManagerDashboard/.venv/lib/python3.12/site-packages/django/template/loader.py", line 15, in get_template
    return engine.get_template(template_name)
           ^^^^^^^^^^^^^^^^^^^^^^^^^^^^^^^^^^
  File "/home/pc/ProjectManagerDashboard/.venv/lib/python3.12/site-packages/django/template/backends/django.py", line 79, in get_template
    return Template(self.engine.get_template(template_name), self)
                    ^^^^^^^^^^^^^^^^^^^^^^^^^^^^^^^^^^^^^^^
  File "/home/pc/ProjectManagerDashboard/.venv/lib/python3.12/site-packages/django/template/engine.py", line 177, in get_template
    template, origin = self.find_template(template_name)
                       ^^^^^^^^^^^^^^^^^^^^^^^^^^^^^^^^^
  File "/home/pc/ProjectManagerDashboard/.venv/lib/python3.12/site-packages/django/template/engine.py", line 159, in find_template
    template = loader.get_template(name, skip=skip)
               ^^^^^^^^^^^^^^^^^^^^^^^^^^^^^^^^^^^^
  File "/home/pc/ProjectManagerDashboard/.venv/lib/python3.12/site-packages/django/template/loaders/cached.py", line 57, in get_template
    template = super().get_template(template_name, skip)
               ^^^^^^^^^^^^^^^^^^^^^^^^^^^^^^^^^^^^^^^^^
  File "/home/pc/ProjectManagerDashboard/.venv/lib/python3.12/site-packages/django/template/loaders/base.py", line 28, in get_template
    return Template(
           ^^^^^^^^^
  File "/home/pc/ProjectManagerDashboard/.venv/lib/python3.12/site-packages/django/template/base.py", line 154, in __init__
    self.nodelist = self.compile_nodelist()
                    ^^^^^^^^^^^^^^^^^^^^^^^
  File "/home/pc/ProjectManagerDashboard/.venv/lib/python3.12/site-packages/django/template/base.py", line 196, in compile_nodelist
    nodelist = parser.parse()
               ^^^^^^^^^^^^^^
  File "/home/pc/ProjectManagerDashboard/.venv/lib/python3.12/site-packages/django/template/base.py", line 518, in parse
    raise self.error(token, e)
  File "/home/pc/ProjectManagerDashboard/.venv/lib/python3.12/site-packages/django/template/base.py", line 516, in parse
    compiled_result = compile_func(self, token)
                      ^^^^^^^^^^^^^^^^^^^^^^^^^
  File "/home/pc/ProjectManagerDashboard/.venv/lib/python3.12/site-packages/django/template/loader_tags.py", line 299, in do_extends
    nodelist = parser.parse()
               ^^^^^^^^^^^^^^
  File "/home/pc/ProjectManagerDashboard/.venv/lib/python3.12/site-packages/django/template/base.py", line 518, in parse
    raise self.error(token, e)
  File "/home/pc/ProjectManagerDashboard/.venv/lib/python3.12/site-packages/django/template/base.py", line 516, in parse
    compiled_result = compile_func(self, token)
                      ^^^^^^^^^^^^^^^^^^^^^^^^^
  File "/home/pc/ProjectManagerDashboard/.venv/lib/python3.12/site-packages/django/template/loader_tags.py", line 234, in do_block
    nodelist = parser.parse(("endblock",))
               ^^^^^^^^^^^^^^^^^^^^^^^^^^^
  File "/home/pc/ProjectManagerDashboard/.venv/lib/python3.12/site-packages/django/template/base.py", line 489, in parse
    raise self.error(token, e)
  File "/home/pc/ProjectManagerDashboard/.venv/lib/python3.12/site-packages/django/template/base.py", line 487, in parse
    filter_expression = self.compile_filter(token.contents)
                        ^^^^^^^^^^^^^^^^^^^^^^^^^^^^^^^^^^^
  File "/home/pc/ProjectManagerDashboard/.venv/lib/python3.12/site-packages/django/template/base.py", line 609, in compile_filter
    return FilterExpression(token, self)
           ^^^^^^^^^^^^^^^^^^^^^^^^^^^^^
  File "/home/pc/ProjectManagerDashboard/.venv/lib/python3.12/site-packages/django/template/base.py", line 682, in __init__
    raise TemplateSyntaxError(
django.template.exceptions.TemplateSyntaxError: Could not parse some characters: subprojects_financial.total_remaining| or 0||default:"0"
ERROR 2026-09-29 18:27:54,727 log 10249 134774389733056 Internal Server Error: /dashboard/dashboard/province-manager/
Traceback (most recent call last):
  File "/home/pc/ProjectManagerDashboard/.venv/lib/python3.12/site-packages/django/core/handlers/exception.py", line 55, in inner
    response = get_response(request)
               ^^^^^^^^^^^^^^^^^^^^^
  File "/home/pc/ProjectManagerDashboard/.venv/lib/python3.12/site-packages/django/core/handlers/base.py", line 197, in _get_response
    response = wrapped_callback(request, *callback_args, **callback_kwargs)
               ^^^^^^^^^^^^^^^^^^^^^^^^^^^^^^^^^^^^^^^^^^^^^^^^^^^^^^^^^^^^
  File "/home/pc/ProjectManagerDashboard/.venv/lib/python3.12/site-packages/django/contrib/auth/decorators.py", line 59, in _view_wrapper
    return view_func(request, *args, **kwargs)
           ^^^^^^^^^^^^^^^^^^^^^^^^^^^^^^^^^^^
  File "/home/pc/ProjectManagerDashboard/dashboard/views.py", line 730, in province_manager_dashboard
    return render(request, 'dashboard/province_manager_dashboard.html', context)
           ^^^^^^^^^^^^^^^^^^^^^^^^^^^^^^^^^^^^^^^^^^^^^^^^^^^^^^^^^^^^^^^^^^^^^
  File "/home/pc/ProjectManagerDashboard/.venv/lib/python3.12/site-packages/django/shortcuts.py", line 25, in render
    content = loader.render_to_string(template_name, context, request, using=using)
              ^^^^^^^^^^^^^^^^^^^^^^^^^^^^^^^^^^^^^^^^^^^^^^^^^^^^^^^^^^^^^^^^^^^^^
  File "/home/pc/ProjectManagerDashboard/.venv/lib/python3.12/site-packages/django/template/loader.py", line 61, in render_to_string
    template = get_template(template_name, using=using)
               ^^^^^^^^^^^^^^^^^^^^^^^^^^^^^^^^^^^^^^^^
  File "/home/pc/ProjectManagerDashboard/.venv/lib/python3.12/site-packages/django/template/loader.py", line 15, in get_template
    return engine.get_template(template_name)
           ^^^^^^^^^^^^^^^^^^^^^^^^^^^^^^^^^^
  File "/home/pc/ProjectManagerDashboard/.venv/lib/python3.12/site-packages/django/template/backends/django.py", line 79, in get_template
    return Template(self.engine.get_template(template_name), self)
                    ^^^^^^^^^^^^^^^^^^^^^^^^^^^^^^^^^^^^^^^
  File "/home/pc/ProjectManagerDashboard/.venv/lib/python3.12/site-packages/django/template/engine.py", line 177, in get_template
    template, origin = self.find_template(template_name)
                       ^^^^^^^^^^^^^^^^^^^^^^^^^^^^^^^^^
  File "/home/pc/ProjectManagerDashboard/.venv/lib/python3.12/site-packages/django/template/engine.py", line 159, in find_template
    template = loader.get_template(name, skip=skip)
               ^^^^^^^^^^^^^^^^^^^^^^^^^^^^^^^^^^^^
  File "/home/pc/ProjectManagerDashboard/.venv/lib/python3.12/site-packages/django/template/loaders/cached.py", line 57, in get_template
    template = super().get_template(template_name, skip)
               ^^^^^^^^^^^^^^^^^^^^^^^^^^^^^^^^^^^^^^^^^
  File "/home/pc/ProjectManagerDashboard/.venv/lib/python3.12/site-packages/django/template/loaders/base.py", line 28, in get_template
    return Template(
           ^^^^^^^^^
  File "/home/pc/ProjectManagerDashboard/.venv/lib/python3.12/site-packages/django/template/base.py", line 154, in __init__
    self.nodelist = self.compile_nodelist()
                    ^^^^^^^^^^^^^^^^^^^^^^^
  File "/home/pc/ProjectManagerDashboard/.venv/lib/python3.12/site-packages/django/template/base.py", line 196, in compile_nodelist
    nodelist = parser.parse()
               ^^^^^^^^^^^^^^
  File "/home/pc/ProjectManagerDashboard/.venv/lib/python3.12/site-packages/django/template/base.py", line 518, in parse
    raise self.error(token, e)
  File "/home/pc/ProjectManagerDashboard/.venv/lib/python3.12/site-packages/django/template/base.py", line 516, in parse
    compiled_result = compile_func(self, token)
                      ^^^^^^^^^^^^^^^^^^^^^^^^^
  File "/home/pc/ProjectManagerDashboard/.venv/lib/python3.12/site-packages/django/template/loader_tags.py", line 299, in do_extends
    nodelist = parser.parse()
               ^^^^^^^^^^^^^^
  File "/home/pc/ProjectManagerDashboard/.venv/lib/python3.12/site-packages/django/template/base.py", line 518, in parse
    raise self.error(token, e)
  File "/home/pc/ProjectManagerDashboard/.venv/lib/python3.12/site-packages/django/template/base.py", line 516, in parse
    compiled_result = compile_func(self, token)
                      ^^^^^^^^^^^^^^^^^^^^^^^^^
  File "/home/pc/ProjectManagerDashboard/.venv/lib/python3.12/site-packages/django/template/loader_tags.py", line 234, in do_block
    nodelist = parser.parse(("endblock",))
               ^^^^^^^^^^^^^^^^^^^^^^^^^^^
  File "/home/pc/ProjectManagerDashboard/.venv/lib/python3.12/site-packages/django/template/base.py", line 489, in parse
    raise self.error(token, e)
  File "/home/pc/ProjectManagerDashboard/.venv/lib/python3.12/site-packages/django/template/base.py", line 487, in parse
    filter_expression = self.compile_filter(token.contents)
                        ^^^^^^^^^^^^^^^^^^^^^^^^^^^^^^^^^^^
  File "/home/pc/ProjectManagerDashboard/.venv/lib/python3.12/site-packages/django/template/base.py", line 609, in compile_filter
    return FilterExpression(token, self)
           ^^^^^^^^^^^^^^^^^^^^^^^^^^^^^
  File "/home/pc/ProjectManagerDashboard/.venv/lib/python3.12/site-packages/django/template/base.py", line 682, in __init__
    raise TemplateSyntaxError(
django.template.exceptions.TemplateSyntaxError: Could not parse some characters: subprojects_financial.total_remaining| or 0||default:"0"
ERROR 2026-09-29 18:27:54,739 basehttp 10249 134774389733056 "GET /dashboard/dashboard/province-manager/ HTTP/1.1" 500 145
ERROR 2026-09-29 18:27:56,251 log 10249 134774389733056 Internal Server Error: /dashboard/dashboard/province-manager/
Traceback (most recent call last):
  File "/home/pc/ProjectManagerDashboard/.venv/lib/python3.12/site-packages/django/core/handlers/exception.py", line 55, in inner
    response = get_response(request)
               ^^^^^^^^^^^^^^^^^^^^^
  File "/home/pc/ProjectManagerDashboard/.venv/lib/python3.12/site-packages/django/core/handlers/base.py", line 197, in _get_response
    response = wrapped_callback(request, *callback_args, **callback_kwargs)
               ^^^^^^^^^^^^^^^^^^^^^^^^^^^^^^^^^^^^^^^^^^^^^^^^^^^^^^^^^^^^
  File "/home/pc/ProjectManagerDashboard/.venv/lib/python3.12/site-packages/django/contrib/auth/decorators.py", line 59, in _view_wrapper
    return view_func(request, *args, **kwargs)
           ^^^^^^^^^^^^^^^^^^^^^^^^^^^^^^^^^^^
  File "/home/pc/ProjectManagerDashboard/dashboard/views.py", line 730, in province_manager_dashboard
    return render(request, 'dashboard/province_manager_dashboard.html', context)
           ^^^^^^^^^^^^^^^^^^^^^^^^^^^^^^^^^^^^^^^^^^^^^^^^^^^^^^^^^^^^^^^^^^^^^
  File "/home/pc/ProjectManagerDashboard/.venv/lib/python3.12/site-packages/django/shortcuts.py", line 25, in render
    content = loader.render_to_string(template_name, context, request, using=using)
              ^^^^^^^^^^^^^^^^^^^^^^^^^^^^^^^^^^^^^^^^^^^^^^^^^^^^^^^^^^^^^^^^^^^^^
  File "/home/pc/ProjectManagerDashboard/.venv/lib/python3.12/site-packages/django/template/loader.py", line 61, in render_to_string
    template = get_template(template_name, using=using)
               ^^^^^^^^^^^^^^^^^^^^^^^^^^^^^^^^^^^^^^^^
  File "/home/pc/ProjectManagerDashboard/.venv/lib/python3.12/site-packages/django/template/loader.py", line 15, in get_template
    return engine.get_template(template_name)
           ^^^^^^^^^^^^^^^^^^^^^^^^^^^^^^^^^^
  File "/home/pc/ProjectManagerDashboard/.venv/lib/python3.12/site-packages/django/template/backends/django.py", line 79, in get_template
    return Template(self.engine.get_template(template_name), self)
                    ^^^^^^^^^^^^^^^^^^^^^^^^^^^^^^^^^^^^^^^
  File "/home/pc/ProjectManagerDashboard/.venv/lib/python3.12/site-packages/django/template/engine.py", line 177, in get_template
    template, origin = self.find_template(template_name)
                       ^^^^^^^^^^^^^^^^^^^^^^^^^^^^^^^^^
  File "/home/pc/ProjectManagerDashboard/.venv/lib/python3.12/site-packages/django/template/engine.py", line 159, in find_template
    template = loader.get_template(name, skip=skip)
               ^^^^^^^^^^^^^^^^^^^^^^^^^^^^^^^^^^^^
  File "/home/pc/ProjectManagerDashboard/.venv/lib/python3.12/site-packages/django/template/loaders/cached.py", line 57, in get_template
    template = super().get_template(template_name, skip)
               ^^^^^^^^^^^^^^^^^^^^^^^^^^^^^^^^^^^^^^^^^
  File "/home/pc/ProjectManagerDashboard/.venv/lib/python3.12/site-packages/django/template/loaders/base.py", line 28, in get_template
    return Template(
           ^^^^^^^^^
  File "/home/pc/ProjectManagerDashboard/.venv/lib/python3.12/site-packages/django/template/base.py", line 154, in __init__
    self.nodelist = self.compile_nodelist()
                    ^^^^^^^^^^^^^^^^^^^^^^^
  File "/home/pc/ProjectManagerDashboard/.venv/lib/python3.12/site-packages/django/template/base.py", line 196, in compile_nodelist
    nodelist = parser.parse()
               ^^^^^^^^^^^^^^
  File "/home/pc/ProjectManagerDashboard/.venv/lib/python3.12/site-packages/django/template/base.py", line 518, in parse
    raise self.error(token, e)
  File "/home/pc/ProjectManagerDashboard/.venv/lib/python3.12/site-packages/django/template/base.py", line 516, in parse
    compiled_result = compile_func(self, token)
                      ^^^^^^^^^^^^^^^^^^^^^^^^^
  File "/home/pc/ProjectManagerDashboard/.venv/lib/python3.12/site-packages/django/template/loader_tags.py", line 299, in do_extends
    nodelist = parser.parse()
               ^^^^^^^^^^^^^^
  File "/home/pc/ProjectManagerDashboard/.venv/lib/python3.12/site-packages/django/template/base.py", line 518, in parse
    raise self.error(token, e)
  File "/home/pc/ProjectManagerDashboard/.venv/lib/python3.12/site-packages/django/template/base.py", line 516, in parse
    compiled_result = compile_func(self, token)
                      ^^^^^^^^^^^^^^^^^^^^^^^^^
  File "/home/pc/ProjectManagerDashboard/.venv/lib/python3.12/site-packages/django/template/loader_tags.py", line 234, in do_block
    nodelist = parser.parse(("endblock",))
               ^^^^^^^^^^^^^^^^^^^^^^^^^^^
  File "/home/pc/ProjectManagerDashboard/.venv/lib/python3.12/site-packages/django/template/base.py", line 489, in parse
    raise self.error(token, e)
  File "/home/pc/ProjectManagerDashboard/.venv/lib/python3.12/site-packages/django/template/base.py", line 487, in parse
    filter_expression = self.compile_filter(token.contents)
                        ^^^^^^^^^^^^^^^^^^^^^^^^^^^^^^^^^^^
  File "/home/pc/ProjectManagerDashboard/.venv/lib/python3.12/site-packages/django/template/base.py", line 609, in compile_filter
    return FilterExpression(token, self)
           ^^^^^^^^^^^^^^^^^^^^^^^^^^^^^
  File "/home/pc/ProjectManagerDashboard/.venv/lib/python3.12/site-packages/django/template/base.py", line 682, in __init__
    raise TemplateSyntaxError(
django.template.exceptions.TemplateSyntaxError: Could not parse some characters: subprojects_financial.total_remaining| or 0||default:"0"
ERROR 2026-09-29 18:27:56,251 log 10249 134774389733056 Internal Server Error: /dashboard/dashboard/province-manager/
Traceback (most recent call last):
  File "/home/pc/ProjectManagerDashboard/.venv/lib/python3.12/site-packages/django/core/handlers/exception.py", line 55, in inner
    response = get_response(request)
               ^^^^^^^^^^^^^^^^^^^^^
  File "/home/pc/ProjectManagerDashboard/.venv/lib/python3.12/site-packages/django/core/handlers/base.py", line 197, in _get_response
    response = wrapped_callback(request, *callback_args, **callback_kwargs)
               ^^^^^^^^^^^^^^^^^^^^^^^^^^^^^^^^^^^^^^^^^^^^^^^^^^^^^^^^^^^^
  File "/home/pc/ProjectManagerDashboard/.venv/lib/python3.12/site-packages/django/contrib/auth/decorators.py", line 59, in _view_wrapper
    return view_func(request, *args, **kwargs)
           ^^^^^^^^^^^^^^^^^^^^^^^^^^^^^^^^^^^
  File "/home/pc/ProjectManagerDashboard/dashboard/views.py", line 730, in province_manager_dashboard
    return render(request, 'dashboard/province_manager_dashboard.html', context)
           ^^^^^^^^^^^^^^^^^^^^^^^^^^^^^^^^^^^^^^^^^^^^^^^^^^^^^^^^^^^^^^^^^^^^^
  File "/home/pc/ProjectManagerDashboard/.venv/lib/python3.12/site-packages/django/shortcuts.py", line 25, in render
    content = loader.render_to_string(template_name, context, request, using=using)
              ^^^^^^^^^^^^^^^^^^^^^^^^^^^^^^^^^^^^^^^^^^^^^^^^^^^^^^^^^^^^^^^^^^^^^
  File "/home/pc/ProjectManagerDashboard/.venv/lib/python3.12/site-packages/django/template/loader.py", line 61, in render_to_string
    template = get_template(template_name, using=using)
               ^^^^^^^^^^^^^^^^^^^^^^^^^^^^^^^^^^^^^^^^
  File "/home/pc/ProjectManagerDashboard/.venv/lib/python3.12/site-packages/django/template/loader.py", line 15, in get_template
    return engine.get_template(template_name)
           ^^^^^^^^^^^^^^^^^^^^^^^^^^^^^^^^^^
  File "/home/pc/ProjectManagerDashboard/.venv/lib/python3.12/site-packages/django/template/backends/django.py", line 79, in get_template
    return Template(self.engine.get_template(template_name), self)
                    ^^^^^^^^^^^^^^^^^^^^^^^^^^^^^^^^^^^^^^^
  File "/home/pc/ProjectManagerDashboard/.venv/lib/python3.12/site-packages/django/template/engine.py", line 177, in get_template
    template, origin = self.find_template(template_name)
                       ^^^^^^^^^^^^^^^^^^^^^^^^^^^^^^^^^
  File "/home/pc/ProjectManagerDashboard/.venv/lib/python3.12/site-packages/django/template/engine.py", line 159, in find_template
    template = loader.get_template(name, skip=skip)
               ^^^^^^^^^^^^^^^^^^^^^^^^^^^^^^^^^^^^
  File "/home/pc/ProjectManagerDashboard/.venv/lib/python3.12/site-packages/django/template/loaders/cached.py", line 57, in get_template
    template = super().get_template(template_name, skip)
               ^^^^^^^^^^^^^^^^^^^^^^^^^^^^^^^^^^^^^^^^^
  File "/home/pc/ProjectManagerDashboard/.venv/lib/python3.12/site-packages/django/template/loaders/base.py", line 28, in get_template
    return Template(
           ^^^^^^^^^
  File "/home/pc/ProjectManagerDashboard/.venv/lib/python3.12/site-packages/django/template/base.py", line 154, in __init__
    self.nodelist = self.compile_nodelist()
                    ^^^^^^^^^^^^^^^^^^^^^^^
  File "/home/pc/ProjectManagerDashboard/.venv/lib/python3.12/site-packages/django/template/base.py", line 196, in compile_nodelist
    nodelist = parser.parse()
               ^^^^^^^^^^^^^^
  File "/home/pc/ProjectManagerDashboard/.venv/lib/python3.12/site-packages/django/template/base.py", line 518, in parse
    raise self.error(token, e)
  File "/home/pc/ProjectManagerDashboard/.venv/lib/python3.12/site-packages/django/template/base.py", line 516, in parse
    compiled_result = compile_func(self, token)
                      ^^^^^^^^^^^^^^^^^^^^^^^^^
  File "/home/pc/ProjectManagerDashboard/.venv/lib/python3.12/site-packages/django/template/loader_tags.py", line 299, in do_extends
    nodelist = parser.parse()
               ^^^^^^^^^^^^^^
  File "/home/pc/ProjectManagerDashboard/.venv/lib/python3.12/site-packages/django/template/base.py", line 518, in parse
    raise self.error(token, e)
  File "/home/pc/ProjectManagerDashboard/.venv/lib/python3.12/site-packages/django/template/base.py", line 516, in parse
    compiled_result = compile_func(self, token)
                      ^^^^^^^^^^^^^^^^^^^^^^^^^
  File "/home/pc/ProjectManagerDashboard/.venv/lib/python3.12/site-packages/django/template/loader_tags.py", line 234, in do_block
    nodelist = parser.parse(("endblock",))
               ^^^^^^^^^^^^^^^^^^^^^^^^^^^
  File "/home/pc/ProjectManagerDashboard/.venv/lib/python3.12/site-packages/django/template/base.py", line 489, in parse
    raise self.error(token, e)
  File "/home/pc/ProjectManagerDashboard/.venv/lib/python3.12/site-packages/django/template/base.py", line 487, in parse
    filter_expression = self.compile_filter(token.contents)
                        ^^^^^^^^^^^^^^^^^^^^^^^^^^^^^^^^^^^
  File "/home/pc/ProjectManagerDashboard/.venv/lib/python3.12/site-packages/django/template/base.py", line 609, in compile_filter
    return FilterExpression(token, self)
           ^^^^^^^^^^^^^^^^^^^^^^^^^^^^^
  File "/home/pc/ProjectManagerDashboard/.venv/lib/python3.12/site-packages/django/template/base.py", line 682, in __init__
    raise TemplateSyntaxError(
django.template.exceptions.TemplateSyntaxError: Could not parse some characters: subprojects_financial.total_remaining| or 0||default:"0"
ERROR 2026-09-29 18:27:56,263 basehttp 10249 134774389733056 "GET /dashboard/dashboard/province-manager/ HTTP/1.1" 500 145
